"AllocatedMemoryInMb","AppAndRoleApplication","AppAndRoleBizTalkServer","AppAndRoleExchangeServer","AppAndRoleFeature","AppAndRoleOtherDatabase","AppAndRoleSharePointServer","AppAndRoleSqlServer","AppAndRoleSystemCenter","AppAndRoleWebApplication","BiosGuid","BiosSerialNumber","ClusterFqdn","ClusterId","CreatedTimestamp","Disk","DisplayName","Error","Firmware","Generation","GuestDetailsDiscoveryTimestamp","GuestOSDetailOsname","GuestOSDetailOstype","GuestOSDetailOsversion","HighAvailability","HostFqdn","HostId","Id","InstanceUuid","IsDeleted","IsDynamicMemoryEnabled","IsGuestDetailsDiscoveryInProgress","ManagementServerType","MaxMemoryMb","Name","NetworkAdapter","NumberOfApplication","NumberOfProcessorCore","OperatingSystemDetailOSName","OperatingSystemDetailOSType","OperatingSystemDetailOSVersion","PowerStatus","Type","UpdatedTimestamp","VMConfigurationFileLocation","VMFqdn","Version"
"16384",,,,,,,,,,"A121B655-7079-4170-9B51-DE7C37ADEFA9","8528-2837-8519-9268-2374-8420-82","HICP1326_CLU.olcc.lan","/subscriptions/bc602065-8f71-487b-9fa1-e872b4ce9a79/resourceGroups/rg-dcstratmig-prd-003/providers/Microsoft.OffAzure/HyperVSites/HYPV-AZ-MIGVA24225site/clusters/hicp1326-clu-olcc-lan-dfe304fe-4c9c-4a21-8ab7-565af1ada800","2025-02-11T20:29:34.0017813Z","Microsoft.Azure.PowerShell.Cmdlets.Migrate.Models.Api202001.IHyperVDisk[]","HICU2386","Microsoft.Azure.PowerShell.Cmdlets.Migrate.Models.Api202001.IHealthErrorDetails[]","UEFI","2","2/13/2025 3:21:02 AM","Microsoft Windows Server 2019 Standard","Windows","10.0.17763","Yes","HICP1326A",,"/subscriptions/bc602065-8f71-487b-9fa1-e872b4ce9a79/resourceGroups/rg-dcstratmig-prd-003/providers/Microsoft.OffAzure/HyperVSites/HYPV-AZ-MIGVA24225site/machines/12bd3500-1fa7-4912-88f9-22bb2f8e0a5a","12bd3500-1fa7-4912-88f9-22bb2f8e0a5a","False","False","False","Cluster","1048576","12bd3500-1fa7-4912-88f9-22bb2f8e0a5a","Microsoft.Azure.PowerShell.Cmdlets.Migrate.Models.Api202001.IHyperVNetworkAdapter[]","23","8","Windows Server 2019 Standard","windowsguest","10.0.17763","Running","Microsoft.OffAzure/HyperVSites/machines","2025-02-13T03:21:02.8414615Z","C:\ClusterStorage\Volume2\HICU2386\Virtual Machines\12BD3500-1FA7-4912-88F9-22BB2F8E0A5A.VMCX","HICU2386.olcc.lan","9.0"
"24576",,,,,,,,,,"28F5F597-EAFA-4BB9-8D58-DE06AA0216D9","4932-6270-2175-0405-4252-6210-64","HICP1310_Clu.olcc.lan","/subscriptions/bc602065-8f71-487b-9fa1-e872b4ce9a79/resourceGroups/rg-dcstratmig-prd-003/providers/Microsoft.OffAzure/HyperVSites/HYPV-AZ-MIGVA24225site/clusters/hicp1310-clu-olcc-lan-4fb0bd14-3fa8-4561-ad74-93b04087d47c","2025-02-11T20:29:34.2674156Z","Microsoft.Azure.PowerShell.Cmdlets.Migrate.Models.Api202001.IHyperVDisk[]","HICP3822","Microsoft.Azure.PowerShell.Cmdlets.Migrate.Models.Api202001.IHealthErrorDetails[]","UEFI","2","2/13/2025 3:20:44 AM","Red Hat Enterprise Linux","Linux","8.3","Yes","HICP1313",,"/subscriptions/bc602065-8f71-487b-9fa1-e872b4ce9a79/resourceGroups/rg-dcstratmig-prd-003/providers/Microsoft.OffAzure/HyperVSites/HYPV-AZ-MIGVA24225site/machines/15248842-84f2-4cc1-9651-8763775b72e6","15248842-84f2-4cc1-9651-8763775b72e6","False","False","False","Cluster","1048576","15248842-84f2-4cc1-9651-8763775b72e6","Microsoft.Azure.PowerShell.Cmdlets.Migrate.Models.Api202001.IHyperVNetworkAdapter[]","36","6","Red Hat Enterprise Linux","linuxguest","4.18.0","Running","Microsoft.OffAzure/HyperVSites/machines","2025-02-13T03:20:44.3410814Z","C:\ClusterStorage\Volume3\HICP3822\Virtual Machines\15248842-84F2-4CC1-9651-8763775B72E6.VMCX","HICP3822.olcc.lan","9.0"
"4096",,,,,,,,,,"28F5F597-EAFA-4BB9-8D58-DE06AA0216D9","4932-6270-2175-0405-4252-6210-64","HICP1310_Clu.olcc.lan","/subscriptions/bc602065-8f71-487b-9fa1-e872b4ce9a79/resourceGroups/rg-dcstratmig-prd-003/providers/Microsoft.OffAzure/HyperVSites/HYPV-AZ-MIGVA24225site/clusters/hicp1310-clu-olcc-lan-4fb0bd14-3fa8-4561-ad74-93b04087d47c","2025-02-11T20:29:34.7518090Z","Microsoft.Azure.PowerShell.Cmdlets.Migrate.Models.Api202001.IHyperVDisk[]","HICP3514","Microsoft.Azure.PowerShell.Cmdlets.Migrate.Models.Api202001.IHealthErrorDetails[]","UEFI","2",,,,,"Yes","HICP1316",,"/subscriptions/bc602065-8f71-487b-9fa1-e872b4ce9a79/resourceGroups/rg-dcstratmig-prd-003/providers/Microsoft.OffAzure/HyperVSites/HYPV-AZ-MIGVA24225site/machines/77267cb5-c10e-4186-9fca-263bbabcacd6","77267cb5-c10e-4186-9fca-263bbabcacd6","False","False","True","Cluster","1048576","77267cb5-c10e-4186-9fca-263bbabcacd6","Microsoft.Azure.PowerShell.Cmdlets.Migrate.Models.Api202001.IHyperVNetworkAdapter[]","-1","2",,"otherguestfamily",,"PowerOff","Microsoft.OffAzure/HyperVSites/machines","2025-02-13T03:22:11.3259856Z","C:\ClusterStorage\Volume3\HICP3514\Virtual Machines\77267CB5-C10E-4186-9FCA-263BBABCACD6.VMCX","","9.0"
"4096",,,,,,,,,,"7C3E7777-E056-4083-9F97-83B644B91169","5205-8532-0447-1875-7945-8688-57","HICP1326_CLU.olcc.lan","/subscriptions/bc602065-8f71-487b-9fa1-e872b4ce9a79/resourceGroups/rg-dcstratmig-prd-003/providers/Microsoft.OffAzure/HyperVSites/HYPV-AZ-MIGVA24225site/clusters/hicp1326-clu-olcc-lan-dfe304fe-4c9c-4a21-8ab7-565af1ada800","2025-02-11T20:29:35.0018287Z","Microsoft.Azure.PowerShell.Cmdlets.Migrate.Models.Api202001.IHyperVDisk[]","HICT2902A","Microsoft.Azure.PowerShell.Cmdlets.Migrate.Models.Api202001.IHealthErrorDetails[]","UEFI","2","2/13/2025 3:19:11 AM","Microsoft Windows Server 2019 Standard","Windows","10.0.17763","Yes","HICP1326B",,"/subscriptions/bc602065-8f71-487b-9fa1-e872b4ce9a79/resourceGroups/rg-dcstratmig-prd-003/providers/Microsoft.OffAzure/HyperVSites/HYPV-AZ-MIGVA24225site/machines/0fd26733-1490-4f3a-a8c0-e3749651dee2","0fd26733-1490-4f3a-a8c0-e3749651dee2","False","False","False","Cluster","1048576","0fd26733-1490-4f3a-a8c0-e3749651dee2","Microsoft.Azure.PowerShell.Cmdlets.Migrate.Models.Api202001.IHyperVNetworkAdapter[]","21","2","Windows Server 2019 Standard","windowsguest","10.0.17763","Running","Microsoft.OffAzure/HyperVSites/machines","2025-02-13T15:05:55.4656224Z","C:\ClusterStorage\Volume1\HICT2902A\Virtual Machines\0FD26733-1490-4F3A-A8C0-E3749651DEE2.VMCX","HICT2902A.olcc.lan","9.0"
"4096",,,,,,,,,,"42398880-3CBE-4A19-8C5A-BBCEDE9091DB","5128-5747-2102-4494-5595-1644-18","HICP1310_Clu.olcc.lan","/subscriptions/bc602065-8f71-487b-9fa1-e872b4ce9a79/resourceGroups/rg-dcstratmig-prd-003/providers/Microsoft.OffAzure/HyperVSites/HYPV-AZ-MIGVA24225site/clusters/hicp1310-clu-olcc-lan-4fb0bd14-3fa8-4561-ad74-93b04087d47c","2025-02-11T20:29:35.2518155Z","Microsoft.Azure.PowerShell.Cmdlets.Migrate.Models.Api202001.IHyperVDisk[]","HICP2190","Microsoft.Azure.PowerShell.Cmdlets.Migrate.Models.Api202001.IHealthErrorDetails[]","UEFI","2",,,,,"Yes","HICP1319",,"/subscriptions/bc602065-8f71-487b-9fa1-e872b4ce9a79/resourceGroups/rg-dcstratmig-prd-003/providers/Microsoft.OffAzure/HyperVSites/HYPV-AZ-MIGVA24225site/machines/85be74c4-157c-4b47-bb27-77a77467afc8","85be74c4-157c-4b47-bb27-77a77467afc8","False","False","True","Cluster","1048576","85be74c4-157c-4b47-bb27-77a77467afc8","Microsoft.Azure.PowerShell.Cmdlets.Migrate.Models.Api202001.IHyperVNetworkAdapter[]","-1","2","Windows 10 Enterprise","windowsguest","10.0.19045","Running","Microsoft.OffAzure/HyperVSites/machines","2025-02-13T03:22:01.5651485Z","C:\ClusterStorage\Volume3\HICP2190\Virtual Machines\85BE74C4-157C-4B47-BB27-77A77467AFC8.VMCX","HICP2190.olcc.lan","9.0"
"8192",,,,,,,,,,"A428025E-AB03-4025-AE1D-C2B61F506731","5674-9466-4039-4075-0262-5305-64","HICP1326_CLU.olcc.lan","/subscriptions/bc602065-8f71-487b-9fa1-e872b4ce9a79/resourceGroups/rg-dcstratmig-prd-003/providers/Microsoft.OffAzure/HyperVSites/HYPV-AZ-MIGVA24225site/clusters/hicp1326-clu-olcc-lan-dfe304fe-4c9c-4a21-8ab7-565af1ada800","2025-02-11T20:29:35.7517993Z","Microsoft.Azure.PowerShell.Cmdlets.Migrate.Models.Api202001.IHyperVDisk[]","HICU2225A","Microsoft.Azure.PowerShell.Cmdlets.Migrate.Models.Api202001.IHealthErrorDetails[]","UEFI","2","2/13/2025 3:19:36 AM","Microsoft Windows Server 2019 Standard","Windows","10.0.17763","Yes","HICP1326C",,"/subscriptions/bc602065-8f71-487b-9fa1-e872b4ce9a79/resourceGroups/rg-dcstratmig-prd-003/providers/Microsoft.OffAzure/HyperVSites/HYPV-AZ-MIGVA24225site/machines/f0396029-5719-46ae-83df-9fa353710db6","f0396029-5719-46ae-83df-9fa353710db6","False","False","False","Cluster","1048576","f0396029-5719-46ae-83df-9fa353710db6","Microsoft.Azure.PowerShell.Cmdlets.Migrate.Models.Api202001.IHyperVNetworkAdapter[]","23","4","Windows Server 2019 Standard","windowsguest","10.0.17763","Running","Microsoft.OffAzure/HyperVSites/machines","2025-02-13T15:05:55.5905467Z","C:\ClusterStorage\Volume1\HICU2225A\Virtual Machines\F0396029-5719-46AE-83DF-9FA353710DB6.VMCX","HICU2225A.olcc.lan","9.0"
"8192",,,,,,,,,,"6831A029-6747-4D8A-8E63-D8173B23D859","1744-6470-8688-5560-4044-4469-42","HICP1310_Clu.olcc.lan","/subscriptions/bc602065-8f71-487b-9fa1-e872b4ce9a79/resourceGroups/rg-dcstratmig-prd-003/providers/Microsoft.OffAzure/HyperVSites/HYPV-AZ-MIGVA24225site/clusters/hicp1310-clu-olcc-lan-4fb0bd14-3fa8-4561-ad74-93b04087d47c","2025-02-11T20:29:36.0018262Z","Microsoft.Azure.PowerShell.Cmdlets.Migrate.Models.Api202001.IHyperVDisk[]","HICP2005","Microsoft.Azure.PowerShell.Cmdlets.Migrate.Models.Api202001.IHealthErrorDetails[]","BIOS","1",,,,,"Yes","HICP1311",,"/subscriptions/bc602065-8f71-487b-9fa1-e872b4ce9a79/resourceGroups/rg-dcstratmig-prd-003/providers/Microsoft.OffAzure/HyperVSites/HYPV-AZ-MIGVA24225site/machines/acc705f4-cbe0-4259-9062-ba138758a840","acc705f4-cbe0-4259-9062-ba138758a840","False","False","True","Cluster","65536","acc705f4-cbe0-4259-9062-ba138758a840","Microsoft.Azure.PowerShell.Cmdlets.Migrate.Models.Api202001.IHyperVNetworkAdapter[]","-1","4",,"otherguestfamily",,"Running","Microsoft.OffAzure/HyperVSites/machines","2025-02-13T03:22:24.6542744Z","C:\ClusterStorage\Volume3\HICP2005\Virtual Machines\ACC705F4-CBE0-4259-9062-BA138758A840.VMCX","","9.0"
"2048",,,,,,,,,,"C7DA4F4C-6873-4F99-A651-39B85A273555","9050-9377-4340-5394-8396-1447-93","HICP1326_CLU.olcc.lan","/subscriptions/bc602065-8f71-487b-9fa1-e872b4ce9a79/resourceGroups/rg-dcstratmig-prd-003/providers/Microsoft.OffAzure/HyperVSites/HYPV-AZ-MIGVA24225site/clusters/hicp1326-clu-olcc-lan-dfe304fe-4c9c-4a21-8ab7-565af1ada800","2025-02-11T20:29:36.2518341Z","Microsoft.Azure.PowerShell.Cmdlets.Migrate.Models.Api202001.IHyperVDisk[]","OLSOLRUAT","Microsoft.Azure.PowerShell.Cmdlets.Migrate.Models.Api202001.IHealthErrorDetails[]","BIOS","1",,,,,"Yes","HICP1326B",,"/subscriptions/bc602065-8f71-487b-9fa1-e872b4ce9a79/resourceGroups/rg-dcstratmig-prd-003/providers/Microsoft.OffAzure/HyperVSites/HYPV-AZ-MIGVA24225site/machines/6a6a8183-89eb-4f3a-a4d1-50f56803266b","6a6a8183-89eb-4f3a-a4d1-50f56803266b","False","False","True","Cluster","65536","6a6a8183-89eb-4f3a-a4d1-50f56803266b","Microsoft.Azure.PowerShell.Cmdlets.Migrate.Models.Api202001.IHyperVNetworkAdapter[]","-1","1",,"otherguestfamily",,"Running","Microsoft.OffAzure/HyperVSites/machines","2025-02-13T03:46:57.8289423Z","C:\ClusterStorage\Volume1\OLSOLRUAT\Virtual Machines\6A6A8183-89EB-4F3A-A4D1-50F56803266B.VMCX","","9.0"
"24576",,,,,,,,,,"393F37A0-D0BF-4E78-992E-5C768C466D83","8802-8527-6929-5853-2777-2331-19","HICP1310_Clu.olcc.lan","/subscriptions/bc602065-8f71-487b-9fa1-e872b4ce9a79/resourceGroups/rg-dcstratmig-prd-003/providers/Microsoft.OffAzure/HyperVSites/HYPV-AZ-MIGVA24225site/clusters/hicp1310-clu-olcc-lan-4fb0bd14-3fa8-4561-ad74-93b04087d47c","2025-02-11T20:29:36.5018217Z","Microsoft.Azure.PowerShell.Cmdlets.Migrate.Models.Api202001.IHyperVDisk[]","HICP3813","Microsoft.Azure.PowerShell.Cmdlets.Migrate.Models.Api202001.IHealthErrorDetails[]","UEFI","2","2/13/2025 3:21:02 AM","Red Hat Enterprise Linux","Linux","8.4","Yes","HICP1311",,"/subscriptions/bc602065-8f71-487b-9fa1-e872b4ce9a79/resourceGroups/rg-dcstratmig-prd-003/providers/Microsoft.OffAzure/HyperVSites/HYPV-AZ-MIGVA24225site/machines/6a90a9cb-da73-43a1-8966-7e2b4ad64241","6a90a9cb-da73-43a1-8966-7e2b4ad64241","False","False","False","Cluster","1048576","6a90a9cb-da73-43a1-8966-7e2b4ad64241","Microsoft.Azure.PowerShell.Cmdlets.Migrate.Models.Api202001.IHyperVNetworkAdapter[]","66","6","Red Hat Enterprise Linux","linuxguest","4.18.0","Running","Microsoft.OffAzure/HyperVSites/machines","2025-02-13T03:21:02.0914447Z","C:\ClusterStorage\Volume13\HICP3813\Virtual Machines\6A90A9CB-DA73-43A1-8966-7E2B4AD64241.VMCX","HICP3813.olcc.lan","9.0"
"4096",,,,,,,,,,"6E197B85-DC41-4E13-B1CE-D342027333EB","9723-3618-0759-7188-0342-2252-57","HICP1310_Clu.olcc.lan","/subscriptions/bc602065-8f71-487b-9fa1-e872b4ce9a79/resourceGroups/rg-dcstratmig-prd-003/providers/Microsoft.OffAzure/HyperVSites/HYPV-AZ-MIGVA24225site/clusters/hicp1310-clu-olcc-lan-4fb0bd14-3fa8-4561-ad74-93b04087d47c","2025-02-11T20:29:36.7518314Z","Microsoft.Azure.PowerShell.Cmdlets.Migrate.Models.Api202001.IHyperVDisk[]","OLLINADM","Microsoft.Azure.PowerShell.Cmdlets.Migrate.Models.Api202001.IHealthErrorDetails[]","BIOS","1",,,,,"Yes","HICP1319",,"/subscriptions/bc602065-8f71-487b-9fa1-e872b4ce9a79/resourceGroups/rg-dcstratmig-prd-003/providers/Microsoft.OffAzure/HyperVSites/HYPV-AZ-MIGVA24225site/machines/b6544678-676f-4627-88ae-a304b1cec17d","b6544678-676f-4627-88ae-a304b1cec17d","False","False","True","Cluster","65536","b6544678-676f-4627-88ae-a304b1cec17d","Microsoft.Azure.PowerShell.Cmdlets.Migrate.Models.Api202001.IHyperVNetworkAdapter[]","-1","2",,"otherguestfamily",,"Running","Microsoft.OffAzure/HyperVSites/machines","2025-02-13T03:22:14.5760447Z","C:\ClusterStorage\Volume2\OLLINADM\Virtual Machines\B6544678-676F-4627-88AE-A304B1CEC17D.VMCX","","9.0"
"20480",,,,,,,,,,"3D7BD7A2-4B82-487A-B1BB-CD22E8D118A9","2290-8197-3651-3415-9394-0255-58","HICP1326_CLU.olcc.lan","/subscriptions/bc602065-8f71-487b-9fa1-e872b4ce9a79/resourceGroups/rg-dcstratmig-prd-003/providers/Microsoft.OffAzure/HyperVSites/HYPV-AZ-MIGVA24225site/clusters/hicp1326-clu-olcc-lan-dfe304fe-4c9c-4a21-8ab7-565af1ada800","2025-02-11T20:29:37.0039493Z","Microsoft.Azure.PowerShell.Cmdlets.Migrate.Models.Api202001.IHyperVDisk[]","HICU2180B","Microsoft.Azure.PowerShell.Cmdlets.Migrate.Models.Api202001.IHealthErrorDetails[]","UEFI","2","2/13/2025 3:21:10 AM","Microsoft Windows Server 2016 Standard","Windows","10.0.14393","Yes","HICP1326C",,"/subscriptions/bc602065-8f71-487b-9fa1-e872b4ce9a79/resourceGroups/rg-dcstratmig-prd-003/providers/Microsoft.OffAzure/HyperVSites/HYPV-AZ-MIGVA24225site/machines/a0148f9a-538d-4c27-9f39-76f0ff9fd2f8","a0148f9a-538d-4c27-9f39-76f0ff9fd2f8","False","False","False","Cluster","1048576","a0148f9a-538d-4c27-9f39-76f0ff9fd2f8","Microsoft.Azure.PowerShell.Cmdlets.Migrate.Models.Api202001.IHyperVNetworkAdapter[]","24","8","Windows Server 2016 Standard","windowsguest","10.0.14393","Running","Microsoft.OffAzure/HyperVSites/machines","2025-02-13T03:22:58.1890051Z","C:\ClusterStorage\Volume1\HICU2180B\Virtual Machines\A0148F9A-538D-4C27-9F39-76F0FF9FD2F8.VMCX","HICU2180B.olcc.lan","9.0"
"16384",,,,,,,,,,"D7227221-E2A0-44FE-A20F-128C205F1E17","7105-5800-8470-2624-2243-6224-31","HICP1310_Clu.olcc.lan","/subscriptions/bc602065-8f71-487b-9fa1-e872b4ce9a79/resourceGroups/rg-dcstratmig-prd-003/providers/Microsoft.OffAzure/HyperVSites/HYPV-AZ-MIGVA24225site/clusters/hicp1310-clu-olcc-lan-4fb0bd14-3fa8-4561-ad74-93b04087d47c","2025-02-11T20:29:37.2539799Z","Microsoft.Azure.PowerShell.Cmdlets.Migrate.Models.Api202001.IHyperVDisk[]","DC01-NSP-01","Microsoft.Azure.PowerShell.Cmdlets.Migrate.Models.Api202001.IHealthErrorDetails[]","BIOS","1","2/13/2025 3:20:03 AM","Microsoft Windows Server 2016 Standard","Windows","10.0.14393","Yes","HICP1314",,"/subscriptions/bc602065-8f71-487b-9fa1-e872b4ce9a79/resourceGroups/rg-dcstratmig-prd-003/providers/Microsoft.OffAzure/HyperVSites/HYPV-AZ-MIGVA24225site/machines/a159f4fc-0011-4690-9bd8-80d626fb42ed","a159f4fc-0011-4690-9bd8-80d626fb42ed","False","False","False","Cluster","65536","a159f4fc-0011-4690-9bd8-80d626fb42ed","Microsoft.Azure.PowerShell.Cmdlets.Migrate.Models.Api202001.IHyperVNetworkAdapter[]","40","4","Windows Server 2016 Standard","windowsguest","10.0.14393","Running","Microsoft.OffAzure/HyperVSites/machines","2025-02-13T03:20:03.1792718Z","C:\ClusterStorage\Volume2\DC01-NSP-01\Virtual Machines\A159F4FC-0011-4690-9BD8-80D626FB42ED.VMCX","DC01-NSP-01.olcc.lan","9.0"
"4096",,,,,,,,,,"870311E8-9125-4B3E-AE7F-C00D2BC1523A","5963-4236-9771-3739-9274-8169-60","HICP1326_CLU.olcc.lan","/subscriptions/bc602065-8f71-487b-9fa1-e872b4ce9a79/resourceGroups/rg-dcstratmig-prd-003/providers/Microsoft.OffAzure/HyperVSites/HYPV-AZ-MIGVA24225site/clusters/hicp1326-clu-olcc-lan-dfe304fe-4c9c-4a21-8ab7-565af1ada800","2025-02-11T20:29:37.5039599Z","Microsoft.Azure.PowerShell.Cmdlets.Migrate.Models.Api202001.IHyperVDisk[]","HICU3505","Microsoft.Azure.PowerShell.Cmdlets.Migrate.Models.Api202001.IHealthErrorDetails[]","UEFI","2","2/13/2025 3:20:04 AM","Red Hat Enterprise Linux Server","Linux","7.9","Yes","HICP1326A",,"/subscriptions/bc602065-8f71-487b-9fa1-e872b4ce9a79/resourceGroups/rg-dcstratmig-prd-003/providers/Microsoft.OffAzure/HyperVSites/HYPV-AZ-MIGVA24225site/machines/11a24dc1-091f-4764-99ef-2cbb0ac07f21","11a24dc1-091f-4764-99ef-2cbb0ac07f21","False","False","False","Cluster","1048576","11a24dc1-091f-4764-99ef-2cbb0ac07f21","Microsoft.Azure.PowerShell.Cmdlets.Migrate.Models.Api202001.IHyperVNetworkAdapter[]","26","2","Red Hat Enterprise Linux Server","linuxguest","3.10.0","Running","Microsoft.OffAzure/HyperVSites/machines","2025-02-13T03:20:04.3042670Z","C:\ClusterStorage\Volume1\HICU3505\Virtual Machines\11A24DC1-091F-4764-99EF-2CBB0AC07F21.VMCX","hicu3505.olcc.lan","9.0"
"8192",,,,,,,,,,"E3C7DA76-4BED-41B0-A5CC-ABBE0CED2CE0","2884-7188-3844-6924-5941-3912-98","HICP1310_Clu.olcc.lan","/subscriptions/bc602065-8f71-487b-9fa1-e872b4ce9a79/resourceGroups/rg-dcstratmig-prd-003/providers/Microsoft.OffAzure/HyperVSites/HYPV-AZ-MIGVA24225site/clusters/hicp1310-clu-olcc-lan-4fb0bd14-3fa8-4561-ad74-93b04087d47c","2025-02-11T20:29:37.7539392Z","Microsoft.Azure.PowerShell.Cmdlets.Migrate.Models.Api202001.IHyperVDisk[]","HICP2226A","Microsoft.Azure.PowerShell.Cmdlets.Migrate.Models.Api202001.IHealthErrorDetails[]","UEFI","2","2/13/2025 3:21:18 AM","Microsoft Windows Server 2019 Standard","Windows","10.0.17763","Yes","HICP1310C",,"/subscriptions/bc602065-8f71-487b-9fa1-e872b4ce9a79/resourceGroups/rg-dcstratmig-prd-003/providers/Microsoft.OffAzure/HyperVSites/HYPV-AZ-MIGVA24225site/machines/d48d5d8b-24db-47c5-a61e-06659ce1cc84","d48d5d8b-24db-47c5-a61e-06659ce1cc84","False","False","False","Cluster","1048576","d48d5d8b-24db-47c5-a61e-06659ce1cc84","Microsoft.Azure.PowerShell.Cmdlets.Migrate.Models.Api202001.IHyperVNetworkAdapter[]","15","4","Windows Server 2019 Standard","windowsguest","10.0.17763","Running","Microsoft.OffAzure/HyperVSites/machines","2025-02-13T15:05:55.8562077Z","C:\ClusterStorage\Volume12\HICP2226A\Virtual Machines\D48D5D8B-24DB-47C5-A61E-06659CE1CC84.VMCX","HICP2226A.olcc.lan","9.0"
"4096",,,,,,,,,,"736A959A-5B72-4FE4-A41D-6B77792285D4","3469-3722-8807-0318-9186-0583-49","HICP1310_Clu.olcc.lan","/subscriptions/bc602065-8f71-487b-9fa1-e872b4ce9a79/resourceGroups/rg-dcstratmig-prd-003/providers/Microsoft.OffAzure/HyperVSites/HYPV-AZ-MIGVA24225site/clusters/hicp1310-clu-olcc-lan-4fb0bd14-3fa8-4561-ad74-93b04087d47c","2025-02-11T20:29:38.0039790Z","Microsoft.Azure.PowerShell.Cmdlets.Migrate.Models.Api202001.IHyperVDisk[]","HICP8517B","Microsoft.Azure.PowerShell.Cmdlets.Migrate.Models.Api202001.IHealthErrorDetails[]","UEFI","2","2/13/2025 3:21:16 AM","Microsoft Windows Server 2019 Standard","Windows","10.0.17763","Yes","HICP1310B",,"/subscriptions/bc602065-8f71-487b-9fa1-e872b4ce9a79/resourceGroups/rg-dcstratmig-prd-003/providers/Microsoft.OffAzure/HyperVSites/HYPV-AZ-MIGVA24225site/machines/669c03a3-2e3c-4fa0-b37b-39697859adb8","669c03a3-2e3c-4fa0-b37b-39697859adb8","False","False","False","Cluster","1048576","669c03a3-2e3c-4fa0-b37b-39697859adb8","Microsoft.Azure.PowerShell.Cmdlets.Migrate.Models.Api202001.IHyperVNetworkAdapter[]","22","2","Windows Server 2019 Standard","windowsguest","10.0.17763","Running","Microsoft.OffAzure/HyperVSites/machines","2025-02-13T15:05:55.7311716Z","C:\ClusterStorage\Volume11\HICP8517B\Virtual Machines\669C03A3-2E3C-4FA0-B37B-39697859ADB8.VMCX","HICP8517B.olcc.lan","9.0"
"8192",,,,,,,,,,"64161FC5-4B5C-4058-A277-3BC140B3E602","3740-3623-1353-3369-9283-5019-16",,"/subscriptions/bc602065-8f71-487b-9fa1-e872b4ce9a79/resourceGroups/rg-dcstratmig-prd-003/providers/Microsoft.OffAzure/HyperVSites/HYPV-AZ-MIGVA24225site/clusters/hicp1310-clu-olcc-lan-4fb0bd14-3fa8-4561-ad74-93b04087d47c","2025-02-11T20:29:38.2539479Z","Microsoft.Azure.PowerShell.Cmdlets.Migrate.Models.Api202001.IHyperVDisk[]","HYPV-AZ-MIGVA2","Microsoft.Azure.PowerShell.Cmdlets.Migrate.Models.Api202001.IHealthErrorDetails[]","BIOS","1",,,,,"No","HICP1318",,"/subscriptions/bc602065-8f71-487b-9fa1-e872b4ce9a79/resourceGroups/rg-dcstratmig-prd-003/providers/Microsoft.OffAzure/HyperVSites/HYPV-AZ-MIGVA24225site/machines/fbeac707-ffcb-42a6-b821-a01fd2cc379b","fbeac707-ffcb-42a6-b821-a01fd2cc379b","False","True","True","Cluster","16384","fbeac707-ffcb-42a6-b821-a01fd2cc379b","Microsoft.Azure.PowerShell.Cmdlets.Migrate.Models.Api202001.IHyperVNetworkAdapter[]","-1","8","Windows Server 2022 Datacenter Evaluation","windowsguest","10.0.20348","Running","Microsoft.OffAzure/HyperVSites/machines","2025-02-13T03:21:40.5078803Z","C:\ClusterStorage\Volume14\HyperVAzureMigrateAppliance\AzureMigrateAppliance_v25\Virtual Machines\FBEAC707-FFCB-42A6-B821-A01FD2CC379B.xml","HYPV-AZ-MIGVA2.olcc.lan","5.0"
"4096",,,,,,,,,,"2026E997-46CE-4944-BB05-2A154E0A8F56","4099-9511-8609-0032-3582-1905-11",,"/subscriptions/bc602065-8f71-487b-9fa1-e872b4ce9a79/resourceGroups/rg-dcstratmig-prd-003/providers/Microsoft.OffAzure/HyperVSites/HYPV-AZ-MIGVA24225site/clusters/hicp1326-clu-olcc-lan-dfe304fe-4c9c-4a21-8ab7-565af1ada800","2025-02-11T20:29:38.5039479Z","Microsoft.Azure.PowerShell.Cmdlets.Migrate.Models.Api202001.IHyperVDisk[]","HICU2224A (OLD)","Microsoft.Azure.PowerShell.Cmdlets.Migrate.Models.Api202001.IHealthErrorDetails[]","UEFI","2",,,,,"No","HICP1326A",,"/subscriptions/bc602065-8f71-487b-9fa1-e872b4ce9a79/resourceGroups/rg-dcstratmig-prd-003/providers/Microsoft.OffAzure/HyperVSites/HYPV-AZ-MIGVA24225site/machines/cf110456-75b8-446d-966a-91997969aa37","cf110456-75b8-446d-966a-91997969aa37","False","False","True","Cluster","1048576","cf110456-75b8-446d-966a-91997969aa37","Microsoft.Azure.PowerShell.Cmdlets.Migrate.Models.Api202001.IHyperVNetworkAdapter[]","-1","4",,"otherguestfamily",,"PowerOff","Microsoft.OffAzure/HyperVSites/machines","2025-02-13T03:22:27.2793691Z","C:\ClusterStorage\Volume1\HICU2224A\Virtual Machines\CF110456-75B8-446D-966A-91997969AA37.VMCX","","9.0"
"8192",,,,,,,,,,"2FAD4A53-E0E0-492E-88E3-E0F9E1C02F6E","2840-6144-3383-3081-5617-9828-61","HICP1310_Clu.olcc.lan","/subscriptions/bc602065-8f71-487b-9fa1-e872b4ce9a79/resourceGroups/rg-dcstratmig-prd-003/providers/Microsoft.OffAzure/HyperVSites/HYPV-AZ-MIGVA24225site/clusters/hicp1310-clu-olcc-lan-4fb0bd14-3fa8-4561-ad74-93b04087d47c","2025-02-11T20:29:38.7539422Z","Microsoft.Azure.PowerShell.Cmdlets.Migrate.Models.Api202001.IHyperVDisk[]","DC01-IIS01-UTIL","Microsoft.Azure.PowerShell.Cmdlets.Migrate.Models.Api202001.IHealthErrorDetails[]","BIOS","1","2/13/2025 3:20:14 AM","Microsoft Windows Server 2016 Standard","Windows","10.0.14393","Yes","HICP1315",,"/subscriptions/bc602065-8f71-487b-9fa1-e872b4ce9a79/resourceGroups/rg-dcstratmig-prd-003/providers/Microsoft.OffAzure/HyperVSites/HYPV-AZ-MIGVA24225site/machines/383d3e84-096b-45bd-852a-058cfdee66fb","383d3e84-096b-45bd-852a-058cfdee66fb","False","False","False","Cluster","65536","383d3e84-096b-45bd-852a-058cfdee66fb","Microsoft.Azure.PowerShell.Cmdlets.Migrate.Models.Api202001.IHyperVNetworkAdapter[]","55","4","Windows Server 2016 Standard","windowsguest","10.0.14393","Running","Microsoft.OffAzure/HyperVSites/machines","2025-02-13T15:05:55.9655900Z","C:\ClusterStorage\Volume11\DC01-IIS01-UTIL\Virtual Machines\383D3E84-096B-45BD-852A-058CFDEE66FB.VMCX","DC01-IIS01-UTIL.olcc.lan","9.0"
"16384",,,,,,,,,,"3D7BD7A2-4B82-487A-B1BB-CD22E8D118A9","2290-8197-3651-3415-9394-0255-58","HICP1310_Clu.olcc.lan","/subscriptions/bc602065-8f71-487b-9fa1-e872b4ce9a79/resourceGroups/rg-dcstratmig-prd-003/providers/Microsoft.OffAzure/HyperVSites/HYPV-AZ-MIGVA24225site/clusters/hicp1310-clu-olcc-lan-4fb0bd14-3fa8-4561-ad74-93b04087d47c","2025-02-11T20:29:39.0039264Z","Microsoft.Azure.PowerShell.Cmdlets.Migrate.Models.Api202001.IHyperVDisk[]","HICP2170A","Microsoft.Azure.PowerShell.Cmdlets.Migrate.Models.Api202001.IHealthErrorDetails[]","UEFI","2","2/13/2025 3:21:06 AM","Microsoft Windows Server 2016 Standard","Windows","10.0.14393","Yes","HICP1318",,"/subscriptions/bc602065-8f71-487b-9fa1-e872b4ce9a79/resourceGroups/rg-dcstratmig-prd-003/providers/Microsoft.OffAzure/HyperVSites/HYPV-AZ-MIGVA24225site/machines/dadd96a4-6000-4b54-836e-7e1322d576cf","dadd96a4-6000-4b54-836e-7e1322d576cf","False","False","False","Cluster","1048576","dadd96a4-6000-4b54-836e-7e1322d576cf","Microsoft.Azure.PowerShell.Cmdlets.Migrate.Models.Api202001.IHyperVNetworkAdapter[]","24","8","Windows Server 2016 Standard","windowsguest","10.0.14393","Running","Microsoft.OffAzure/HyperVSites/machines","2025-02-13T03:22:56.6881456Z","C:\ClusterStorage\Volume2\HICP2170A\Virtual Machines\DADD96A4-6000-4B54-836E-7E1322D576CF.VMCX","HICP2170A.olcc.lan","9.0"
"16384",,,,,,,,,,"5C6DB410-599A-427F-A135-8A424C1CC0AA","2158-0530-9452-5347-6936-6936-38","HICP1330_CLU.olcc.lan","/subscriptions/bc602065-8f71-487b-9fa1-e872b4ce9a79/resourceGroups/rg-dcstratmig-prd-003/providers/Microsoft.OffAzure/HyperVSites/HYPV-AZ-MIGVA24225site/clusters/hicp1330-clu-olcc-lan-6b758d3a-0903-4f3f-80a9-2f9a8f5f8e7f","2025-02-11T20:29:39.2539554Z","Microsoft.Azure.PowerShell.Cmdlets.Migrate.Models.Api202001.IHyperVDisk[]","DC01-DB31-SSIS","Microsoft.Azure.PowerShell.Cmdlets.Migrate.Models.Api202001.IHealthErrorDetails[]","BIOS","1",,,,,"Yes","HICP1330A",,"/subscriptions/bc602065-8f71-487b-9fa1-e872b4ce9a79/resourceGroups/rg-dcstratmig-prd-003/providers/Microsoft.OffAzure/HyperVSites/HYPV-AZ-MIGVA24225site/machines/9244764e-8823-4ea5-a602-da6b9ce94e9c","9244764e-8823-4ea5-a602-da6b9ce94e9c","False","False","True","Cluster","65536","9244764e-8823-4ea5-a602-da6b9ce94e9c","Microsoft.Azure.PowerShell.Cmdlets.Migrate.Models.Api202001.IHyperVNetworkAdapter[]","-1","2","Windows Server 2016 Standard","windowsguest","10.0.14393","Running","Microsoft.OffAzure/HyperVSites/machines","2025-02-13T03:46:55.5789626Z","C:\ClusterStorage\Volume1\DC01-DB31-SSIS\Virtual Machines\9244764E-8823-4EA5-A602-DA6B9CE94E9C.VMCX","DC01-DB31-SSIS.olcc.lan","9.0"
"8192",,,,,,,,,,"E3C7DA76-4BED-41B0-A5CC-ABBE0CED2CE0","2884-7188-3844-6924-5941-3912-98","HICP1310_Clu.olcc.lan","/subscriptions/bc602065-8f71-487b-9fa1-e872b4ce9a79/resourceGroups/rg-dcstratmig-prd-003/providers/Microsoft.OffAzure/HyperVSites/HYPV-AZ-MIGVA24225site/clusters/hicp1310-clu-olcc-lan-4fb0bd14-3fa8-4561-ad74-93b04087d47c","2025-02-11T20:29:39.5039443Z","Microsoft.Azure.PowerShell.Cmdlets.Migrate.Models.Api202001.IHyperVDisk[]","HICP2222B","Microsoft.Azure.PowerShell.Cmdlets.Migrate.Models.Api202001.IHealthErrorDetails[]","UEFI","2","2/13/2025 3:20:05 AM","Microsoft Windows Server 2019 Standard","Windows","10.0.17763","Yes","HICP1318",,"/subscriptions/bc602065-8f71-487b-9fa1-e872b4ce9a79/resourceGroups/rg-dcstratmig-prd-003/providers/Microsoft.OffAzure/HyperVSites/HYPV-AZ-MIGVA24225site/machines/9754f775-52e8-4ff8-aae8-a7e2587edc19","9754f775-52e8-4ff8-aae8-a7e2587edc19","False","False","False","Cluster","1048576","9754f775-52e8-4ff8-aae8-a7e2587edc19","Microsoft.Azure.PowerShell.Cmdlets.Migrate.Models.Api202001.IHyperVNetworkAdapter[]","24","4","Windows Server 2019 Standard","windowsguest","10.0.17763","Running","Microsoft.OffAzure/HyperVSites/machines","2025-02-13T15:02:12.6591701Z","C:\ClusterStorage\Volume12\HICP2222B\Virtual Machines\9754F775-52E8-4FF8-AAE8-A7E2587EDC19.VMCX","HICP2222B.olcc.lan","9.0"
"4096",,,,,,,,,,"0C970C80-E6D4-4220-A766-DC3831B90A61","3719-9840-9830-2149-7691-7226-91","HICP1326_CLU.olcc.lan","/subscriptions/bc602065-8f71-487b-9fa1-e872b4ce9a79/resourceGroups/rg-dcstratmig-prd-003/providers/Microsoft.OffAzure/HyperVSites/HYPV-AZ-MIGVA24225site/clusters/hicp1326-clu-olcc-lan-dfe304fe-4c9c-4a21-8ab7-565af1ada800","2025-02-11T20:29:39.7539506Z","Microsoft.Azure.PowerShell.Cmdlets.Migrate.Models.Api202001.IHyperVDisk[]","HICU2033","Microsoft.Azure.PowerShell.Cmdlets.Migrate.Models.Api202001.IHealthErrorDetails[]","UEFI","2",,,,,"Yes","HICP1326A",,"/subscriptions/bc602065-8f71-487b-9fa1-e872b4ce9a79/resourceGroups/rg-dcstratmig-prd-003/providers/Microsoft.OffAzure/HyperVSites/HYPV-AZ-MIGVA24225site/machines/86062c52-a923-4245-93bc-06c3413f0076","86062c52-a923-4245-93bc-06c3413f0076","False","False","True","Cluster","1048576","86062c52-a923-4245-93bc-06c3413f0076","Microsoft.Azure.PowerShell.Cmdlets.Migrate.Models.Api202001.IHyperVNetworkAdapter[]","-1","2","Windows Server 2019 Standard","windowsguest","10.0.17763","Running","Microsoft.OffAzure/HyperVSites/machines","2025-02-13T03:21:57.0550461Z","C:\ClusterStorage\Volume2\HICU2033\Virtual Machines\86062C52-A923-4245-93BC-06C3413F0076.VMCX","HICU2033","9.0"
"4096",,,,,,,,,,"A7FCB16A-3EA7-4927-9A12-D497AEA46581","2253-1113-2326-6309-4007-6272-38","HICP1310_Clu.olcc.lan","/subscriptions/bc602065-8f71-487b-9fa1-e872b4ce9a79/resourceGroups/rg-dcstratmig-prd-003/providers/Microsoft.OffAzure/HyperVSites/HYPV-AZ-MIGVA24225site/clusters/hicp1310-clu-olcc-lan-4fb0bd14-3fa8-4561-ad74-93b04087d47c","2025-02-11T20:29:40.0039734Z","Microsoft.Azure.PowerShell.Cmdlets.Migrate.Models.Api202001.IHyperVDisk[]","DC01-OKTA-SVC04","Microsoft.Azure.PowerShell.Cmdlets.Migrate.Models.Api202001.IHealthErrorDetails[]","UEFI","2","2/13/2025 3:19:40 AM","Microsoft Windows Server 2019 Standard","Windows","10.0.17763","Yes","HICP1310",,"/subscriptions/bc602065-8f71-487b-9fa1-e872b4ce9a79/resourceGroups/rg-dcstratmig-prd-003/providers/Microsoft.OffAzure/HyperVSites/HYPV-AZ-MIGVA24225site/machines/3971a70d-489d-428b-b157-a64cba148b68","3971a70d-489d-428b-b157-a64cba148b68","False","False","False","Cluster","1048576","3971a70d-489d-428b-b157-a64cba148b68","Microsoft.Azure.PowerShell.Cmdlets.Migrate.Models.Api202001.IHyperVNetworkAdapter[]","8","2","Windows Server 2019 Standard","windowsguest","10.0.17763","Running","Microsoft.OffAzure/HyperVSites/machines","2025-02-13T15:05:56.0905823Z","C:\ClusterStorage\Volume13\DC01-OKTA-SVC04\Virtual Machines\3971A70D-489D-428B-B157-A64CBA148B68.VMCX","DC01-OKTA-SVC04.olcc.lan","9.0"
"34816",,,,,,,,,,"C6180D66-1C16-4ADA-A9F1-A0CE17EF3D7D","1414-6384-4166-6642-2355-0762-67","HICP1326_CLU.olcc.lan","/subscriptions/bc602065-8f71-487b-9fa1-e872b4ce9a79/resourceGroups/rg-dcstratmig-prd-003/providers/Microsoft.OffAzure/HyperVSites/HYPV-AZ-MIGVA24225site/clusters/hicp1326-clu-olcc-lan-dfe304fe-4c9c-4a21-8ab7-565af1ada800","2025-02-11T20:29:40.2539508Z","Microsoft.Azure.PowerShell.Cmdlets.Migrate.Models.Api202001.IHyperVDisk[]","HICU3822","Microsoft.Azure.PowerShell.Cmdlets.Migrate.Models.Api202001.IHealthErrorDetails[]","UEFI","2","2/13/2025 3:20:32 AM","Red Hat Enterprise Linux","Linux","8.4","Yes","HICP1326D",,"/subscriptions/bc602065-8f71-487b-9fa1-e872b4ce9a79/resourceGroups/rg-dcstratmig-prd-003/providers/Microsoft.OffAzure/HyperVSites/HYPV-AZ-MIGVA24225site/machines/692f52fd-6ff1-44ef-a907-8d45b86e49b5","692f52fd-6ff1-44ef-a907-8d45b86e49b5","False","False","False","Cluster","1048576","692f52fd-6ff1-44ef-a907-8d45b86e49b5","Microsoft.Azure.PowerShell.Cmdlets.Migrate.Models.Api202001.IHyperVNetworkAdapter[]","76","3","Red Hat Enterprise Linux","linuxguest","4.18.0","Running","Microsoft.OffAzure/HyperVSites/machines","2025-02-13T03:20:32.2471470Z","C:\ClusterStorage\Volume1\HICU3822\Virtual Machines\692F52FD-6FF1-44EF-A907-8D45B86E49B5.VMCX","HICU3822.olcc.lan","9.0"
"8192",,,,,,,,,,"13ACF23C-FDB8-4787-9A8B-681BF8C235B5","6971-3419-0207-8720-7414-4941-98","HICP1310_Clu.olcc.lan","/subscriptions/bc602065-8f71-487b-9fa1-e872b4ce9a79/resourceGroups/rg-dcstratmig-prd-003/providers/Microsoft.OffAzure/HyperVSites/HYPV-AZ-MIGVA24225site/clusters/hicp1310-clu-olcc-lan-4fb0bd14-3fa8-4561-ad74-93b04087d47c","2025-02-11T20:29:40.5039520Z","Microsoft.Azure.PowerShell.Cmdlets.Migrate.Models.Api202001.IHyperVDisk[]","HICP0110B","Microsoft.Azure.PowerShell.Cmdlets.Migrate.Models.Api202001.IHealthErrorDetails[]","UEFI","2","2/13/2025 3:20:36 AM","Microsoft Windows Server 2022 Standard","Windows","10.0.20348","Yes","HICP1312",,"/subscriptions/bc602065-8f71-487b-9fa1-e872b4ce9a79/resourceGroups/rg-dcstratmig-prd-003/providers/Microsoft.OffAzure/HyperVSites/HYPV-AZ-MIGVA24225site/machines/ae9a9539-5720-4c04-8637-a7792e88b4c0","ae9a9539-5720-4c04-8637-a7792e88b4c0","False","False","False","Cluster","1048576","ae9a9539-5720-4c04-8637-a7792e88b4c0","Microsoft.Azure.PowerShell.Cmdlets.Migrate.Models.Api202001.IHyperVNetworkAdapter[]","25","4","Windows Server 2022 Standard","windowsguest","10.0.20348","Running","Microsoft.OffAzure/HyperVSites/machines","2025-02-13T03:22:12.0760020Z","C:\ClusterStorage\Volume2\HICP0110B-New\Virtual Machines\AE9A9539-5720-4C04-8637-A7792E88B4C0.VMCX","HICP0110B.olcc.lan","9.0"
"34816",,,,,,,,,,"C6180D66-1C16-4ADA-A9F1-A0CE17EF3D7D","1414-6384-4166-6642-2355-0762-67","HICP1326_CLU.olcc.lan","/subscriptions/bc602065-8f71-487b-9fa1-e872b4ce9a79/resourceGroups/rg-dcstratmig-prd-003/providers/Microsoft.OffAzure/HyperVSites/HYPV-AZ-MIGVA24225site/clusters/hicp1326-clu-olcc-lan-dfe304fe-4c9c-4a21-8ab7-565af1ada800","2025-02-11T20:29:40.7539569Z","Microsoft.Azure.PowerShell.Cmdlets.Migrate.Models.Api202001.IHyperVDisk[]","HICU3817","Microsoft.Azure.PowerShell.Cmdlets.Migrate.Models.Api202001.IHealthErrorDetails[]","UEFI","2","2/13/2025 3:20:21 AM","Red Hat Enterprise Linux","Linux","8.4","Yes","HICP1326D",,"/subscriptions/bc602065-8f71-487b-9fa1-e872b4ce9a79/resourceGroups/rg-dcstratmig-prd-003/providers/Microsoft.OffAzure/HyperVSites/HYPV-AZ-MIGVA24225site/machines/cfd1a03b-27f4-490f-9f5d-83d13dfd313a","cfd1a03b-27f4-490f-9f5d-83d13dfd313a","False","False","False","Cluster","1048576","cfd1a03b-27f4-490f-9f5d-83d13dfd313a","Microsoft.Azure.PowerShell.Cmdlets.Migrate.Models.Api202001.IHyperVNetworkAdapter[]","76","3","Red Hat Enterprise Linux","linuxguest","4.18.0","Running","Microsoft.OffAzure/HyperVSites/machines","2025-02-13T03:20:21.8250247Z","C:\ClusterStorage\Volume1\HICU3817\Virtual Machines\CFD1A03B-27F4-490F-9F5D-83D13DFD313A.VMCX","hicu3817.olcc.lan","9.0"
"8192",,,,,,,,,,"E3C7DA76-4BED-41B0-A5CC-ABBE0CED2CE0","2884-7188-3844-6924-5941-3912-98","HICP1310_Clu.olcc.lan","/subscriptions/bc602065-8f71-487b-9fa1-e872b4ce9a79/resourceGroups/rg-dcstratmig-prd-003/providers/Microsoft.OffAzure/HyperVSites/HYPV-AZ-MIGVA24225site/clusters/hicp1310-clu-olcc-lan-4fb0bd14-3fa8-4561-ad74-93b04087d47c","2025-02-11T20:29:41.0039622Z","Microsoft.Azure.PowerShell.Cmdlets.Migrate.Models.Api202001.IHyperVDisk[]","HICP2226D","Microsoft.Azure.PowerShell.Cmdlets.Migrate.Models.Api202001.IHealthErrorDetails[]","UEFI","2","2/13/2025 3:20:01 AM","Microsoft Windows Server 2019 Standard","Windows","10.0.17763","Yes","HICP1315",,"/subscriptions/bc602065-8f71-487b-9fa1-e872b4ce9a79/resourceGroups/rg-dcstratmig-prd-003/providers/Microsoft.OffAzure/HyperVSites/HYPV-AZ-MIGVA24225site/machines/e1928571-4635-4623-b13b-4fb8a10128ed","e1928571-4635-4623-b13b-4fb8a10128ed","False","False","False","Cluster","1048576","e1928571-4635-4623-b13b-4fb8a10128ed","Microsoft.Azure.PowerShell.Cmdlets.Migrate.Models.Api202001.IHyperVNetworkAdapter[]","15","4","Windows Server 2019 Standard","windowsguest","10.0.17763","Running","Microsoft.OffAzure/HyperVSites/machines","2025-02-13T15:02:12.7998099Z","C:\ClusterStorage\Volume14\HICP2226D\Virtual Machines\E1928571-4635-4623-B13B-4FB8A10128ED.VMCX","HICP2226D.olcc.lan","9.0"
"4096",,,,,,,,,,"4E87C341-86BD-42B8-A901-44B06ADEEB9A","8721-5127-4639-6494-5915-2810-33","HICP1326_CLU.olcc.lan","/subscriptions/bc602065-8f71-487b-9fa1-e872b4ce9a79/resourceGroups/rg-dcstratmig-prd-003/providers/Microsoft.OffAzure/HyperVSites/HYPV-AZ-MIGVA24225site/clusters/hicp1326-clu-olcc-lan-dfe304fe-4c9c-4a21-8ab7-565af1ada800","2025-02-11T20:29:41.2539545Z","Microsoft.Azure.PowerShell.Cmdlets.Migrate.Models.Api202001.IHyperVDisk[]","HICU8519A","Microsoft.Azure.PowerShell.Cmdlets.Migrate.Models.Api202001.IHealthErrorDetails[]","UEFI","2","2/13/2025 2:35:45 AM","Microsoft Windows Server 2019 Standard","Windows","10.0.17763","Yes","HICP1326B",,"/subscriptions/bc602065-8f71-487b-9fa1-e872b4ce9a79/resourceGroups/rg-dcstratmig-prd-003/providers/Microsoft.OffAzure/HyperVSites/HYPV-AZ-MIGVA24225site/machines/18cef706-f484-462c-ac5d-60849697fafa","18cef706-f484-462c-ac5d-60849697fafa","False","False","False","Cluster","1048576","18cef706-f484-462c-ac5d-60849697fafa","Microsoft.Azure.PowerShell.Cmdlets.Migrate.Models.Api202001.IHyperVNetworkAdapter[]","21","2","Windows Server 2019 Standard","windowsguest","10.0.17763","Running","Microsoft.OffAzure/HyperVSites/machines","2025-02-20T05:50:07.7520196Z","C:\ClusterStorage\Volume1\HICU8519A\Virtual Machines\18CEF706-F484-462C-AC5D-60849697FAFA.VMCX","HICU8519A.olcc.lan","9.0"
"4096",,,,,,,,,,"29212A8C-7E54-44C1-B095-5628AC1E72CD","9307-8390-1263-0191-3566-6499-08","HICP1310_Clu.olcc.lan","/subscriptions/bc602065-8f71-487b-9fa1-e872b4ce9a79/resourceGroups/rg-dcstratmig-prd-003/providers/Microsoft.OffAzure/HyperVSites/HYPV-AZ-MIGVA24225site/clusters/hicp1310-clu-olcc-lan-4fb0bd14-3fa8-4561-ad74-93b04087d47c","2025-02-11T20:29:41.5039535Z","Microsoft.Azure.PowerShell.Cmdlets.Migrate.Models.Api202001.IHyperVDisk[]","HICP3502","Microsoft.Azure.PowerShell.Cmdlets.Migrate.Models.Api202001.IHealthErrorDetails[]","UEFI","2","2/13/2025 3:20:45 AM","Rocky Linux","Linux","9.4","Yes","HICP1319",,"/subscriptions/bc602065-8f71-487b-9fa1-e872b4ce9a79/resourceGroups/rg-dcstratmig-prd-003/providers/Microsoft.OffAzure/HyperVSites/HYPV-AZ-MIGVA24225site/machines/f5d977d3-e2ef-4989-8dbb-c2ea1484d00a","f5d977d3-e2ef-4989-8dbb-c2ea1484d00a","False","False","False","Cluster","1048576","f5d977d3-e2ef-4989-8dbb-c2ea1484d00a","Microsoft.Azure.PowerShell.Cmdlets.Migrate.Models.Api202001.IHyperVNetworkAdapter[]","319","2","Rocky Linux","linuxguest","5.14.0","Running","Microsoft.OffAzure/HyperVSites/machines","2025-02-13T03:20:45.9660852Z","C:\ClusterStorage\Volume11\HICP3502\Virtual Machines\F5D977D3-E2EF-4989-8DBB-C2EA1484D00A.VMCX","hicp3502.olcc.lan","9.0"
"32768",,,,,,,,,,"4A4B4AF2-57C1-4A67-9E21-55AE43CDB36A","9418-7736-6551-7219-1166-8359-62","HICP1310_Clu.olcc.lan","/subscriptions/bc602065-8f71-487b-9fa1-e872b4ce9a79/resourceGroups/rg-dcstratmig-prd-003/providers/Microsoft.OffAzure/HyperVSites/HYPV-AZ-MIGVA24225site/clusters/hicp1310-clu-olcc-lan-4fb0bd14-3fa8-4561-ad74-93b04087d47c","2025-02-11T20:29:41.7539632Z","Microsoft.Azure.PowerShell.Cmdlets.Migrate.Models.Api202001.IHyperVDisk[]","HICP2104","Microsoft.Azure.PowerShell.Cmdlets.Migrate.Models.Api202001.IHealthErrorDetails[]","UEFI","2","2/13/2025 3:20:06 AM","Microsoft Windows Server 2019 Standard","Windows","10.0.17763","Yes","HICP1313",,"/subscriptions/bc602065-8f71-487b-9fa1-e872b4ce9a79/resourceGroups/rg-dcstratmig-prd-003/providers/Microsoft.OffAzure/HyperVSites/HYPV-AZ-MIGVA24225site/machines/10fe29a0-a5a2-4561-a3dd-6b6c29c54a85","10fe29a0-a5a2-4561-a3dd-6b6c29c54a85","False","False","False","Cluster","1048576","10fe29a0-a5a2-4561-a3dd-6b6c29c54a85","Microsoft.Azure.PowerShell.Cmdlets.Migrate.Models.Api202001.IHyperVNetworkAdapter[]","147","12","Windows Server 2019 Standard","windowsguest","10.0.17763","Running","Microsoft.OffAzure/HyperVSites/machines","2025-02-13T15:02:13.0342177Z","C:\ClusterStorage\Volume14\HICP2104\Virtual Machines\10FE29A0-A5A2-4561-A3DD-6B6C29C54A85.VMCX","HICP2104.olcc.lan","9.0"
"8192",,,,,,,,,,"749BB3D1-0130-4931-9E68-B6E2F966800C","4110-7421-9946-4494-6022-7947-67","HICP1310_Clu.olcc.lan","/subscriptions/bc602065-8f71-487b-9fa1-e872b4ce9a79/resourceGroups/rg-dcstratmig-prd-003/providers/Microsoft.OffAzure/HyperVSites/HYPV-AZ-MIGVA24225site/clusters/hicp1310-clu-olcc-lan-4fb0bd14-3fa8-4561-ad74-93b04087d47c","2025-02-11T20:29:42.0039387Z","Microsoft.Azure.PowerShell.Cmdlets.Migrate.Models.Api202001.IHyperVDisk[]","HICP1220D","Microsoft.Azure.PowerShell.Cmdlets.Migrate.Models.Api202001.IHealthErrorDetails[]","UEFI","2","2/13/2025 3:20:32 AM","Microsoft Windows Server 2022 Standard","Windows","10.0.20348","Yes","HICP1313",,"/subscriptions/bc602065-8f71-487b-9fa1-e872b4ce9a79/resourceGroups/rg-dcstratmig-prd-003/providers/Microsoft.OffAzure/HyperVSites/HYPV-AZ-MIGVA24225site/machines/4bd49c29-9825-4b6c-9694-0ac894ee6290","4bd49c29-9825-4b6c-9694-0ac894ee6290","False","False","False","Cluster","1048576","4bd49c29-9825-4b6c-9694-0ac894ee6290","Microsoft.Azure.PowerShell.Cmdlets.Migrate.Models.Api202001.IHyperVNetworkAdapter[]","17","2","Windows Server 2022 Standard","windowsguest","10.0.20348","Running","Microsoft.OffAzure/HyperVSites/machines","2025-02-13T15:05:56.2155874Z","C:\ClusterStorage\Volume3\HICP1220D\Virtual Machines\4BD49C29-9825-4B6C-9694-0AC894EE6290.VMCX","HICP1220D.olcc.lan","9.0"
"4096",,,,,,,,,,"6943757B-6BB6-42A4-84AE-A5DD7CD52D58","7211-5042-9519-3916-2425-3178-68","HICP1310_Clu.olcc.lan","/subscriptions/bc602065-8f71-487b-9fa1-e872b4ce9a79/resourceGroups/rg-dcstratmig-prd-003/providers/Microsoft.OffAzure/HyperVSites/HYPV-AZ-MIGVA24225site/clusters/hicp1310-clu-olcc-lan-4fb0bd14-3fa8-4561-ad74-93b04087d47c","2025-02-11T20:29:42.2539766Z","Microsoft.Azure.PowerShell.Cmdlets.Migrate.Models.Api202001.IHyperVDisk[]","DC01-OKTA-SVC03","Microsoft.Azure.PowerShell.Cmdlets.Migrate.Models.Api202001.IHealthErrorDetails[]","UEFI","2","2/13/2025 3:21:04 AM","Microsoft Windows Server 2019 Standard","Windows","10.0.17763","Yes","HICP1310",,"/subscriptions/bc602065-8f71-487b-9fa1-e872b4ce9a79/resourceGroups/rg-dcstratmig-prd-003/providers/Microsoft.OffAzure/HyperVSites/HYPV-AZ-MIGVA24225site/machines/75feb45e-5de2-46ee-89b7-435d6d289ad9","75feb45e-5de2-46ee-89b7-435d6d289ad9","False","False","False","Cluster","1048576","75feb45e-5de2-46ee-89b7-435d6d289ad9","Microsoft.Azure.PowerShell.Cmdlets.Migrate.Models.Api202001.IHyperVNetworkAdapter[]","8","2","Windows Server 2019 Standard","windowsguest","10.0.17763","Running","Microsoft.OffAzure/HyperVSites/machines","2025-02-13T15:05:56.3406860Z","C:\ClusterStorage\Volume14\DC01-OKTA-SVC03\Virtual Machines\75FEB45E-5DE2-46EE-89B7-435D6D289AD9.VMCX","DC01-OKTA-SVC03.olcc.lan","9.0"
"8192",,,,,,,,,,"1C8B8C59-600B-4770-A805-CD5BCC335FC3","1262-1431-1811-1963-4455-4157-17","HICP1310_Clu.olcc.lan","/subscriptions/bc602065-8f71-487b-9fa1-e872b4ce9a79/resourceGroups/rg-dcstratmig-prd-003/providers/Microsoft.OffAzure/HyperVSites/HYPV-AZ-MIGVA24225site/clusters/hicp1310-clu-olcc-lan-4fb0bd14-3fa8-4561-ad74-93b04087d47c","2025-02-11T20:29:42.5039633Z","Microsoft.Azure.PowerShell.Cmdlets.Migrate.Models.Api202001.IHyperVDisk[]","HICP2413","Microsoft.Azure.PowerShell.Cmdlets.Migrate.Models.Api202001.IHealthErrorDetails[]","UEFI","2","2/13/2025 3:20:09 AM","Microsoft Windows Server 2019 Standard","Windows","10.0.17763","Yes","HICP1310C",,"/subscriptions/bc602065-8f71-487b-9fa1-e872b4ce9a79/resourceGroups/rg-dcstratmig-prd-003/providers/Microsoft.OffAzure/HyperVSites/HYPV-AZ-MIGVA24225site/machines/b95ddb2e-684f-44a3-8a52-bda315585f93","b95ddb2e-684f-44a3-8a52-bda315585f93","False","False","False","Cluster","1048576","b95ddb2e-684f-44a3-8a52-bda315585f93","Microsoft.Azure.PowerShell.Cmdlets.Migrate.Models.Api202001.IHyperVNetworkAdapter[]","24","4","Windows Server 2019 Standard","windowsguest","10.0.17763","Running","Microsoft.OffAzure/HyperVSites/machines","2025-02-13T03:21:53.7737269Z","C:\ClusterStorage\Volume13\HICP2413\Virtual Machines\B95DDB2E-684F-44A3-8A52-BDA315585F93.VMCX","HICP2413.olcc.lan","9.0"
"4096",,,,,,,,,,"AC0DFE5F-78BD-4BE9-9718-73A5C0077DE3","4462-9267-1882-9356-8923-2121-67","HICP1310_Clu.olcc.lan","/subscriptions/bc602065-8f71-487b-9fa1-e872b4ce9a79/resourceGroups/rg-dcstratmig-prd-003/providers/Microsoft.OffAzure/HyperVSites/HYPV-AZ-MIGVA24225site/clusters/hicp1310-clu-olcc-lan-4fb0bd14-3fa8-4561-ad74-93b04087d47c","2025-02-11T20:29:42.7539653Z","Microsoft.Azure.PowerShell.Cmdlets.Migrate.Models.Api202001.IHyperVDisk[]","DC01-APP01-IIS-2","Microsoft.Azure.PowerShell.Cmdlets.Migrate.Models.Api202001.IHealthErrorDetails[]","BIOS","1","2/13/2025 3:21:08 AM","Microsoft Windows Server 2016 Standard","Windows","10.0.14393","Yes","HICP1319",,"/subscriptions/bc602065-8f71-487b-9fa1-e872b4ce9a79/resourceGroups/rg-dcstratmig-prd-003/providers/Microsoft.OffAzure/HyperVSites/HYPV-AZ-MIGVA24225site/machines/58cb0947-c2b7-48a7-aaa4-0e2dbb6fc21f","58cb0947-c2b7-48a7-aaa4-0e2dbb6fc21f","False","False","False","Cluster","65536","58cb0947-c2b7-48a7-aaa4-0e2dbb6fc21f","Microsoft.Azure.PowerShell.Cmdlets.Migrate.Models.Api202001.IHyperVNetworkAdapter[]","42","2","Windows Server 2016 Standard","windowsguest","10.0.14393","Running","Microsoft.OffAzure/HyperVSites/machines","2025-02-13T15:18:26.2495400Z","C:\ClusterStorage\Volume13\DC01-APP01-IIS-2\Virtual Machines\58CB0947-C2B7-48A7-AAA4-0E2DBB6FC21F.VMCX","DC01-APP01-IIS.olcc.lan","9.0"
"4096",,,,,,,,,,"4E87C341-86BD-42B8-A901-44B06ADEEB9A","8721-5127-4639-6494-5915-2810-33","HICP1326_CLU.olcc.lan","/subscriptions/bc602065-8f71-487b-9fa1-e872b4ce9a79/resourceGroups/rg-dcstratmig-prd-003/providers/Microsoft.OffAzure/HyperVSites/HYPV-AZ-MIGVA24225site/clusters/hicp1326-clu-olcc-lan-dfe304fe-4c9c-4a21-8ab7-565af1ada800","2025-02-11T20:29:43.0039674Z","Microsoft.Azure.PowerShell.Cmdlets.Migrate.Models.Api202001.IHyperVDisk[]","HICU8517A","Microsoft.Azure.PowerShell.Cmdlets.Migrate.Models.Api202001.IHealthErrorDetails[]","UEFI","2","2/13/2025 3:19:34 AM","Microsoft Windows Server 2019 Standard","Windows","10.0.17763","Yes","HICP1326B",,"/subscriptions/bc602065-8f71-487b-9fa1-e872b4ce9a79/resourceGroups/rg-dcstratmig-prd-003/providers/Microsoft.OffAzure/HyperVSites/HYPV-AZ-MIGVA24225site/machines/ebbcc99b-796b-4a33-b622-1f8c76fe8c56","ebbcc99b-796b-4a33-b622-1f8c76fe8c56","False","False","False","Cluster","1048576","ebbcc99b-796b-4a33-b622-1f8c76fe8c56","Microsoft.Azure.PowerShell.Cmdlets.Migrate.Models.Api202001.IHyperVNetworkAdapter[]","21","2","Windows Server 2019 Standard","windowsguest","10.0.17763","Running","Microsoft.OffAzure/HyperVSites/machines","2025-02-13T15:05:56.4656491Z","C:\ClusterStorage\Volume1\HICU8517A\Virtual Machines\EBBCC99B-796B-4A33-B622-1F8C76FE8C56.VMCX","HICU8517A.olcc.lan","9.0"
"8192",,,,,,,,,,"2913AF70-0D11-44E5-989C-ADF80DCAD164","4845-4875-5766-7431-1266-5322-49","HICP1310_Clu.olcc.lan","/subscriptions/bc602065-8f71-487b-9fa1-e872b4ce9a79/resourceGroups/rg-dcstratmig-prd-003/providers/Microsoft.OffAzure/HyperVSites/HYPV-AZ-MIGVA24225site/clusters/hicp1310-clu-olcc-lan-4fb0bd14-3fa8-4561-ad74-93b04087d47c","2025-02-11T20:29:43.2539678Z","Microsoft.Azure.PowerShell.Cmdlets.Migrate.Models.Api202001.IHyperVDisk[]","HICP2126","Microsoft.Azure.PowerShell.Cmdlets.Migrate.Models.Api202001.IHealthErrorDetails[]","UEFI","2","2/13/2025 3:19:38 AM","Microsoft Windows Server 2022 Standard","Windows","10.0.20348","Yes","HICP1313",,"/subscriptions/bc602065-8f71-487b-9fa1-e872b4ce9a79/resourceGroups/rg-dcstratmig-prd-003/providers/Microsoft.OffAzure/HyperVSites/HYPV-AZ-MIGVA24225site/machines/4172c123-8ae6-4d0e-9548-7d9bc2586b0d","4172c123-8ae6-4d0e-9548-7d9bc2586b0d","False","False","False","Cluster","1048576","4172c123-8ae6-4d0e-9548-7d9bc2586b0d","Microsoft.Azure.PowerShell.Cmdlets.Migrate.Models.Api202001.IHyperVNetworkAdapter[]","13","2","Windows Server 2022 Standard","windowsguest","10.0.20348","Running","Microsoft.OffAzure/HyperVSites/machines","2025-02-13T03:19:38.9364648Z","C:\ClusterStorage\Volume13\HICP2126-1\Virtual Machines\4172C123-8AE6-4D0E-9548-7D9BC2586B0D.VMCX","HICP2126.olcc.lan","9.0"
"16384",,,,,,,,,,"C7C6E6AD-0F22-4B6B-A0B4-864387F8BCE2","8015-5483-3124-4449-2165-7077-48","HICP1310_Clu.olcc.lan","/subscriptions/bc602065-8f71-487b-9fa1-e872b4ce9a79/resourceGroups/rg-dcstratmig-prd-003/providers/Microsoft.OffAzure/HyperVSites/HYPV-AZ-MIGVA24225site/clusters/hicp1310-clu-olcc-lan-4fb0bd14-3fa8-4561-ad74-93b04087d47c","2025-02-11T20:29:43.5039724Z","Microsoft.Azure.PowerShell.Cmdlets.Migrate.Models.Api202001.IHyperVDisk[]","HICP2181C","Microsoft.Azure.PowerShell.Cmdlets.Migrate.Models.Api202001.IHealthErrorDetails[]","UEFI","2","2/13/2025 3:19:22 AM","Microsoft Windows Server 2016 Standard","Windows","10.0.14393","Yes","HICP1311",,"/subscriptions/bc602065-8f71-487b-9fa1-e872b4ce9a79/resourceGroups/rg-dcstratmig-prd-003/providers/Microsoft.OffAzure/HyperVSites/HYPV-AZ-MIGVA24225site/machines/d83afb12-f18c-466a-bc6e-54445cb14c0d","d83afb12-f18c-466a-bc6e-54445cb14c0d","False","False","False","Cluster","1048576","d83afb12-f18c-466a-bc6e-54445cb14c0d","Microsoft.Azure.PowerShell.Cmdlets.Migrate.Models.Api202001.IHyperVNetworkAdapter[]","22","8","Windows Server 2016 Standard","windowsguest","10.0.14393","Running","Microsoft.OffAzure/HyperVSites/machines","2025-02-13T03:22:41.9368927Z","C:\ClusterStorage\Volume13\HICP2181C\Virtual Machines\D83AFB12-F18C-466A-BC6E-54445CB14C0D.VMCX","HICP2181C.olcc.lan","9.0"
"24576",,,,,,,,,,"554DC8D5-75C8-4AE0-BC57-8A653D8416DC","9501-4243-2700-5659-3427-8910-96","HICP1310_Clu.olcc.lan","/subscriptions/bc602065-8f71-487b-9fa1-e872b4ce9a79/resourceGroups/rg-dcstratmig-prd-003/providers/Microsoft.OffAzure/HyperVSites/HYPV-AZ-MIGVA24225site/clusters/hicp1310-clu-olcc-lan-4fb0bd14-3fa8-4561-ad74-93b04087d47c","2025-02-11T20:29:43.7540094Z","Microsoft.Azure.PowerShell.Cmdlets.Migrate.Models.Api202001.IHyperVDisk[]","DC01-CHKMX-SCN2","Microsoft.Azure.PowerShell.Cmdlets.Migrate.Models.Api202001.IHealthErrorDetails[]","BIOS","1","2/13/2025 3:20:40 AM","Microsoft Windows Server 2016 Standard","Windows","10.0.14393","Yes","HICP1311",,"/subscriptions/bc602065-8f71-487b-9fa1-e872b4ce9a79/resourceGroups/rg-dcstratmig-prd-003/providers/Microsoft.OffAzure/HyperVSites/HYPV-AZ-MIGVA24225site/machines/3e4a8445-12a1-4a9d-93df-9a5c29497686","3e4a8445-12a1-4a9d-93df-9a5c29497686","False","False","False","Cluster","65536","3e4a8445-12a1-4a9d-93df-9a5c29497686","Microsoft.Azure.PowerShell.Cmdlets.Migrate.Models.Api202001.IHyperVNetworkAdapter[]","45","8","Windows Server 2016 Standard","windowsguest","10.0.14393","Running","Microsoft.OffAzure/HyperVSites/machines","2025-02-13T15:05:56.5906020Z","C:\ClusterStorage\Volume13\DC01-CHKMX-SCN2\Virtual Machines\3E4A8445-12A1-4A9D-93DF-9A5C29497686.VMCX","DC01-CHKMX-SCN2.olcc.lan","9.0"
"4096",,,,,,,,,,"736A959A-5B72-4FE4-A41D-6B77792285D4","3469-3722-8807-0318-9186-0583-49","HICP1310_Clu.olcc.lan","/subscriptions/bc602065-8f71-487b-9fa1-e872b4ce9a79/resourceGroups/rg-dcstratmig-prd-003/providers/Microsoft.OffAzure/HyperVSites/HYPV-AZ-MIGVA24225site/clusters/hicp1310-clu-olcc-lan-4fb0bd14-3fa8-4561-ad74-93b04087d47c","2025-02-11T20:29:44.0039383Z","Microsoft.Azure.PowerShell.Cmdlets.Migrate.Models.Api202001.IHyperVDisk[]","HICP8517A","Microsoft.Azure.PowerShell.Cmdlets.Migrate.Models.Api202001.IHealthErrorDetails[]","UEFI","2","2/13/2025 3:20:09 AM","Microsoft Windows Server 2019 Standard","Windows","10.0.17763","Yes","HICP1319",,"/subscriptions/bc602065-8f71-487b-9fa1-e872b4ce9a79/resourceGroups/rg-dcstratmig-prd-003/providers/Microsoft.OffAzure/HyperVSites/HYPV-AZ-MIGVA24225site/machines/45221ab3-dfcb-4191-b4b8-ac305439c7bd","45221ab3-dfcb-4191-b4b8-ac305439c7bd","False","False","False","Cluster","1048576","45221ab3-dfcb-4191-b4b8-ac305439c7bd","Microsoft.Azure.PowerShell.Cmdlets.Migrate.Models.Api202001.IHyperVNetworkAdapter[]","22","2","Windows Server 2019 Standard","windowsguest","10.0.17763","Running","Microsoft.OffAzure/HyperVSites/machines","2025-02-13T15:05:56.7156308Z","C:\ClusterStorage\Volume12\HICP8517A\Virtual Machines\45221AB3-DFCB-4191-B4B8-AC305439C7BD.VMCX","HICP8517A.olcc.lan","9.0"
"8192",,,,,,,,,,"D0553B0E-6921-4762-BD7D-BF8F338F6004","4635-8368-3056-8608-3970-3775-24","HICP1310_Clu.olcc.lan","/subscriptions/bc602065-8f71-487b-9fa1-e872b4ce9a79/resourceGroups/rg-dcstratmig-prd-003/providers/Microsoft.OffAzure/HyperVSites/HYPV-AZ-MIGVA24225site/clusters/hicp1310-clu-olcc-lan-4fb0bd14-3fa8-4561-ad74-93b04087d47c","2025-02-11T20:29:44.2539537Z","Microsoft.Azure.PowerShell.Cmdlets.Migrate.Models.Api202001.IHyperVDisk[]","HICP1219A","Microsoft.Azure.PowerShell.Cmdlets.Migrate.Models.Api202001.IHealthErrorDetails[]","UEFI","2","2/13/2025 3:20:28 AM","Microsoft Windows Server 2019 Standard","Windows","10.0.17763","Yes","HICP1319",,"/subscriptions/bc602065-8f71-487b-9fa1-e872b4ce9a79/resourceGroups/rg-dcstratmig-prd-003/providers/Microsoft.OffAzure/HyperVSites/HYPV-AZ-MIGVA24225site/machines/f698f8ca-838c-4256-b37e-fb6fa271d29b","f698f8ca-838c-4256-b37e-fb6fa271d29b","False","False","False","Cluster","1048576","f698f8ca-838c-4256-b37e-fb6fa271d29b","Microsoft.Azure.PowerShell.Cmdlets.Migrate.Models.Api202001.IHyperVNetworkAdapter[]","20","2","Windows Server 2019 Standard","windowsguest","10.0.17763","Running","Microsoft.OffAzure/HyperVSites/machines","2025-02-13T15:02:13.1436022Z","C:\ClusterStorage\Volume3\HICP1219A\Virtual Machines\F698F8CA-838C-4256-B37E-FB6FA271D29B.VMCX","HICP1219A.olcc.lan","9.0"
"4096",,,,,,,,,,"4A4B4AF2-57C1-4A67-9E21-55AE43CDB36A","9418-7736-6551-7219-1166-8359-62","HICP1310_Clu.olcc.lan","/subscriptions/bc602065-8f71-487b-9fa1-e872b4ce9a79/resourceGroups/rg-dcstratmig-prd-003/providers/Microsoft.OffAzure/HyperVSites/HYPV-AZ-MIGVA24225site/clusters/hicp1310-clu-olcc-lan-4fb0bd14-3fa8-4561-ad74-93b04087d47c","2025-02-11T20:29:44.5039785Z","Microsoft.Azure.PowerShell.Cmdlets.Migrate.Models.Api202001.IHyperVDisk[]","HICP2241","Microsoft.Azure.PowerShell.Cmdlets.Migrate.Models.Api202001.IHealthErrorDetails[]","UEFI","2","2/13/2025 3:20:06 AM","Microsoft Windows Server 2019 Standard","Windows","10.0.17763","Yes","HICP1310",,"/subscriptions/bc602065-8f71-487b-9fa1-e872b4ce9a79/resourceGroups/rg-dcstratmig-prd-003/providers/Microsoft.OffAzure/HyperVSites/HYPV-AZ-MIGVA24225site/machines/3d6266ec-5d79-43e9-a052-ad17644dc3b2","3d6266ec-5d79-43e9-a052-ad17644dc3b2","False","False","False","Cluster","1048576","3d6266ec-5d79-43e9-a052-ad17644dc3b2","Microsoft.Azure.PowerShell.Cmdlets.Migrate.Models.Api202001.IHyperVNetworkAdapter[]","23","2","Windows Server 2019 Standard","windowsguest","10.0.17763","Running","Microsoft.OffAzure/HyperVSites/machines","2025-02-13T15:05:56.8406069Z","C:\ClusterStorage\Volume11\HICP2241\Virtual Machines\3D6266EC-5D79-43E9-A052-AD17644DC3B2.VMCX","HICP2241.olcc.lan","9.0"
"4096",,,,,,,,,,"126EC8A2-D00B-4745-B498-94A5A3AF9203","8332-9417-6638-9417-8397-8676-45","HICP1310_Clu.olcc.lan","/subscriptions/bc602065-8f71-487b-9fa1-e872b4ce9a79/resourceGroups/rg-dcstratmig-prd-003/providers/Microsoft.OffAzure/HyperVSites/HYPV-AZ-MIGVA24225site/clusters/hicp1310-clu-olcc-lan-4fb0bd14-3fa8-4561-ad74-93b04087d47c","2025-02-11T20:29:44.7539806Z","Microsoft.Azure.PowerShell.Cmdlets.Migrate.Models.Api202001.IHyperVDisk[]","HICP2016","Microsoft.Azure.PowerShell.Cmdlets.Migrate.Models.Api202001.IHealthErrorDetails[]","UEFI","2","2/13/2025 3:20:37 AM","Microsoft Windows Server 2019 Standard","Windows","10.0.17763","Yes","HICP1319",,"/subscriptions/bc602065-8f71-487b-9fa1-e872b4ce9a79/resourceGroups/rg-dcstratmig-prd-003/providers/Microsoft.OffAzure/HyperVSites/HYPV-AZ-MIGVA24225site/machines/9c4f915e-b51d-46bc-a827-46d9ee5195e8","9c4f915e-b51d-46bc-a827-46d9ee5195e8","False","False","False","Cluster","1048576","9c4f915e-b51d-46bc-a827-46d9ee5195e8","Microsoft.Azure.PowerShell.Cmdlets.Migrate.Models.Api202001.IHyperVNetworkAdapter[]","23","2","Windows Server 2019 Standard","windowsguest","10.0.17763","Running","Microsoft.OffAzure/HyperVSites/machines","2025-02-13T15:05:56.9811793Z","C:\ClusterStorage\Volume11\HICP2016\Virtual Machines\9C4F915E-B51D-46BC-A827-46D9EE5195E8.VMCX","HICP2016.olcc.lan","9.0"
"16384",,,,,,,,,,"F915914D-1CE8-4725-802C-9E99BBE9C114","2318-0916-5692-4485-7489-9783-21","HICP1310_Clu.olcc.lan","/subscriptions/bc602065-8f71-487b-9fa1-e872b4ce9a79/resourceGroups/rg-dcstratmig-prd-003/providers/Microsoft.OffAzure/HyperVSites/HYPV-AZ-MIGVA24225site/clusters/hicp1310-clu-olcc-lan-4fb0bd14-3fa8-4561-ad74-93b04087d47c","2025-02-11T20:29:45.0039810Z","Microsoft.Azure.PowerShell.Cmdlets.Migrate.Models.Api202001.IHyperVDisk[]","HICP6511","Microsoft.Azure.PowerShell.Cmdlets.Migrate.Models.Api202001.IHealthErrorDetails[]","UEFI","2","2/13/2025 2:37:14 AM","Microsoft Windows Server 2022 Standard","Windows","10.0.20348","Yes","HICP1314",,"/subscriptions/bc602065-8f71-487b-9fa1-e872b4ce9a79/resourceGroups/rg-dcstratmig-prd-003/providers/Microsoft.OffAzure/HyperVSites/HYPV-AZ-MIGVA24225site/machines/88f40fb7-6d97-47a3-9e6d-dffdd18f16fd","88f40fb7-6d97-47a3-9e6d-dffdd18f16fd","False","False","False","Cluster","1048576","88f40fb7-6d97-47a3-9e6d-dffdd18f16fd","Microsoft.Azure.PowerShell.Cmdlets.Migrate.Models.Api202001.IHyperVNetworkAdapter[]","63","2","Windows Server 2022 Standard","windowsguest","10.0.20348","Running","Microsoft.OffAzure/HyperVSites/machines","2025-02-13T03:21:47.7735950Z","C:\ClusterStorage\Volume14\HICP6511\Virtual Machines\88F40FB7-6D97-47A3-9E6D-DFFDD18F16FD.VMCX","HICP6511.olcc.lan","9.0"
"8192",,,,,,,,,,"6107C7E0-C5BB-4E09-8829-C7D547F5F7D0","3790-2629-9860-2065-5096-4914-67","HICP1310_Clu.olcc.lan","/subscriptions/bc602065-8f71-487b-9fa1-e872b4ce9a79/resourceGroups/rg-dcstratmig-prd-003/providers/Microsoft.OffAzure/HyperVSites/HYPV-AZ-MIGVA24225site/clusters/hicp1310-clu-olcc-lan-4fb0bd14-3fa8-4561-ad74-93b04087d47c","2025-02-11T20:29:45.2539842Z","Microsoft.Azure.PowerShell.Cmdlets.Migrate.Models.Api202001.IHyperVDisk[]","DC01-ESB01-SLDI","Microsoft.Azure.PowerShell.Cmdlets.Migrate.Models.Api202001.IHealthErrorDetails[]","BIOS","1","2/13/2025 3:19:51 AM","Microsoft Windows Server 2019 Standard","Windows","10.0.17763","Yes","HICP1319",,"/subscriptions/bc602065-8f71-487b-9fa1-e872b4ce9a79/resourceGroups/rg-dcstratmig-prd-003/providers/Microsoft.OffAzure/HyperVSites/HYPV-AZ-MIGVA24225site/machines/4b7e877d-7221-4f72-8550-58fa57b803f7","4b7e877d-7221-4f72-8550-58fa57b803f7","False","False","False","Cluster","65536","4b7e877d-7221-4f72-8550-58fa57b803f7","Microsoft.Azure.PowerShell.Cmdlets.Migrate.Models.Api202001.IHyperVNetworkAdapter[]","38","2","Windows Server 2019 Standard","windowsguest","10.0.17763","Running","Microsoft.OffAzure/HyperVSites/machines","2025-02-13T03:46:56.3289521Z","C:\ClusterStorage\Volume14\DC01-ESB01-SLDI\Virtual Machines\4B7E877D-7221-4F72-8550-58FA57B803F7.VMCX","DC01-ESB01-SLDI.olcc.lan","9.0"
"12288",,,,,,,,,,"FCC5BFBD-FE52-4B0B-BA25-0EBBA4165F98","0135-4204-6663-1030-1483-3819-72","HICP1310_Clu.olcc.lan","/subscriptions/bc602065-8f71-487b-9fa1-e872b4ce9a79/resourceGroups/rg-dcstratmig-prd-003/providers/Microsoft.OffAzure/HyperVSites/HYPV-AZ-MIGVA24225site/clusters/hicp1310-clu-olcc-lan-4fb0bd14-3fa8-4561-ad74-93b04087d47c","2025-02-11T20:29:45.5039823Z","Microsoft.Azure.PowerShell.Cmdlets.Migrate.Models.Api202001.IHyperVDisk[]","HICP2015","Microsoft.Azure.PowerShell.Cmdlets.Migrate.Models.Api202001.IHealthErrorDetails[]","UEFI","2","2/13/2025 3:19:20 AM","Microsoft Windows Server 2019 Standard","Windows","10.0.17763","Yes","HICP1319",,"/subscriptions/bc602065-8f71-487b-9fa1-e872b4ce9a79/resourceGroups/rg-dcstratmig-prd-003/providers/Microsoft.OffAzure/HyperVSites/HYPV-AZ-MIGVA24225site/machines/afb425d1-d3b5-4518-95f7-961ba8728144","afb425d1-d3b5-4518-95f7-961ba8728144","False","False","False","Cluster","1048576","afb425d1-d3b5-4518-95f7-961ba8728144","Microsoft.Azure.PowerShell.Cmdlets.Migrate.Models.Api202001.IHyperVNetworkAdapter[]","29","4","Windows Server 2019 Standard","windowsguest","10.0.17763","Running","Microsoft.OffAzure/HyperVSites/machines","2025-02-13T15:18:22.6870247Z","C:\ClusterStorage\Volume14\HICP2015-2-2\HICP2015-2\Virtual Machines\AFB425D1-D3B5-4518-95F7-961BA8728144.VMCX","HICP2015.olcc.lan","9.0"
"6144",,,,,,,,,,"142D613D-2589-4E7F-994B-E82C02663DF5","4578-4338-6782-1747-0023-6845-45","HICP1300_CLU.olcc.lan","/subscriptions/bc602065-8f71-487b-9fa1-e872b4ce9a79/resourceGroups/rg-dcstratmig-prd-003/providers/Microsoft.OffAzure/HyperVSites/HYPV-AZ-MIGVA24225site/clusters/hicp1300-clu-olcc-lan-716a4cd7-b6bf-44a4-8728-f1576ad575ee","2025-02-11T20:29:45.7540041Z","Microsoft.Azure.PowerShell.Cmdlets.Migrate.Models.Api202001.IHyperVDisk[]","HICP0006","Microsoft.Azure.PowerShell.Cmdlets.Migrate.Models.Api202001.IHealthErrorDetails[]","UEFI","2",,,,,"Yes","HICP1300A",,"/subscriptions/bc602065-8f71-487b-9fa1-e872b4ce9a79/resourceGroups/rg-dcstratmig-prd-003/providers/Microsoft.OffAzure/HyperVSites/HYPV-AZ-MIGVA24225site/machines/c51267c4-03c0-4c5b-a166-f15ee8a0fa04","c51267c4-03c0-4c5b-a166-f15ee8a0fa04","False","False","True","Cluster","1048576","c51267c4-03c0-4c5b-a166-f15ee8a0fa04","Microsoft.Azure.PowerShell.Cmdlets.Migrate.Models.Api202001.IHyperVNetworkAdapter[]","-1","4","Windows Server 2022 Standard","windowsguest","10.0.20348","Running","Microsoft.OffAzure/HyperVSites/machines","2025-02-13T03:22:29.8262305Z","C:\ClusterStorage\Volume11\HICP0006\Virtual Machines\C51267C4-03C0-4C5B-A166-F15EE8A0FA04.VMCX","HICP0006.olcc.lan","9.0"
"24576",,,,,,,,,,"28F5F597-EAFA-4BB9-8D58-DE06AA0216D9","4932-6270-2175-0405-4252-6210-64","HICP1310_Clu.olcc.lan","/subscriptions/bc602065-8f71-487b-9fa1-e872b4ce9a79/resourceGroups/rg-dcstratmig-prd-003/providers/Microsoft.OffAzure/HyperVSites/HYPV-AZ-MIGVA24225site/clusters/hicp1310-clu-olcc-lan-4fb0bd14-3fa8-4561-ad74-93b04087d47c","2025-02-11T20:29:46.0039759Z","Microsoft.Azure.PowerShell.Cmdlets.Migrate.Models.Api202001.IHyperVDisk[]","HICP3823","Microsoft.Azure.PowerShell.Cmdlets.Migrate.Models.Api202001.IHealthErrorDetails[]","UEFI","2","2/13/2025 3:19:46 AM","Red Hat Enterprise Linux","Linux","8.3","Yes","HICP1310C",,"/subscriptions/bc602065-8f71-487b-9fa1-e872b4ce9a79/resourceGroups/rg-dcstratmig-prd-003/providers/Microsoft.OffAzure/HyperVSites/HYPV-AZ-MIGVA24225site/machines/f18ed828-25ba-41bb-92c7-be7d0c6018a8","f18ed828-25ba-41bb-92c7-be7d0c6018a8","False","False","False","Cluster","1048576","f18ed828-25ba-41bb-92c7-be7d0c6018a8","Microsoft.Azure.PowerShell.Cmdlets.Migrate.Models.Api202001.IHyperVNetworkAdapter[]","38","6","Red Hat Enterprise Linux","linuxguest","4.18.0","Running","Microsoft.OffAzure/HyperVSites/machines","2025-02-13T03:19:46.7803887Z","C:\ClusterStorage\Volume13\HICP3823\Virtual Machines\F18ED828-25BA-41BB-92C7-BE7D0C6018A8.VMCX","HICP3823.olcc.lan","9.0"
"8192",,,,,,,,,,"62F96953-DADC-4A3F-9586-7C27553FC876","8272-8989-7206-0504-0850-7661-52","HICP1323_CLU.olcc.lan","/subscriptions/bc602065-8f71-487b-9fa1-e872b4ce9a79/resourceGroups/rg-dcstratmig-prd-003/providers/Microsoft.OffAzure/HyperVSites/HYPV-AZ-MIGVA24225site/clusters/hicp1323-clu-olcc-lan-fe5137bc-e3d8-415b-9d54-c2debea3ef5d","2025-02-11T20:29:46.2539664Z","Microsoft.Azure.PowerShell.Cmdlets.Migrate.Models.Api202001.IHyperVDisk[]","DC01-SAPWEB-BO","Microsoft.Azure.PowerShell.Cmdlets.Migrate.Models.Api202001.IHealthErrorDetails[]","BIOS","1",,,,,"Yes","HICP1323B",,"/subscriptions/bc602065-8f71-487b-9fa1-e872b4ce9a79/resourceGroups/rg-dcstratmig-prd-003/providers/Microsoft.OffAzure/HyperVSites/HYPV-AZ-MIGVA24225site/machines/c623e45e-a837-42c3-9099-65efec10ac51","c623e45e-a837-42c3-9099-65efec10ac51","False","False","True","Cluster","65536","c623e45e-a837-42c3-9099-65efec10ac51","Microsoft.Azure.PowerShell.Cmdlets.Migrate.Models.Api202001.IHyperVNetworkAdapter[]","-1","4","Windows Server 2012 R2 Standard","windowsguest","6.3.9600","Running","Microsoft.OffAzure/HyperVSites/machines","2025-02-13T03:21:34.9827359Z","C:\ClusterStorage\Volume1\DC01-SAPWEB-BO\Virtual Machines\C623E45E-A837-42C3-9099-65EFEC10AC51.VMCX","DC01-SAPWEB-BO.olcc.lan","9.0"
"24576",,,,,,,,,,"393F37A0-D0BF-4E78-992E-5C768C466D83","8802-8527-6929-5853-2777-2331-19","HICP1310_Clu.olcc.lan","/subscriptions/bc602065-8f71-487b-9fa1-e872b4ce9a79/resourceGroups/rg-dcstratmig-prd-003/providers/Microsoft.OffAzure/HyperVSites/HYPV-AZ-MIGVA24225site/clusters/hicp1310-clu-olcc-lan-4fb0bd14-3fa8-4561-ad74-93b04087d47c","2025-02-11T20:29:46.5039996Z","Microsoft.Azure.PowerShell.Cmdlets.Migrate.Models.Api202001.IHyperVDisk[]","HICP3819","Microsoft.Azure.PowerShell.Cmdlets.Migrate.Models.Api202001.IHealthErrorDetails[]","UEFI","2","2/13/2025 3:21:06 AM","Red Hat Enterprise Linux","Linux","8.6","Yes","HICP1317",,"/subscriptions/bc602065-8f71-487b-9fa1-e872b4ce9a79/resourceGroups/rg-dcstratmig-prd-003/providers/Microsoft.OffAzure/HyperVSites/HYPV-AZ-MIGVA24225site/machines/c63dcaa6-cf68-407f-9df1-f9a72b71c565","c63dcaa6-cf68-407f-9df1-f9a72b71c565","False","False","False","Cluster","1048576","c63dcaa6-cf68-407f-9df1-f9a72b71c565","Microsoft.Azure.PowerShell.Cmdlets.Migrate.Models.Api202001.IHyperVNetworkAdapter[]","66","6","Red Hat Enterprise Linux","linuxguest","4.18.0","Running","Microsoft.OffAzure/HyperVSites/machines","2025-02-13T03:21:06.3415309Z","C:\ClusterStorage\Volume14\HICP3819\Virtual Machines\C63DCAA6-CF68-407F-9DF1-F9A72B71C565.VMCX","HICP3819.olcc.lan","9.0"
"24576",,,,,,,,,,"9BD9276B-94A7-4B55-9A5C-8AD3A52FE419","0387-9323-6160-8174-3571-9789-97","HICP1310_Clu.olcc.lan","/subscriptions/bc602065-8f71-487b-9fa1-e872b4ce9a79/resourceGroups/rg-dcstratmig-prd-003/providers/Microsoft.OffAzure/HyperVSites/HYPV-AZ-MIGVA24225site/clusters/hicp1310-clu-olcc-lan-4fb0bd14-3fa8-4561-ad74-93b04087d47c","2025-02-11T20:29:46.7539893Z","Microsoft.Azure.PowerShell.Cmdlets.Migrate.Models.Api202001.IHyperVDisk[]","HICP2361","Microsoft.Azure.PowerShell.Cmdlets.Migrate.Models.Api202001.IHealthErrorDetails[]","UEFI","2","2/13/2025 3:20:38 AM","Microsoft Windows Server 2019 Standard","Windows","10.0.17763","Yes","HICP1318",,"/subscriptions/bc602065-8f71-487b-9fa1-e872b4ce9a79/resourceGroups/rg-dcstratmig-prd-003/providers/Microsoft.OffAzure/HyperVSites/HYPV-AZ-MIGVA24225site/machines/5735ddea-8ba6-4156-be8b-55959f160677","5735ddea-8ba6-4156-be8b-55959f160677","False","False","False","Cluster","1048576","5735ddea-8ba6-4156-be8b-55959f160677","Microsoft.Azure.PowerShell.Cmdlets.Migrate.Models.Api202001.IHyperVNetworkAdapter[]","24","12","Windows Server 2019 Standard","windowsguest","10.0.17763","Running","Microsoft.OffAzure/HyperVSites/machines","2025-02-13T03:20:38.3409471Z","C:\ClusterStorage\Volume3\HICP2361\HICP2361 (PowerBI Gateway)\Virtual Machines\5735DDEA-8BA6-4156-BE8B-55959F160677.VMCX","HICP2361.olcc.lan","9.0"
"8192",,,,,,,,,,"0E2C56D6-9C0B-4BAD-8390-472122F245DA","9196-9774-5325-9816-4444-2044-52","HICP1326_CLU.olcc.lan","/subscriptions/bc602065-8f71-487b-9fa1-e872b4ce9a79/resourceGroups/rg-dcstratmig-prd-003/providers/Microsoft.OffAzure/HyperVSites/HYPV-AZ-MIGVA24225site/clusters/hicp1326-clu-olcc-lan-dfe304fe-4c9c-4a21-8ab7-565af1ada800","2025-02-11T20:29:47.0039916Z","Microsoft.Azure.PowerShell.Cmdlets.Migrate.Models.Api202001.IHyperVDisk[]","NP03-WB01-ACQ","Microsoft.Azure.PowerShell.Cmdlets.Migrate.Models.Api202001.IHealthErrorDetails[]","BIOS","1","2/13/2025 3:21:00 AM","Microsoft Windows Server 2019 Standard","Windows","10.0.17763","Yes","HICP1326A",,"/subscriptions/bc602065-8f71-487b-9fa1-e872b4ce9a79/resourceGroups/rg-dcstratmig-prd-003/providers/Microsoft.OffAzure/HyperVSites/HYPV-AZ-MIGVA24225site/machines/94664c3b-a23a-4e37-99b7-5540d9d9eebc","94664c3b-a23a-4e37-99b7-5540d9d9eebc","False","False","False","Cluster","65536","94664c3b-a23a-4e37-99b7-5540d9d9eebc","Microsoft.Azure.PowerShell.Cmdlets.Migrate.Models.Api202001.IHyperVNetworkAdapter[]","41","2","Windows Server 2019 Standard","windowsguest","10.0.17763","Running","Microsoft.OffAzure/HyperVSites/machines","2025-02-13T15:05:57.2155969Z","C:\ClusterStorage\Volume1\NP03-WB01-ACQ\Virtual Machines\94664C3B-A23A-4E37-99B7-5540D9D9EEBC.VMCX","NP03-WB01-ACQ.olcc.lan","9.0"
"12288",,,,,,,,,,"2E3E547C-C456-4F2F-A763-3688F37C6F51","9683-3064-8476-9954-2611-9582-61","HICP1310_Clu.olcc.lan","/subscriptions/bc602065-8f71-487b-9fa1-e872b4ce9a79/resourceGroups/rg-dcstratmig-prd-003/providers/Microsoft.OffAzure/HyperVSites/HYPV-AZ-MIGVA24225site/clusters/hicp1310-clu-olcc-lan-4fb0bd14-3fa8-4561-ad74-93b04087d47c","2025-02-11T20:29:47.2539859Z","Microsoft.Azure.PowerShell.Cmdlets.Migrate.Models.Api202001.IHyperVDisk[]","HICP1211B","Microsoft.Azure.PowerShell.Cmdlets.Migrate.Models.Api202001.IHealthErrorDetails[]","UEFI","2","2/13/2025 3:20:13 AM","Microsoft Windows Server 2019 Datacenter","Windows","10.0.17763","Yes","HICP1311",,"/subscriptions/bc602065-8f71-487b-9fa1-e872b4ce9a79/resourceGroups/rg-dcstratmig-prd-003/providers/Microsoft.OffAzure/HyperVSites/HYPV-AZ-MIGVA24225site/machines/f321771e-96a8-487d-b029-dfe654f42e69","f321771e-96a8-487d-b029-dfe654f42e69","False","False","False","Cluster","1048576","f321771e-96a8-487d-b029-dfe654f42e69","Microsoft.Azure.PowerShell.Cmdlets.Migrate.Models.Api202001.IHyperVNetworkAdapter[]","31","8","Windows Server 2019 Datacenter","windowsguest","10.0.17763","Running","Microsoft.OffAzure/HyperVSites/machines","2025-02-13T15:05:57.3408110Z","C:\ClusterStorage\Volume3\HICP1211B_FileServerB\Virtual Machines\F321771E-96A8-487D-B029-DFE654F42E69.VMCX","HICP1211B.olcc.lan","9.0"
"16384",,,,,,,,,,"3D7BD7A2-4B82-487A-B1BB-CD22E8D118A9","2290-8197-3651-3415-9394-0255-58","HICP1326_CLU.olcc.lan","/subscriptions/bc602065-8f71-487b-9fa1-e872b4ce9a79/resourceGroups/rg-dcstratmig-prd-003/providers/Microsoft.OffAzure/HyperVSites/HYPV-AZ-MIGVA24225site/clusters/hicp1326-clu-olcc-lan-dfe304fe-4c9c-4a21-8ab7-565af1ada800","2025-02-11T20:29:47.5040018Z","Microsoft.Azure.PowerShell.Cmdlets.Migrate.Models.Api202001.IHyperVDisk[]","HICU2181A","Microsoft.Azure.PowerShell.Cmdlets.Migrate.Models.Api202001.IHealthErrorDetails[]","UEFI","2","2/13/2025 2:36:38 AM","Microsoft Windows Server 2016 Standard","Windows","10.0.14393","Yes","HICP1326C",,"/subscriptions/bc602065-8f71-487b-9fa1-e872b4ce9a79/resourceGroups/rg-dcstratmig-prd-003/providers/Microsoft.OffAzure/HyperVSites/HYPV-AZ-MIGVA24225site/machines/2e6ee82b-9ada-47ab-b6d6-265bb0cf09a6","2e6ee82b-9ada-47ab-b6d6-265bb0cf09a6","False","False","False","Cluster","1048576","2e6ee82b-9ada-47ab-b6d6-265bb0cf09a6","Microsoft.Azure.PowerShell.Cmdlets.Migrate.Models.Api202001.IHyperVNetworkAdapter[]","22","8","Windows Server 2016 Standard","windowsguest","10.0.14393","Running","Microsoft.OffAzure/HyperVSites/machines","2025-02-13T03:21:44.5235934Z","C:\ClusterStorage\Volume1\HICU2181A\Virtual Machines\2E6EE82B-9ADA-47AB-B6D6-265BB0CF09A6.VMCX","HICU2181A.olcc.lan","9.0"
"16384",,,,,,,,,,"7F2C6D85-1BBC-4D39-96CB-0F024876F4FF","4990-3867-0152-9927-7922-4125-55","HICP1310_Clu.olcc.lan","/subscriptions/bc602065-8f71-487b-9fa1-e872b4ce9a79/resourceGroups/rg-dcstratmig-prd-003/providers/Microsoft.OffAzure/HyperVSites/HYPV-AZ-MIGVA24225site/clusters/hicp1310-clu-olcc-lan-4fb0bd14-3fa8-4561-ad74-93b04087d47c","2025-02-11T20:29:47.7539670Z","Microsoft.Azure.PowerShell.Cmdlets.Migrate.Models.Api202001.IHyperVDisk[]","HICP2282","Microsoft.Azure.PowerShell.Cmdlets.Migrate.Models.Api202001.IHealthErrorDetails[]","UEFI","2","2/13/2025 3:19:22 AM","Microsoft Windows Server 2019 Standard","Windows","10.0.17763","Yes","HICP1311",,"/subscriptions/bc602065-8f71-487b-9fa1-e872b4ce9a79/resourceGroups/rg-dcstratmig-prd-003/providers/Microsoft.OffAzure/HyperVSites/HYPV-AZ-MIGVA24225site/machines/75db6a07-315a-4a36-92f2-decba7c9c225","75db6a07-315a-4a36-92f2-decba7c9c225","False","False","False","Cluster","1048576","75db6a07-315a-4a36-92f2-decba7c9c225","Microsoft.Azure.PowerShell.Cmdlets.Migrate.Models.Api202001.IHyperVNetworkAdapter[]","26","4","Windows Server 2019 Standard","windowsguest","10.0.17763","Running","Microsoft.OffAzure/HyperVSites/machines","2025-02-13T15:05:57.4812574Z","C:\ClusterStorage\Volume2\HICP2282\Virtual Machines\75DB6A07-315A-4A36-92F2-DECBA7C9C225.VMCX","HICP2282.olcc.lan","9.0"
"6144",,,,,,,,,,"E398DCD4-FA57-4673-B9C6-422E3EA0C0D2","3274-1564-9240-5571-1061-8279-72","HICP1310_Clu.olcc.lan","/subscriptions/bc602065-8f71-487b-9fa1-e872b4ce9a79/resourceGroups/rg-dcstratmig-prd-003/providers/Microsoft.OffAzure/HyperVSites/HYPV-AZ-MIGVA24225site/clusters/hicp1310-clu-olcc-lan-4fb0bd14-3fa8-4561-ad74-93b04087d47c","2025-02-11T20:29:48.0039892Z","Microsoft.Azure.PowerShell.Cmdlets.Migrate.Models.Api202001.IHyperVDisk[]","HICP1203","Microsoft.Azure.PowerShell.Cmdlets.Migrate.Models.Api202001.IHealthErrorDetails[]","UEFI","2","2/13/2025 3:20:39 AM","Microsoft Windows Server 2022 Standard","Windows","10.0.20348","Yes","HICP1310",,"/subscriptions/bc602065-8f71-487b-9fa1-e872b4ce9a79/resourceGroups/rg-dcstratmig-prd-003/providers/Microsoft.OffAzure/HyperVSites/HYPV-AZ-MIGVA24225site/machines/4ad28eb5-80d6-466e-99c3-9c67930fd5c9","4ad28eb5-80d6-466e-99c3-9c67930fd5c9","False","False","False","Cluster","1048576","4ad28eb5-80d6-466e-99c3-9c67930fd5c9","Microsoft.Azure.PowerShell.Cmdlets.Migrate.Models.Api202001.IHyperVNetworkAdapter[]","17","4","Windows Server 2022 Standard","windowsguest","10.0.20348","Running","Microsoft.OffAzure/HyperVSites/machines","2025-02-13T03:20:39.0909613Z","C:\ClusterStorage\Volume14\HICP1203\Virtual Machines\4AD28EB5-80D6-466E-99C3-9C67930FD5C9.VMCX","HICP1203.olcc.lan","9.0"
"16384",,,,,,,,,,"59AECD98-B8C6-43FE-B8F7-74EBE4C4FD3C","4355-9178-8167-5238-1798-6762-22","HICP1310_Clu.olcc.lan","/subscriptions/bc602065-8f71-487b-9fa1-e872b4ce9a79/resourceGroups/rg-dcstratmig-prd-003/providers/Microsoft.OffAzure/HyperVSites/HYPV-AZ-MIGVA24225site/clusters/hicp1310-clu-olcc-lan-4fb0bd14-3fa8-4561-ad74-93b04087d47c","2025-02-11T20:29:48.2540000Z","Microsoft.Azure.PowerShell.Cmdlets.Migrate.Models.Api202001.IHyperVDisk[]","HICP5582","Microsoft.Azure.PowerShell.Cmdlets.Migrate.Models.Api202001.IHealthErrorDetails[]","UEFI","2","2/13/2025 3:20:58 AM","Microsoft Windows Server 2022 Standard","Windows","10.0.20348","Yes","HICP1317",,"/subscriptions/bc602065-8f71-487b-9fa1-e872b4ce9a79/resourceGroups/rg-dcstratmig-prd-003/providers/Microsoft.OffAzure/HyperVSites/HYPV-AZ-MIGVA24225site/machines/14b6e851-f444-40bc-88ec-6bd223e96950","14b6e851-f444-40bc-88ec-6bd223e96950","False","False","False","Cluster","1048576","14b6e851-f444-40bc-88ec-6bd223e96950","Microsoft.Azure.PowerShell.Cmdlets.Migrate.Models.Api202001.IHyperVNetworkAdapter[]","16","8","Windows Server 2022 Standard","windowsguest","10.0.20348","Running","Microsoft.OffAzure/HyperVSites/machines","2025-02-13T03:46:59.6258512Z","C:\ClusterStorage\Volume13\HICP5582\Virtual Machines\14B6E851-F444-40BC-88EC-6BD223E96950.VMCX","HICP5582.olcc.lan","9.0"
"24576",,,,,,,,,,"17FD1C99-D880-4088-BB52-66ED9214E15B","8748-6353-8622-0485-6772-4988-67","HICP1310_Clu.olcc.lan","/subscriptions/bc602065-8f71-487b-9fa1-e872b4ce9a79/resourceGroups/rg-dcstratmig-prd-003/providers/Microsoft.OffAzure/HyperVSites/HYPV-AZ-MIGVA24225site/clusters/hicp1310-clu-olcc-lan-4fb0bd14-3fa8-4561-ad74-93b04087d47c","2025-02-11T20:29:48.5039998Z","Microsoft.Azure.PowerShell.Cmdlets.Migrate.Models.Api202001.IHyperVDisk[]","HICP5545","Microsoft.Azure.PowerShell.Cmdlets.Migrate.Models.Api202001.IHealthErrorDetails[]","UEFI","2","2/13/2025 3:19:51 AM","Microsoft Windows Server 2022 Standard","Windows","10.0.20348","Yes","HICP1314",,"/subscriptions/bc602065-8f71-487b-9fa1-e872b4ce9a79/resourceGroups/rg-dcstratmig-prd-003/providers/Microsoft.OffAzure/HyperVSites/HYPV-AZ-MIGVA24225site/machines/66472667-6595-4671-acfb-5e8d111d8f84","66472667-6595-4671-acfb-5e8d111d8f84","False","False","False","Cluster","1048576","66472667-6595-4671-acfb-5e8d111d8f84","Microsoft.Azure.PowerShell.Cmdlets.Migrate.Models.Api202001.IHyperVNetworkAdapter[]","21","8","Windows Server 2022 Standard","windowsguest","10.0.20348","Running","Microsoft.OffAzure/HyperVSites/machines","2025-02-13T15:05:57.5905862Z","C:\ClusterStorage\Volume11\HICP5543\Virtual Machines\66472667-6595-4671-ACFB-5E8D111D8F84.VMCX","HICP5545.olcc.lan","9.0"
"4096",,,,,,,,,,"B6A6900D-0FB7-434B-8CE0-62E3ABF816AA","1498-1213-2470-3652-6645-9001-00","HICP1310_Clu.olcc.lan","/subscriptions/bc602065-8f71-487b-9fa1-e872b4ce9a79/resourceGroups/rg-dcstratmig-prd-003/providers/Microsoft.OffAzure/HyperVSites/HYPV-AZ-MIGVA24225site/clusters/hicp1310-clu-olcc-lan-4fb0bd14-3fa8-4561-ad74-93b04087d47c","2025-02-11T20:29:48.7540214Z","Microsoft.Azure.PowerShell.Cmdlets.Migrate.Models.Api202001.IHyperVDisk[]","DC01-ESB01-TRUST","Microsoft.Azure.PowerShell.Cmdlets.Migrate.Models.Api202001.IHealthErrorDetails[]","BIOS","1","2/13/2025 3:20:58 AM","Microsoft Windows Server 2012 R2 Standard","Windows","6.3.9600","Yes","HICP1319",,"/subscriptions/bc602065-8f71-487b-9fa1-e872b4ce9a79/resourceGroups/rg-dcstratmig-prd-003/providers/Microsoft.OffAzure/HyperVSites/HYPV-AZ-MIGVA24225site/machines/3946e486-b75e-440c-95d9-2b6ab9f5cca3","3946e486-b75e-440c-95d9-2b6ab9f5cca3","False","False","False","Cluster","65536","3946e486-b75e-440c-95d9-2b6ab9f5cca3","Microsoft.Azure.PowerShell.Cmdlets.Migrate.Models.Api202001.IHyperVNetworkAdapter[]","41","2","Windows Server 2012 R2 Standard","windowsguest","6.3.9600","Running","Microsoft.OffAzure/HyperVSites/machines","2025-02-13T03:22:55.4369272Z","C:\ClusterStorage\Volume12\DC01-ESB01-TRUST\Virtual Machines\3946E486-B75E-440C-95D9-2B6AB9F5CCA3.VMCX","DC01-ESB01-TRUST.olcc.lan","9.0"
"24576",,,,,,,,,,"393F37A0-D0BF-4E78-992E-5C768C466D83","8802-8527-6929-5853-2777-2331-19","HICP1310_Clu.olcc.lan","/subscriptions/bc602065-8f71-487b-9fa1-e872b4ce9a79/resourceGroups/rg-dcstratmig-prd-003/providers/Microsoft.OffAzure/HyperVSites/HYPV-AZ-MIGVA24225site/clusters/hicp1310-clu-olcc-lan-4fb0bd14-3fa8-4561-ad74-93b04087d47c","2025-02-11T20:29:49.0040334Z","Microsoft.Azure.PowerShell.Cmdlets.Migrate.Models.Api202001.IHyperVDisk[]","HICP3814","Microsoft.Azure.PowerShell.Cmdlets.Migrate.Models.Api202001.IHealthErrorDetails[]","UEFI","2","2/13/2025 3:21:03 AM","Red Hat Enterprise Linux","Linux","8.3","Yes","HICP1310B",,"/subscriptions/bc602065-8f71-487b-9fa1-e872b4ce9a79/resourceGroups/rg-dcstratmig-prd-003/providers/Microsoft.OffAzure/HyperVSites/HYPV-AZ-MIGVA24225site/machines/9370dc5d-5933-45bd-9e9b-7f4cd5f127c2","9370dc5d-5933-45bd-9e9b-7f4cd5f127c2","False","False","False","Cluster","1048576","9370dc5d-5933-45bd-9e9b-7f4cd5f127c2","Microsoft.Azure.PowerShell.Cmdlets.Migrate.Models.Api202001.IHyperVNetworkAdapter[]","66","6","Red Hat Enterprise Linux","linuxguest","4.18.0","Running","Microsoft.OffAzure/HyperVSites/machines","2025-02-13T03:21:03.9664565Z","C:\ClusterStorage\Volume14\HICP3814\Virtual Machines\9370DC5D-5933-45BD-9E9B-7F4CD5F127C2.VMCX","HICP3814.olcc.lan","9.0"
"32768",,,,,,,,,,"D401C0D4-48C7-4979-93A1-0C17F8228708","0039-4601-6967-6125-4407-5484-75","HICP1310_Clu.olcc.lan","/subscriptions/bc602065-8f71-487b-9fa1-e872b4ce9a79/resourceGroups/rg-dcstratmig-prd-003/providers/Microsoft.OffAzure/HyperVSites/HYPV-AZ-MIGVA24225site/clusters/hicp1310-clu-olcc-lan-4fb0bd14-3fa8-4561-ad74-93b04087d47c","2025-02-11T20:29:49.2539680Z","Microsoft.Azure.PowerShell.Cmdlets.Migrate.Models.Api202001.IHyperVDisk[]","HICP1210C","Microsoft.Azure.PowerShell.Cmdlets.Migrate.Models.Api202001.IHealthErrorDetails[]","UEFI","2","2/13/2025 3:21:31 AM","Microsoft Windows Server 2022 Datacenter","Windows","10.0.20348","Yes","HICP1313",,"/subscriptions/bc602065-8f71-487b-9fa1-e872b4ce9a79/resourceGroups/rg-dcstratmig-prd-003/providers/Microsoft.OffAzure/HyperVSites/HYPV-AZ-MIGVA24225site/machines/fc5b7e76-6a95-4109-bb06-57896a3bd40f","fc5b7e76-6a95-4109-bb06-57896a3bd40f","False","False","False","Cluster","1048576","fc5b7e76-6a95-4109-bb06-57896a3bd40f","Microsoft.Azure.PowerShell.Cmdlets.Migrate.Models.Api202001.IHyperVNetworkAdapter[]","13","10","Windows Server 2022 Datacenter","windowsguest","10.0.20348","Running","Microsoft.OffAzure/HyperVSites/machines","2025-02-13T15:05:57.7312247Z","C:\ClusterStorage\Volume11\HICP1210C\Virtual Machines\FC5B7E76-6A95-4109-BB06-57896A3BD40F.VMCX","HICP1210C.olcc.lan","9.0"
"16384",,,,,,,,,,"4A4B4AF2-57C1-4A67-9E21-55AE43CDB36A","9418-7736-6551-7219-1166-8359-62","HICP1310_Clu.olcc.lan","/subscriptions/bc602065-8f71-487b-9fa1-e872b4ce9a79/resourceGroups/rg-dcstratmig-prd-003/providers/Microsoft.OffAzure/HyperVSites/HYPV-AZ-MIGVA24225site/clusters/hicp1310-clu-olcc-lan-4fb0bd14-3fa8-4561-ad74-93b04087d47c","2025-02-11T20:29:49.5040027Z","Microsoft.Azure.PowerShell.Cmdlets.Migrate.Models.Api202001.IHyperVDisk[]","HICP6506","Microsoft.Azure.PowerShell.Cmdlets.Migrate.Models.Api202001.IHealthErrorDetails[]","UEFI","2","2/13/2025 3:20:46 AM","Microsoft Windows Server 2019 Standard","Windows","10.0.17763","Yes","HICP1318",,"/subscriptions/bc602065-8f71-487b-9fa1-e872b4ce9a79/resourceGroups/rg-dcstratmig-prd-003/providers/Microsoft.OffAzure/HyperVSites/HYPV-AZ-MIGVA24225site/machines/a26de672-e02c-4fde-8c4e-2d27ec14d57a","a26de672-e02c-4fde-8c4e-2d27ec14d57a","False","False","False","Cluster","1048576","a26de672-e02c-4fde-8c4e-2d27ec14d57a","Microsoft.Azure.PowerShell.Cmdlets.Migrate.Models.Api202001.IHyperVNetworkAdapter[]","73","4","Windows Server 2019 Standard","windowsguest","10.0.17763","Running","Microsoft.OffAzure/HyperVSites/machines","2025-02-13T15:05:57.8406088Z","C:\ClusterStorage\Volume11\HICP6506\Virtual Machines\A26DE672-E02C-4FDE-8C4E-2D27EC14D57A.VMCX","HICP6506.olcc.lan","9.0"
"4096",,,,,,,,,,"15C2D9E0-CC5B-40B9-A625-BB7BB44EF8FA","8113-8613-0580-4684-1538-1154-55","HICP1323_CLU.olcc.lan","/subscriptions/bc602065-8f71-487b-9fa1-e872b4ce9a79/resourceGroups/rg-dcstratmig-prd-003/providers/Microsoft.OffAzure/HyperVSites/HYPV-AZ-MIGVA24225site/clusters/hicp1323-clu-olcc-lan-fe5137bc-e3d8-415b-9d54-c2debea3ef5d","2025-02-11T20:29:49.7558270Z","Microsoft.Azure.PowerShell.Cmdlets.Migrate.Models.Api202001.IHyperVDisk[]","HICP2503","Microsoft.Azure.PowerShell.Cmdlets.Migrate.Models.Api202001.IHealthErrorDetails[]","UEFI","2",,,,,"Yes","HICP1323A",,"/subscriptions/bc602065-8f71-487b-9fa1-e872b4ce9a79/resourceGroups/rg-dcstratmig-prd-003/providers/Microsoft.OffAzure/HyperVSites/HYPV-AZ-MIGVA24225site/machines/99f5e07e-aa9f-4a6a-8b57-ceb71acfa39d","99f5e07e-aa9f-4a6a-8b57-ceb71acfa39d","False","False","True","Cluster","1048576","99f5e07e-aa9f-4a6a-8b57-ceb71acfa39d","Microsoft.Azure.PowerShell.Cmdlets.Migrate.Models.Api202001.IHyperVNetworkAdapter[]","-1","2","Windows Server 2019 Standard","windowsguest","10.0.17763","Running","Microsoft.OffAzure/HyperVSites/machines","2025-02-13T03:22:15.3260911Z","C:\ClusterStorage\Volume2\HICP2503\Virtual Machines\99F5E07E-AA9F-4A6A-8B57-CEB71ACFA39D.VMCX","HICP2503.olcc.lan","9.0"
"4096",,,,,,,,,,"FBCB4CB7-5036-4009-8585-8799E90706BF","6254-6725-8711-7066-6541-4451-61","HICP1326_CLU.olcc.lan","/subscriptions/bc602065-8f71-487b-9fa1-e872b4ce9a79/resourceGroups/rg-dcstratmig-prd-003/providers/Microsoft.OffAzure/HyperVSites/HYPV-AZ-MIGVA24225site/clusters/hicp1326-clu-olcc-lan-dfe304fe-4c9c-4a21-8ab7-565af1ada800","2025-02-11T20:29:50.0068854Z","Microsoft.Azure.PowerShell.Cmdlets.Migrate.Models.Api202001.IHyperVDisk[]","HICU2032","Microsoft.Azure.PowerShell.Cmdlets.Migrate.Models.Api202001.IHealthErrorDetails[]","UEFI","2","2/13/2025 3:20:27 AM","Microsoft Windows Server 2019 Standard","Windows","10.0.17763","Yes","HICP1326A",,"/subscriptions/bc602065-8f71-487b-9fa1-e872b4ce9a79/resourceGroups/rg-dcstratmig-prd-003/providers/Microsoft.OffAzure/HyperVSites/HYPV-AZ-MIGVA24225site/machines/69dcd3ea-404e-4c08-b5d5-c53389932244","69dcd3ea-404e-4c08-b5d5-c53389932244","False","False","False","Cluster","1048576","69dcd3ea-404e-4c08-b5d5-c53389932244","Microsoft.Azure.PowerShell.Cmdlets.Migrate.Models.Api202001.IHyperVNetworkAdapter[]","15","2","Windows Server 2019 Standard","windowsguest","10.0.17763","Running","Microsoft.OffAzure/HyperVSites/machines","2025-02-20T05:50:07.8145077Z","C:\ClusterStorage\Volume2\HICU2032\Virtual Machines\69DCD3EA-404E-4C08-B5D5-C53389932244.VMCX","HICU2032.olcc.lan","9.0"
"12288",,,,,,,,,,"66124010-8892-4AC8-8195-8DCBC3747309","5562-5304-3882-3971-3144-0808-23","HICP1330_CLU.olcc.lan","/subscriptions/bc602065-8f71-487b-9fa1-e872b4ce9a79/resourceGroups/rg-dcstratmig-prd-003/providers/Microsoft.OffAzure/HyperVSites/HYPV-AZ-MIGVA24225site/clusters/hicp1330-clu-olcc-lan-6b758d3a-0903-4f3f-80a9-2f9a8f5f8e7f","2025-02-11T20:29:50.2569263Z","Microsoft.Azure.PowerShell.Cmdlets.Migrate.Models.Api202001.IHyperVDisk[]","HICP1215A","Microsoft.Azure.PowerShell.Cmdlets.Migrate.Models.Api202001.IHealthErrorDetails[]","UEFI","2",,,,,"Yes","HICP1330B",,"/subscriptions/bc602065-8f71-487b-9fa1-e872b4ce9a79/resourceGroups/rg-dcstratmig-prd-003/providers/Microsoft.OffAzure/HyperVSites/HYPV-AZ-MIGVA24225site/machines/1129fd65-6a18-4c34-9a61-a41aa5149d93","1129fd65-6a18-4c34-9a61-a41aa5149d93","False","False","True","Cluster","1048576","1129fd65-6a18-4c34-9a61-a41aa5149d93","Microsoft.Azure.PowerShell.Cmdlets.Migrate.Models.Api202001.IHyperVNetworkAdapter[]","-1","4","Windows Server 2019 Datacenter","windowsguest","10.0.17763","Running","Microsoft.OffAzure/HyperVSites/machines","2025-02-13T03:21:34.4826594Z","C:\ClusterStorage\Volume1\HICP1215A\Virtual Machines\1129FD65-6A18-4C34-9A61-A41AA5149D93.VMCX","HICP1215A.olcc.lan","9.0"
"34816",,,,,,,,,,"C6180D66-1C16-4ADA-A9F1-A0CE17EF3D7D","1414-6384-4166-6642-2355-0762-67","HICP1326_CLU.olcc.lan","/subscriptions/bc602065-8f71-487b-9fa1-e872b4ce9a79/resourceGroups/rg-dcstratmig-prd-003/providers/Microsoft.OffAzure/HyperVSites/HYPV-AZ-MIGVA24225site/clusters/hicp1326-clu-olcc-lan-dfe304fe-4c9c-4a21-8ab7-565af1ada800","2025-02-11T20:29:50.5083674Z","Microsoft.Azure.PowerShell.Cmdlets.Migrate.Models.Api202001.IHyperVDisk[]","HICU3824","Microsoft.Azure.PowerShell.Cmdlets.Migrate.Models.Api202001.IHealthErrorDetails[]","UEFI","2","2/13/2025 3:19:24 AM","Red Hat Enterprise Linux","Linux","8.4","Yes","HICP1326B",,"/subscriptions/bc602065-8f71-487b-9fa1-e872b4ce9a79/resourceGroups/rg-dcstratmig-prd-003/providers/Microsoft.OffAzure/HyperVSites/HYPV-AZ-MIGVA24225site/machines/5a2ffc70-7788-4d00-8af9-1708157bd4b4","5a2ffc70-7788-4d00-8af9-1708157bd4b4","False","False","False","Cluster","1048576","5a2ffc70-7788-4d00-8af9-1708157bd4b4","Microsoft.Azure.PowerShell.Cmdlets.Migrate.Models.Api202001.IHyperVNetworkAdapter[]","76","3","Red Hat Enterprise Linux","linuxguest","4.18.0","Running","Microsoft.OffAzure/HyperVSites/machines","2025-02-13T03:19:24.9362471Z","C:\ClusterStorage\Volume2\HICU3824\Virtual Machines\5A2FFC70-7788-4D00-8AF9-1708157BD4B4.VMCX","HICU3824.olcc.lan","9.0"
"4096",,,,,,,,,,"4543C903-B988-481A-B55C-EF4A88CA7C24","4264-9710-4037-7175-3141-7488-18","HICP1310_Clu.olcc.lan","/subscriptions/bc602065-8f71-487b-9fa1-e872b4ce9a79/resourceGroups/rg-dcstratmig-prd-003/providers/Microsoft.OffAzure/HyperVSites/HYPV-AZ-MIGVA24225site/clusters/hicp1310-clu-olcc-lan-4fb0bd14-3fa8-4561-ad74-93b04087d47c","2025-02-11T20:29:50.7746154Z","Microsoft.Azure.PowerShell.Cmdlets.Migrate.Models.Api202001.IHyperVDisk[]","NVDWINFGPRD","Microsoft.Azure.PowerShell.Cmdlets.Migrate.Models.Api202001.IHealthErrorDetails[]","UEFI","2","2/13/2025 3:20:11 AM","Microsoft Windows Server 2016 Standard","Windows","10.0.14393","Yes","HICP1312",,"/subscriptions/bc602065-8f71-487b-9fa1-e872b4ce9a79/resourceGroups/rg-dcstratmig-prd-003/providers/Microsoft.OffAzure/HyperVSites/HYPV-AZ-MIGVA24225site/machines/30f1b7de-a0f5-497d-9a6c-292ed02468bb","30f1b7de-a0f5-497d-9a6c-292ed02468bb","False","False","False","Cluster","1048576","30f1b7de-a0f5-497d-9a6c-292ed02468bb","Microsoft.Azure.PowerShell.Cmdlets.Migrate.Models.Api202001.IHyperVNetworkAdapter[]","46","2","Windows Server 2016 Standard","windowsguest","10.0.14393","Running","Microsoft.OffAzure/HyperVSites/machines","2025-02-13T03:21:55.7737752Z","C:\ClusterStorage\Volume2\NVDWINFGPRD-New\Virtual Machines\30F1B7DE-A0F5-497D-9A6C-292ED02468BB.VMCX","NVDWINFGPRD.olcc.lan","9.0"
"16384",,,,,,,,,,"ADDE7FC8-ABDF-4E44-A5AE-6567117576AF","6558-5331-9317-0149-4240-9596-72","HICP1310_Clu.olcc.lan","/subscriptions/bc602065-8f71-487b-9fa1-e872b4ce9a79/resourceGroups/rg-dcstratmig-prd-003/providers/Microsoft.OffAzure/HyperVSites/HYPV-AZ-MIGVA24225site/clusters/hicp1310-clu-olcc-lan-4fb0bd14-3fa8-4561-ad74-93b04087d47c","2025-02-11T20:29:51.0247055Z","Microsoft.Azure.PowerShell.Cmdlets.Migrate.Models.Api202001.IHyperVDisk[]","HICP2270","Microsoft.Azure.PowerShell.Cmdlets.Migrate.Models.Api202001.IHealthErrorDetails[]","UEFI","2","2/13/2025 3:20:24 AM","Microsoft Windows Server 2022 Standard","Windows","10.0.20348","Yes","HICP1311",,"/subscriptions/bc602065-8f71-487b-9fa1-e872b4ce9a79/resourceGroups/rg-dcstratmig-prd-003/providers/Microsoft.OffAzure/HyperVSites/HYPV-AZ-MIGVA24225site/machines/2019b36a-17a7-4b79-8a52-54970256c9ec","2019b36a-17a7-4b79-8a52-54970256c9ec","False","False","False","Cluster","1048576","2019b36a-17a7-4b79-8a52-54970256c9ec","Microsoft.Azure.PowerShell.Cmdlets.Migrate.Models.Api202001.IHyperVNetworkAdapter[]","17","2","Windows Server 2022 Standard","windowsguest","10.0.20348","Running","Microsoft.OffAzure/HyperVSites/machines","2025-02-13T15:05:57.9656305Z","C:\ClusterStorage\Volume12\HICP2270\Virtual Machines\2019B36A-17A7-4B79-8A52-54970256C9EC.VMCX","HICP2270.olcc.lan","9.0"
"8192",,,,,,,,,,"315BDBA3-8132-43B0-B4B2-8CAE83F66F77","1082-7874-1828-3128-6691-0462-35","HICP1310_Clu.olcc.lan","/subscriptions/bc602065-8f71-487b-9fa1-e872b4ce9a79/resourceGroups/rg-dcstratmig-prd-003/providers/Microsoft.OffAzure/HyperVSites/HYPV-AZ-MIGVA24225site/clusters/hicp1310-clu-olcc-lan-4fb0bd14-3fa8-4561-ad74-93b04087d47c","2025-02-11T20:29:51.2746683Z","Microsoft.Azure.PowerShell.Cmdlets.Migrate.Models.Api202001.IHyperVDisk[]","DC01-APP01-AZSQL","Microsoft.Azure.PowerShell.Cmdlets.Migrate.Models.Api202001.IHealthErrorDetails[]","BIOS","1","2/13/2025 3:19:57 AM","Microsoft Windows Server 2016 Standard","Windows","10.0.14393","Yes","HICP1310",,"/subscriptions/bc602065-8f71-487b-9fa1-e872b4ce9a79/resourceGroups/rg-dcstratmig-prd-003/providers/Microsoft.OffAzure/HyperVSites/HYPV-AZ-MIGVA24225site/machines/de9cd76d-8346-40e9-a913-afeed94b4c69","de9cd76d-8346-40e9-a913-afeed94b4c69","False","False","False","Cluster","65536","de9cd76d-8346-40e9-a913-afeed94b4c69","Microsoft.Azure.PowerShell.Cmdlets.Migrate.Models.Api202001.IHyperVNetworkAdapter[]","42","2","Windows Server 2016 Standard","windowsguest","10.0.14393","Running","Microsoft.OffAzure/HyperVSites/machines","2025-02-13T03:22:49.3120222Z","C:\ClusterStorage\Volume3\DC01-APP01-AZSQL\Virtual Machines\DE9CD76D-8346-40E9-A913-AFEED94B4C69.VMCX","DC01-APP01-AZSQ.olcc.lan","9.0"
"4096",,,,,,,,,,"357CEBC0-DF52-4DFA-9BA9-E38AA7854CCE","1682-4881-0064-3610-7230-8406-14","HICP1310_Clu.olcc.lan","/subscriptions/bc602065-8f71-487b-9fa1-e872b4ce9a79/resourceGroups/rg-dcstratmig-prd-003/providers/Microsoft.OffAzure/HyperVSites/HYPV-AZ-MIGVA24225site/clusters/hicp1310-clu-olcc-lan-4fb0bd14-3fa8-4561-ad74-93b04087d47c","2025-02-11T20:29:51.5247011Z","Microsoft.Azure.PowerShell.Cmdlets.Migrate.Models.Api202001.IHyperVDisk[]","HICP2267B","Microsoft.Azure.PowerShell.Cmdlets.Migrate.Models.Api202001.IHealthErrorDetails[]","UEFI","2","2/13/2025 3:19:08 AM","Microsoft Windows Server 2022 Standard","Windows","10.0.20348","Yes","HICP1315",,"/subscriptions/bc602065-8f71-487b-9fa1-e872b4ce9a79/resourceGroups/rg-dcstratmig-prd-003/providers/Microsoft.OffAzure/HyperVSites/HYPV-AZ-MIGVA24225site/machines/4275ea08-73ba-4fda-aa74-6d7d1d16d540","4275ea08-73ba-4fda-aa74-6d7d1d16d540","False","False","False","Cluster","1048576","4275ea08-73ba-4fda-aa74-6d7d1d16d540","Microsoft.Azure.PowerShell.Cmdlets.Migrate.Models.Api202001.IHyperVNetworkAdapter[]","10","2","Windows Server 2022 Standard","windowsguest","10.0.20348","Running","Microsoft.OffAzure/HyperVSites/machines","2025-02-13T15:05:58.1061954Z","C:\ClusterStorage\Volume5_ELASTIC\HICP2267B\Virtual Machines\4275EA08-73BA-4FDA-AA74-6D7D1D16D540.VMCX","HICP2267B.olcc.lan","9.0"
"16384",,,,,,,,,,"3D7BD7A2-4B82-487A-B1BB-CD22E8D118A9","2290-8197-3651-3415-9394-0255-58","HICP1310_Clu.olcc.lan","/subscriptions/bc602065-8f71-487b-9fa1-e872b4ce9a79/resourceGroups/rg-dcstratmig-prd-003/providers/Microsoft.OffAzure/HyperVSites/HYPV-AZ-MIGVA24225site/clusters/hicp1310-clu-olcc-lan-4fb0bd14-3fa8-4561-ad74-93b04087d47c","2025-02-11T20:29:51.7929550Z","Microsoft.Azure.PowerShell.Cmdlets.Migrate.Models.Api202001.IHyperVDisk[]","HICP2181A","Microsoft.Azure.PowerShell.Cmdlets.Migrate.Models.Api202001.IHealthErrorDetails[]","UEFI","2","2/13/2025 3:21:21 AM","Microsoft Windows Server 2016 Standard","Windows","10.0.14393","Yes","HICP1317",,"/subscriptions/bc602065-8f71-487b-9fa1-e872b4ce9a79/resourceGroups/rg-dcstratmig-prd-003/providers/Microsoft.OffAzure/HyperVSites/HYPV-AZ-MIGVA24225site/machines/76dc6a45-c098-409b-82a1-0247a16346f4","76dc6a45-c098-409b-82a1-0247a16346f4","False","False","False","Cluster","1048576","76dc6a45-c098-409b-82a1-0247a16346f4","Microsoft.Azure.PowerShell.Cmdlets.Migrate.Models.Api202001.IHyperVNetworkAdapter[]","22","8","Windows Server 2016 Standard","windowsguest","10.0.14393","Running","Microsoft.OffAzure/HyperVSites/machines","2025-02-13T03:21:21.8418313Z","C:\ClusterStorage\Volume13\HICP2181A\Virtual Machines\76DC6A45-C098-409B-82A1-0247A16346F4.VMCX","HICP2181A.olcc.lan","9.0"
"4096",,,,,,,,,,"FDAB941A-2125-409C-9127-4343F54A2CC0","7724-1727-5936-1594-2397-6192-89","HICP1310_Clu.olcc.lan","/subscriptions/bc602065-8f71-487b-9fa1-e872b4ce9a79/resourceGroups/rg-dcstratmig-prd-003/providers/Microsoft.OffAzure/HyperVSites/HYPV-AZ-MIGVA24225site/clusters/hicp1310-clu-olcc-lan-4fb0bd14-3fa8-4561-ad74-93b04087d47c","2025-02-11T20:29:52.0428145Z","Microsoft.Azure.PowerShell.Cmdlets.Migrate.Models.Api202001.IHyperVDisk[]","HICP2500","Microsoft.Azure.PowerShell.Cmdlets.Migrate.Models.Api202001.IHealthErrorDetails[]","UEFI","2","2/13/2025 3:19:12 AM","Microsoft Windows Server 2019 Standard","Windows","10.0.17763","Yes","HICP1310",,"/subscriptions/bc602065-8f71-487b-9fa1-e872b4ce9a79/resourceGroups/rg-dcstratmig-prd-003/providers/Microsoft.OffAzure/HyperVSites/HYPV-AZ-MIGVA24225site/machines/f9aa3cba-fa4a-4e9c-bbd5-c5a5c371b384","f9aa3cba-fa4a-4e9c-bbd5-c5a5c371b384","False","False","False","Cluster","1048576","f9aa3cba-fa4a-4e9c-bbd5-c5a5c371b384","Microsoft.Azure.PowerShell.Cmdlets.Migrate.Models.Api202001.IHyperVNetworkAdapter[]","21","2","Windows Server 2019 Standard","windowsguest","10.0.17763","Running","Microsoft.OffAzure/HyperVSites/machines","2025-02-13T03:22:40.6868626Z","C:\ClusterStorage\Volume2\HICP2500\Virtual Machines\F9AA3CBA-FA4A-4E9C-BBD5-C5A5C371B384.VMCX","HICP2500.olcc.lan","9.0"
"16384",,,,,,,,,,"A80BB5EF-0D14-4C69-A6A8-59B500E8F721","2607-4797-9454-1303-7126-2626-16","HICP1326_CLU.olcc.lan","/subscriptions/bc602065-8f71-487b-9fa1-e872b4ce9a79/resourceGroups/rg-dcstratmig-prd-003/providers/Microsoft.OffAzure/HyperVSites/HYPV-AZ-MIGVA24225site/clusters/hicp1326-clu-olcc-lan-dfe304fe-4c9c-4a21-8ab7-565af1ada800","2025-02-11T20:29:52.2927803Z","Microsoft.Azure.PowerShell.Cmdlets.Migrate.Models.Api202001.IHyperVDisk[]","HICU2390C","Microsoft.Azure.PowerShell.Cmdlets.Migrate.Models.Api202001.IHealthErrorDetails[]","UEFI","2",,,,,"Yes","HICP1326B",,"/subscriptions/bc602065-8f71-487b-9fa1-e872b4ce9a79/resourceGroups/rg-dcstratmig-prd-003/providers/Microsoft.OffAzure/HyperVSites/HYPV-AZ-MIGVA24225site/machines/22b8cb0c-b2a4-4995-87c6-7c5096999f5d","22b8cb0c-b2a4-4995-87c6-7c5096999f5d","False","False","True","Cluster","1048576","22b8cb0c-b2a4-4995-87c6-7c5096999f5d","Microsoft.Azure.PowerShell.Cmdlets.Migrate.Models.Api202001.IHyperVNetworkAdapter[]","-1","8",,"otherguestfamily",,"PowerOff","Microsoft.OffAzure/HyperVSites/machines","2025-02-13T03:22:12.5760134Z","C:\ClusterStorage\Volume2\HICU2390C\Virtual Machines\22B8CB0C-B2A4-4995-87C6-7C5096999F5D.VMCX","","9.0"
"24576",,,,,,,,,,"393F37A0-D0BF-4E78-992E-5C768C466D83","8802-8527-6929-5853-2777-2331-19","HICP1310_Clu.olcc.lan","/subscriptions/bc602065-8f71-487b-9fa1-e872b4ce9a79/resourceGroups/rg-dcstratmig-prd-003/providers/Microsoft.OffAzure/HyperVSites/HYPV-AZ-MIGVA24225site/clusters/hicp1310-clu-olcc-lan-4fb0bd14-3fa8-4561-ad74-93b04087d47c","2025-02-11T20:29:52.5428174Z","Microsoft.Azure.PowerShell.Cmdlets.Migrate.Models.Api202001.IHyperVDisk[]","HICP3816","Microsoft.Azure.PowerShell.Cmdlets.Migrate.Models.Api202001.IHealthErrorDetails[]","UEFI","2","2/13/2025 3:21:30 AM","Red Hat Enterprise Linux","Linux","8.3","Yes","HICP1313",,"/subscriptions/bc602065-8f71-487b-9fa1-e872b4ce9a79/resourceGroups/rg-dcstratmig-prd-003/providers/Microsoft.OffAzure/HyperVSites/HYPV-AZ-MIGVA24225site/machines/c9728166-f677-4648-82a8-14b399bf3acf","c9728166-f677-4648-82a8-14b399bf3acf","False","False","False","Cluster","1048576","c9728166-f677-4648-82a8-14b399bf3acf","Microsoft.Azure.PowerShell.Cmdlets.Migrate.Models.Api202001.IHyperVNetworkAdapter[]","66","6","Red Hat Enterprise Linux","linuxguest","4.18.0","Running","Microsoft.OffAzure/HyperVSites/machines","2025-02-13T03:21:30.4825663Z","C:\ClusterStorage\Volume13\HICP3816\Virtual Machines\C9728166-F677-4648-82A8-14B399BF3ACF.VMCX","HICP3816.olcc.lan","9.0"
"4096",,,,,,,,,,"07FF79CF-EAF2-4D6F-B2D8-5C5A4611F4B7","9162-3652-6152-2191-3444-5333-52","HICP1330_CLU.olcc.lan","/subscriptions/bc602065-8f71-487b-9fa1-e872b4ce9a79/resourceGroups/rg-dcstratmig-prd-003/providers/Microsoft.OffAzure/HyperVSites/HYPV-AZ-MIGVA24225site/clusters/hicp1330-clu-olcc-lan-6b758d3a-0903-4f3f-80a9-2f9a8f5f8e7f","2025-02-11T20:29:52.7929767Z","Microsoft.Azure.PowerShell.Cmdlets.Migrate.Models.Api202001.IHyperVDisk[]","HICP2033","Microsoft.Azure.PowerShell.Cmdlets.Migrate.Models.Api202001.IHealthErrorDetails[]","UEFI","2",,,,,"Yes","HICP1330B",,"/subscriptions/bc602065-8f71-487b-9fa1-e872b4ce9a79/resourceGroups/rg-dcstratmig-prd-003/providers/Microsoft.OffAzure/HyperVSites/HYPV-AZ-MIGVA24225site/machines/6a0e7bfc-0453-46f1-bb10-df9884520d8d","6a0e7bfc-0453-46f1-bb10-df9884520d8d","False","False","True","Cluster","1048576","6a0e7bfc-0453-46f1-bb10-df9884520d8d","Microsoft.Azure.PowerShell.Cmdlets.Migrate.Models.Api202001.IHyperVNetworkAdapter[]","-1","2","Windows Server 2019 Standard","windowsguest","10.0.17763","Running","Microsoft.OffAzure/HyperVSites/machines","2025-02-13T03:21:33.4826095Z","C:\ClusterStorage\Volume1\HICP2033-1\Virtual Machines\6A0E7BFC-0453-46F1-BB10-DF9884520D8D.VMCX","HICP2033.olcc.lan","9.0"
"12288",,,,,,,,,,"C6180D66-1C16-4ADA-A9F1-A0CE17EF3D7D","1414-6384-4166-6642-2355-0762-67","HICP1326_CLU.olcc.lan","/subscriptions/bc602065-8f71-487b-9fa1-e872b4ce9a79/resourceGroups/rg-dcstratmig-prd-003/providers/Microsoft.OffAzure/HyperVSites/HYPV-AZ-MIGVA24225site/clusters/hicp1326-clu-olcc-lan-dfe304fe-4c9c-4a21-8ab7-565af1ada800","2025-02-11T20:29:53.0428226Z","Microsoft.Azure.PowerShell.Cmdlets.Migrate.Models.Api202001.IHyperVDisk[]","HICU3803","Microsoft.Azure.PowerShell.Cmdlets.Migrate.Models.Api202001.IHealthErrorDetails[]","UEFI","2","2/13/2025 3:20:47 AM","Red Hat Enterprise Linux","Linux","8.4","Yes","HICP1326A",,"/subscriptions/bc602065-8f71-487b-9fa1-e872b4ce9a79/resourceGroups/rg-dcstratmig-prd-003/providers/Microsoft.OffAzure/HyperVSites/HYPV-AZ-MIGVA24225site/machines/1e64c2ac-9213-498d-8e7d-c8e1369796ef","1e64c2ac-9213-498d-8e7d-c8e1369796ef","False","False","False","Cluster","1048576","1e64c2ac-9213-498d-8e7d-c8e1369796ef","Microsoft.Azure.PowerShell.Cmdlets.Migrate.Models.Api202001.IHyperVNetworkAdapter[]","76","2","Red Hat Enterprise Linux","linuxguest","4.18.0","Running","Microsoft.OffAzure/HyperVSites/machines","2025-02-13T03:20:47.9661723Z","C:\ClusterStorage\Volume1\HICU3803\Virtual Machines\1E64C2AC-9213-498D-8E7D-C8E1369796EF.VMCX","HICU3803.olcc.lan","9.0"
"34816",,,,,,,,,,"C6180D66-1C16-4ADA-A9F1-A0CE17EF3D7D","1414-6384-4166-6642-2355-0762-67","HICP1326_CLU.olcc.lan","/subscriptions/bc602065-8f71-487b-9fa1-e872b4ce9a79/resourceGroups/rg-dcstratmig-prd-003/providers/Microsoft.OffAzure/HyperVSites/HYPV-AZ-MIGVA24225site/clusters/hicp1326-clu-olcc-lan-dfe304fe-4c9c-4a21-8ab7-565af1ada800","2025-02-11T20:29:53.2928225Z","Microsoft.Azure.PowerShell.Cmdlets.Migrate.Models.Api202001.IHyperVDisk[]","HICU3820","Microsoft.Azure.PowerShell.Cmdlets.Migrate.Models.Api202001.IHealthErrorDetails[]","UEFI","2","2/13/2025 3:20:07 AM","Red Hat Enterprise Linux","Linux","8.4","Yes","HICP1326B",,"/subscriptions/bc602065-8f71-487b-9fa1-e872b4ce9a79/resourceGroups/rg-dcstratmig-prd-003/providers/Microsoft.OffAzure/HyperVSites/HYPV-AZ-MIGVA24225site/machines/cbb6f202-8584-469e-ac25-441dcf70d3dc","cbb6f202-8584-469e-ac25-441dcf70d3dc","False","False","False","Cluster","1048576","cbb6f202-8584-469e-ac25-441dcf70d3dc","Microsoft.Azure.PowerShell.Cmdlets.Migrate.Models.Api202001.IHyperVNetworkAdapter[]","76","3","Red Hat Enterprise Linux","linuxguest","4.18.0","Running","Microsoft.OffAzure/HyperVSites/machines","2025-02-13T03:20:07.4293273Z","C:\ClusterStorage\Volume1\HICU3820\Virtual Machines\CBB6F202-8584-469E-AC25-441DCF70D3DC.VMCX","hicu3820.olcc.lan","9.0"
"8192",,,,,,,,,,"36822C87-8DC4-4A6C-92A7-593EFC1D0465","6460-5834-3221-1134-0365-3751-32","HICP1330_CLU.olcc.lan","/subscriptions/bc602065-8f71-487b-9fa1-e872b4ce9a79/resourceGroups/rg-dcstratmig-prd-003/providers/Microsoft.OffAzure/HyperVSites/HYPV-AZ-MIGVA24225site/clusters/hicp1330-clu-olcc-lan-6b758d3a-0903-4f3f-80a9-2f9a8f5f8e7f","2025-02-11T20:29:53.5428237Z","Microsoft.Azure.PowerShell.Cmdlets.Migrate.Models.Api202001.IHyperVDisk[]","Pvt_Zone_Test","Microsoft.Azure.PowerShell.Cmdlets.Migrate.Models.Api202001.IHealthErrorDetails[]","UEFI","2",,,,,"Yes","HICP1330A",,"/subscriptions/bc602065-8f71-487b-9fa1-e872b4ce9a79/resourceGroups/rg-dcstratmig-prd-003/providers/Microsoft.OffAzure/HyperVSites/HYPV-AZ-MIGVA24225site/machines/ca9687e3-722f-4895-8ed0-912b867ad1a5","ca9687e3-722f-4895-8ed0-912b867ad1a5","False","False","True","Cluster","1048576","ca9687e3-722f-4895-8ed0-912b867ad1a5","Microsoft.Azure.PowerShell.Cmdlets.Migrate.Models.Api202001.IHyperVNetworkAdapter[]","-1","2","Windows Server 2019 Standard","windowsguest","10.0.17763","Running","Microsoft.OffAzure/HyperVSites/machines","2025-02-13T03:22:19.6854552Z","C:\ClusterStorage\Volume1\Pvt_Zone_Test\Virtual Machines\CA9687E3-722F-4895-8ED0-912B867AD1A5.VMCX","WIN-MRRD5UJC5SS","9.0"
"8192",,,,,,,,,,"393F37A0-D0BF-4E78-992E-5C768C466D83","8802-8527-6929-5853-2777-2331-19","HICP1310_Clu.olcc.lan","/subscriptions/bc602065-8f71-487b-9fa1-e872b4ce9a79/resourceGroups/rg-dcstratmig-prd-003/providers/Microsoft.OffAzure/HyperVSites/HYPV-AZ-MIGVA24225site/clusters/hicp1310-clu-olcc-lan-4fb0bd14-3fa8-4561-ad74-93b04087d47c","2025-02-11T20:29:53.7928240Z","Microsoft.Azure.PowerShell.Cmdlets.Migrate.Models.Api202001.IHyperVDisk[]","HICP3803","Microsoft.Azure.PowerShell.Cmdlets.Migrate.Models.Api202001.IHealthErrorDetails[]","UEFI","2","2/13/2025 3:19:15 AM","Red Hat Enterprise Linux","Linux","8.6","Yes","HICP1319",,"/subscriptions/bc602065-8f71-487b-9fa1-e872b4ce9a79/resourceGroups/rg-dcstratmig-prd-003/providers/Microsoft.OffAzure/HyperVSites/HYPV-AZ-MIGVA24225site/machines/13dcef70-0eb8-48f7-a3ec-17c70b1cb998","13dcef70-0eb8-48f7-a3ec-17c70b1cb998","False","False","False","Cluster","1048576","13dcef70-0eb8-48f7-a3ec-17c70b1cb998","Microsoft.Azure.PowerShell.Cmdlets.Migrate.Models.Api202001.IHyperVNetworkAdapter[]","66","2","Red Hat Enterprise Linux","linuxguest","4.18.0","Running","Microsoft.OffAzure/HyperVSites/machines","2025-02-13T03:19:15.8579504Z","C:\ClusterStorage\Volume14\HICP3803\Virtual Machines\13DCEF70-0EB8-48F7-A3EC-17C70B1CB998.VMCX","HICP3803.olcc.lan","9.0"
"8192",,,,,,,,,,"505F8F5B-7292-41A6-9F1D-986370E1765B","5698-8120-2998-7010-6262-2545-86","HICP1310_Clu.olcc.lan","/subscriptions/bc602065-8f71-487b-9fa1-e872b4ce9a79/resourceGroups/rg-dcstratmig-prd-003/providers/Microsoft.OffAzure/HyperVSites/HYPV-AZ-MIGVA24225site/clusters/hicp1310-clu-olcc-lan-4fb0bd14-3fa8-4561-ad74-93b04087d47c","2025-02-11T20:29:54.0428455Z","Microsoft.Azure.PowerShell.Cmdlets.Migrate.Models.Api202001.IHyperVDisk[]","HICP2224B","Microsoft.Azure.PowerShell.Cmdlets.Migrate.Models.Api202001.IHealthErrorDetails[]","UEFI","2","2/13/2025 3:20:54 AM","Microsoft Windows Server 2019 Standard","Windows","10.0.17763","Yes","HICP1310B",,"/subscriptions/bc602065-8f71-487b-9fa1-e872b4ce9a79/resourceGroups/rg-dcstratmig-prd-003/providers/Microsoft.OffAzure/HyperVSites/HYPV-AZ-MIGVA24225site/machines/0c69e19f-5110-4ab6-95cc-7a691d4bc23f","0c69e19f-5110-4ab6-95cc-7a691d4bc23f","False","False","False","Cluster","1048576","0c69e19f-5110-4ab6-95cc-7a691d4bc23f","Microsoft.Azure.PowerShell.Cmdlets.Migrate.Models.Api202001.IHyperVNetworkAdapter[]","42","4","Windows Server 2019 Standard","windowsguest","10.0.17763","Running","Microsoft.OffAzure/HyperVSites/machines","2025-02-13T15:05:58.2156353Z","C:\ClusterStorage\Volume3\HICP2224B\Virtual Machines\0C69E19F-5110-4AB6-95CC-7A691D4BC23F.VMCX","HICP2224B.olcc.lan","9.0"
"16384",,,,,,,,,,"F51C13D5-9F81-45A3-A75B-395799F53DBC","1546-1869-2477-1044-5042-8942-01","HICP1310_Clu.olcc.lan","/subscriptions/bc602065-8f71-487b-9fa1-e872b4ce9a79/resourceGroups/rg-dcstratmig-prd-003/providers/Microsoft.OffAzure/HyperVSites/HYPV-AZ-MIGVA24225site/clusters/hicp1310-clu-olcc-lan-4fb0bd14-3fa8-4561-ad74-93b04087d47c","2025-02-11T20:29:54.2928198Z","Microsoft.Azure.PowerShell.Cmdlets.Migrate.Models.Api202001.IHyperVDisk[]","HICP7702","Microsoft.Azure.PowerShell.Cmdlets.Migrate.Models.Api202001.IHealthErrorDetails[]","BIOS","1","2/13/2025 3:21:08 AM","Microsoft Windows Server 2019 Standard","Windows","10.0.17763","Yes","HICP1318",,"/subscriptions/bc602065-8f71-487b-9fa1-e872b4ce9a79/resourceGroups/rg-dcstratmig-prd-003/providers/Microsoft.OffAzure/HyperVSites/HYPV-AZ-MIGVA24225site/machines/ac09a7a8-dbfc-42d0-a08a-9be68da253fd","ac09a7a8-dbfc-42d0-a08a-9be68da253fd","False","False","False","Cluster","65536","ac09a7a8-dbfc-42d0-a08a-9be68da253fd","Microsoft.Azure.PowerShell.Cmdlets.Migrate.Models.Api202001.IHyperVNetworkAdapter[]","417","6","Windows Server 2019 Standard","windowsguest","10.0.17763","Running","Microsoft.OffAzure/HyperVSites/machines","2025-02-13T03:21:08.5915585Z","C:\ClusterStorage\Volume12\HICP7702\Virtual Machines\AC09A7A8-DBFC-42D0-A08A-9BE68DA253FD.VMCX","HICP7702.olcc.lan","9.0"
"32768",,,,,,,,,,"3B94E407-EE8B-4342-9A79-9BABD44251E8","2953-4291-6036-0398-8386-5342-32","HICP1310_Clu.olcc.lan","/subscriptions/bc602065-8f71-487b-9fa1-e872b4ce9a79/resourceGroups/rg-dcstratmig-prd-003/providers/Microsoft.OffAzure/HyperVSites/HYPV-AZ-MIGVA24225site/clusters/hicp1310-clu-olcc-lan-4fb0bd14-3fa8-4561-ad74-93b04087d47c","2025-02-11T20:29:54.5428460Z","Microsoft.Azure.PowerShell.Cmdlets.Migrate.Models.Api202001.IHyperVDisk[]","HICP6512","Microsoft.Azure.PowerShell.Cmdlets.Migrate.Models.Api202001.IHealthErrorDetails[]","UEFI","2","2/13/2025 3:19:26 AM","Microsoft Windows Server 2022 Standard","Windows","10.0.20348","Yes","HICP1310C",,"/subscriptions/bc602065-8f71-487b-9fa1-e872b4ce9a79/resourceGroups/rg-dcstratmig-prd-003/providers/Microsoft.OffAzure/HyperVSites/HYPV-AZ-MIGVA24225site/machines/fe0fdb84-f2cb-4928-b3e0-ef23a032e1b4","fe0fdb84-f2cb-4928-b3e0-ef23a032e1b4","False","False","False","Cluster","1048576","fe0fdb84-f2cb-4928-b3e0-ef23a032e1b4","Microsoft.Azure.PowerShell.Cmdlets.Migrate.Models.Api202001.IHyperVNetworkAdapter[]","60","4","Windows Server 2022 Standard","windowsguest","10.0.20348","Running","Microsoft.OffAzure/HyperVSites/machines","2025-02-13T03:22:42.9369071Z","C:\ClusterStorage\Volume3\HICP6512\Virtual Machines\FE0FDB84-F2CB-4928-B3E0-EF23A032E1B4.VMCX","HICP6512.olcc.lan","9.0"
"8192",,,,,,,,,,"87CD7C41-E42C-45BD-8095-8A3AEADE3AD4","6125-9202-2998-7029-8227-2823-65","HICP1326_CLU.olcc.lan","/subscriptions/bc602065-8f71-487b-9fa1-e872b4ce9a79/resourceGroups/rg-dcstratmig-prd-003/providers/Microsoft.OffAzure/HyperVSites/HYPV-AZ-MIGVA24225site/clusters/hicp1326-clu-olcc-lan-dfe304fe-4c9c-4a21-8ab7-565af1ada800","2025-02-11T20:29:54.7927969Z","Microsoft.Azure.PowerShell.Cmdlets.Migrate.Models.Api202001.IHyperVDisk[]","NP05-APP01A-TSW","Microsoft.Azure.PowerShell.Cmdlets.Migrate.Models.Api202001.IHealthErrorDetails[]","BIOS","1","2/13/2025 3:20:05 AM","Microsoft Windows Server 2019 Standard","Windows","10.0.17763","Yes","HICP1326A",,"/subscriptions/bc602065-8f71-487b-9fa1-e872b4ce9a79/resourceGroups/rg-dcstratmig-prd-003/providers/Microsoft.OffAzure/HyperVSites/HYPV-AZ-MIGVA24225site/machines/720755d7-cc5a-416d-b614-345145ba14fb","720755d7-cc5a-416d-b614-345145ba14fb","False","False","False","Cluster","65536","720755d7-cc5a-416d-b614-345145ba14fb","Microsoft.Azure.PowerShell.Cmdlets.Migrate.Models.Api202001.IHyperVNetworkAdapter[]","53","2","Windows Server 2019 Standard","windowsguest","10.0.17763","Running","Microsoft.OffAzure/HyperVSites/machines","2025-02-13T15:05:58.3405877Z","C:\ClusterStorage\Volume1\NP05-APP01A-TSW\Virtual Machines\720755D7-CC5A-416D-B614-345145BA14FB.VMCX","NP05-APP01A-TSW.olcc.lan","9.0"
"4096",,,,,,,,,,"73CC255B-FB31-41AD-B94A-96CE9D9E06CF","6459-7461-5546-5966-1023-2301-83","HICP1323_CLU.olcc.lan","/subscriptions/bc602065-8f71-487b-9fa1-e872b4ce9a79/resourceGroups/rg-dcstratmig-prd-003/providers/Microsoft.OffAzure/HyperVSites/HYPV-AZ-MIGVA24225site/clusters/hicp1323-clu-olcc-lan-fe5137bc-e3d8-415b-9d54-c2debea3ef5d","2025-02-11T20:29:55.0428396Z","Microsoft.Azure.PowerShell.Cmdlets.Migrate.Models.Api202001.IHyperVDisk[]","HICP3702","Microsoft.Azure.PowerShell.Cmdlets.Migrate.Models.Api202001.IHealthErrorDetails[]","UEFI","2",,,,,"Yes","HICP1323A",,"/subscriptions/bc602065-8f71-487b-9fa1-e872b4ce9a79/resourceGroups/rg-dcstratmig-prd-003/providers/Microsoft.OffAzure/HyperVSites/HYPV-AZ-MIGVA24225site/machines/a59b7a1a-b145-4b3b-be52-32555cea9eb8","a59b7a1a-b145-4b3b-be52-32555cea9eb8","False","False","True","Cluster","1048576","a59b7a1a-b145-4b3b-be52-32555cea9eb8","Microsoft.Azure.PowerShell.Cmdlets.Migrate.Models.Api202001.IHyperVNetworkAdapter[]","-1","2","Rocky Linux","linuxguest","5.14.0","Running","Microsoft.OffAzure/HyperVSites/machines","2025-02-13T03:22:12.8260277Z","C:\ClusterStorage\Volume1\HICP3505\Virtual Machines\A59B7A1A-B145-4B3B-BE52-32555CEA9EB8.VMCX","hicp3702.orangelake.com","9.0"
"6144",,,,,,,,,,"7A95A6FF-0E26-4B27-A0E7-84073B6984FC","9875-3280-2639-7677-9273-9859-57","HICP1310_Clu.olcc.lan","/subscriptions/bc602065-8f71-487b-9fa1-e872b4ce9a79/resourceGroups/rg-dcstratmig-prd-003/providers/Microsoft.OffAzure/HyperVSites/HYPV-AZ-MIGVA24225site/clusters/hicp1310-clu-olcc-lan-4fb0bd14-3fa8-4561-ad74-93b04087d47c","2025-02-11T20:29:55.2928268Z","Microsoft.Azure.PowerShell.Cmdlets.Migrate.Models.Api202001.IHyperVDisk[]","HICP5512","Microsoft.Azure.PowerShell.Cmdlets.Migrate.Models.Api202001.IHealthErrorDetails[]","UEFI","2","2/13/2025 3:20:44 AM","Microsoft Windows Server 2022 Standard","Windows","10.0.20348","Yes","HICP1315",,"/subscriptions/bc602065-8f71-487b-9fa1-e872b4ce9a79/resourceGroups/rg-dcstratmig-prd-003/providers/Microsoft.OffAzure/HyperVSites/HYPV-AZ-MIGVA24225site/machines/e6f5bc4f-ecbf-47a8-b6b9-e22710956a4e","e6f5bc4f-ecbf-47a8-b6b9-e22710956a4e","False","False","False","Cluster","1048576","e6f5bc4f-ecbf-47a8-b6b9-e22710956a4e","Microsoft.Azure.PowerShell.Cmdlets.Migrate.Models.Api202001.IHyperVNetworkAdapter[]","58","2","Windows Server 2022 Standard","windowsguest","10.0.20348","Running","Microsoft.OffAzure/HyperVSites/machines","2025-02-13T15:02:13.5185972Z","C:\ClusterStorage\Volume13\HICP5512\Virtual Machines\E6F5BC4F-ECBF-47A8-B6B9-E22710956A4E.VMCX","HICP5512.olcc.lan","9.0"
"6144",,,,,,,,,,"7411D50C-D187-400E-A2C9-A0DCD4DDAA08","1796-2924-1336-4717-5772-2799-53","HICP1310_Clu.olcc.lan","/subscriptions/bc602065-8f71-487b-9fa1-e872b4ce9a79/resourceGroups/rg-dcstratmig-prd-003/providers/Microsoft.OffAzure/HyperVSites/HYPV-AZ-MIGVA24225site/clusters/hicp1310-clu-olcc-lan-4fb0bd14-3fa8-4561-ad74-93b04087d47c","2025-02-11T20:29:55.5428059Z","Microsoft.Azure.PowerShell.Cmdlets.Migrate.Models.Api202001.IHyperVDisk[]","HICP0001","Microsoft.Azure.PowerShell.Cmdlets.Migrate.Models.Api202001.IHealthErrorDetails[]","UEFI","2",,,,,"Yes","HICP1316",,"/subscriptions/bc602065-8f71-487b-9fa1-e872b4ce9a79/resourceGroups/rg-dcstratmig-prd-003/providers/Microsoft.OffAzure/HyperVSites/HYPV-AZ-MIGVA24225site/machines/cd0542c1-641d-4a13-bd50-384fc8a5b17b","cd0542c1-641d-4a13-bd50-384fc8a5b17b","False","False","True","Cluster","1048576","cd0542c1-641d-4a13-bd50-384fc8a5b17b","Microsoft.Azure.PowerShell.Cmdlets.Migrate.Models.Api202001.IHyperVNetworkAdapter[]","-1","6","Windows Server 2022 Standard","windowsguest","10.0.20348","Running","Microsoft.OffAzure/HyperVSites/machines","2025-02-13T03:22:02.3151825Z","C:\ClusterStorage\Volume13\HICP0001\Virtual Machines\CD0542C1-641D-4A13-BD50-384FC8A5B17B.VMCX","HICP0001.olcc.lan","9.0"
"4096",,,,,,,,,,"3B06022E-9DD9-470C-9505-1B693CF58476","2597-0435-0985-0419-2820-6706-53","HICP1310_Clu.olcc.lan","/subscriptions/bc602065-8f71-487b-9fa1-e872b4ce9a79/resourceGroups/rg-dcstratmig-prd-003/providers/Microsoft.OffAzure/HyperVSites/HYPV-AZ-MIGVA24225site/clusters/hicp1310-clu-olcc-lan-4fb0bd14-3fa8-4561-ad74-93b04087d47c","2025-02-11T20:29:55.8084718Z","Microsoft.Azure.PowerShell.Cmdlets.Migrate.Models.Api202001.IHyperVDisk[]","HICP2409","Microsoft.Azure.PowerShell.Cmdlets.Migrate.Models.Api202001.IHealthErrorDetails[]","UEFI","2",,,,,"Yes","HICP1310",,"/subscriptions/bc602065-8f71-487b-9fa1-e872b4ce9a79/resourceGroups/rg-dcstratmig-prd-003/providers/Microsoft.OffAzure/HyperVSites/HYPV-AZ-MIGVA24225site/machines/d1a291c3-9990-4967-b059-ed1d143c2303","d1a291c3-9990-4967-b059-ed1d143c2303","False","False","True","Cluster","1048576","d1a291c3-9990-4967-b059-ed1d143c2303","Microsoft.Azure.PowerShell.Cmdlets.Migrate.Models.Api202001.IHyperVNetworkAdapter[]","-1","2",,"otherguestfamily",,"Running","Microsoft.OffAzure/HyperVSites/machines","2025-02-13T03:22:26.2012097Z","C:\ClusterStorage\Volume13\HICP2409\Virtual Machines\D1A291C3-9990-4967-B059-ED1D143C2303.VMCX","","9.0"
"8192",,,,,,,,,,"6364B241-2A1A-41C7-8D60-77B01B4D5EA4","4652-5590-5862-4263-5893-0769-13","HICP1310_Clu.olcc.lan","/subscriptions/bc602065-8f71-487b-9fa1-e872b4ce9a79/resourceGroups/rg-dcstratmig-prd-003/providers/Microsoft.OffAzure/HyperVSites/HYPV-AZ-MIGVA24225site/clusters/hicp1310-clu-olcc-lan-4fb0bd14-3fa8-4561-ad74-93b04087d47c","2025-02-11T20:29:56.3241018Z","Microsoft.Azure.PowerShell.Cmdlets.Migrate.Models.Api202001.IHyperVDisk[]","DC01-EDOCS-01","Microsoft.Azure.PowerShell.Cmdlets.Migrate.Models.Api202001.IHealthErrorDetails[]","BIOS","1","2/13/2025 3:21:18 AM","Microsoft Windows Server 2019 Standard","Windows","10.0.17763","Yes","HICP1314",,"/subscriptions/bc602065-8f71-487b-9fa1-e872b4ce9a79/resourceGroups/rg-dcstratmig-prd-003/providers/Microsoft.OffAzure/HyperVSites/HYPV-AZ-MIGVA24225site/machines/2db3d868-deba-42a0-86dd-d6e8c14d6e95","2db3d868-deba-42a0-86dd-d6e8c14d6e95","False","False","False","Cluster","65536","2db3d868-deba-42a0-86dd-d6e8c14d6e95","Microsoft.Azure.PowerShell.Cmdlets.Migrate.Models.Api202001.IHyperVNetworkAdapter[]","56","4","Windows Server 2019 Standard","windowsguest","10.0.17763","Running","Microsoft.OffAzure/HyperVSites/machines","2025-02-13T15:05:58.4655673Z","C:\ClusterStorage\Volume3\DC01-EDOCS-02\Virtual Machines\2DB3D868-DEBA-42A0-86DD-D6E8C14D6E95.VMCX","DC01-EDOCS-01.olcc.lan","9.0"
"4096",,,,,,,,,,"C662633E-C25D-419C-9580-3073752A303A","0054-8733-6683-7475-3622-3770-33","HICP1326_CLU.olcc.lan","/subscriptions/bc602065-8f71-487b-9fa1-e872b4ce9a79/resourceGroups/rg-dcstratmig-prd-003/providers/Microsoft.OffAzure/HyperVSites/HYPV-AZ-MIGVA24225site/clusters/hicp1326-clu-olcc-lan-dfe304fe-4c9c-4a21-8ab7-565af1ada800","2025-02-11T20:29:56.5897121Z","Microsoft.Azure.PowerShell.Cmdlets.Migrate.Models.Api202001.IHyperVDisk[]","HICU2120","Microsoft.Azure.PowerShell.Cmdlets.Migrate.Models.Api202001.IHealthErrorDetails[]","UEFI","2","2/13/2025 3:21:12 AM","Microsoft Windows Server 2019 Standard","Windows","10.0.17763","Yes","HICP1326C",,"/subscriptions/bc602065-8f71-487b-9fa1-e872b4ce9a79/resourceGroups/rg-dcstratmig-prd-003/providers/Microsoft.OffAzure/HyperVSites/HYPV-AZ-MIGVA24225site/machines/775f0bf1-ef3b-47f6-b296-be3df2a6aae9","775f0bf1-ef3b-47f6-b296-be3df2a6aae9","False","False","False","Cluster","1048576","775f0bf1-ef3b-47f6-b296-be3df2a6aae9","Microsoft.Azure.PowerShell.Cmdlets.Migrate.Models.Api202001.IHyperVNetworkAdapter[]","22","2","Windows Server 2019 Standard","windowsguest","10.0.17763","Running","Microsoft.OffAzure/HyperVSites/machines","2025-02-13T15:05:58.5905706Z","C:\ClusterStorage\Volume1\HICU2120\Virtual Machines\775F0BF1-EF3B-47F6-B296-BE3DF2A6AAE9.VMCX","HICU2120.olcc.lan","9.0"
"16384",,,,,,,,,,"B4EFA290-0C38-483E-B000-88F751CB1731","3301-3466-6502-6269-5922-0772-46","HICP1310_Clu.olcc.lan","/subscriptions/bc602065-8f71-487b-9fa1-e872b4ce9a79/resourceGroups/rg-dcstratmig-prd-003/providers/Microsoft.OffAzure/HyperVSites/HYPV-AZ-MIGVA24225site/clusters/hicp1310-clu-olcc-lan-4fb0bd14-3fa8-4561-ad74-93b04087d47c","2025-02-11T20:29:56.8553092Z","Microsoft.Azure.PowerShell.Cmdlets.Migrate.Models.Api202001.IHyperVDisk[]","HICP2281","Microsoft.Azure.PowerShell.Cmdlets.Migrate.Models.Api202001.IHealthErrorDetails[]","UEFI","2","2/13/2025 3:21:19 AM","Microsoft Windows Server 2019 Standard","Windows","10.0.17763","Yes","HICP1313",,"/subscriptions/bc602065-8f71-487b-9fa1-e872b4ce9a79/resourceGroups/rg-dcstratmig-prd-003/providers/Microsoft.OffAzure/HyperVSites/HYPV-AZ-MIGVA24225site/machines/8d290e2d-e8ab-4cdb-8ade-981289aba3bf","8d290e2d-e8ab-4cdb-8ade-981289aba3bf","False","False","False","Cluster","1048576","8d290e2d-e8ab-4cdb-8ade-981289aba3bf","Microsoft.Azure.PowerShell.Cmdlets.Migrate.Models.Api202001.IHyperVNetworkAdapter[]","24","8","Windows Server 2019 Standard","windowsguest","10.0.17763","Running","Microsoft.OffAzure/HyperVSites/machines","2025-02-13T03:21:19.9667475Z","C:\ClusterStorage\Volume2\HICP2281\Virtual Machines\8D290E2D-E8AB-4CDB-8ADE-981289ABA3BF.VMCX","HICP2281.olcc.lan","9.0"
"4096",,,,,,,,,,"4A4B4AF2-57C1-4A67-9E21-55AE43CDB36A","9418-7736-6551-7219-1166-8359-62","HICP1310_Clu.olcc.lan","/subscriptions/bc602065-8f71-487b-9fa1-e872b4ce9a79/resourceGroups/rg-dcstratmig-prd-003/providers/Microsoft.OffAzure/HyperVSites/HYPV-AZ-MIGVA24225site/clusters/hicp1310-clu-olcc-lan-4fb0bd14-3fa8-4561-ad74-93b04087d47c","2025-02-11T20:29:57.1053146Z","Microsoft.Azure.PowerShell.Cmdlets.Migrate.Models.Api202001.IHyperVDisk[]","HICP8512B","Microsoft.Azure.PowerShell.Cmdlets.Migrate.Models.Api202001.IHealthErrorDetails[]","UEFI","2","2/13/2025 3:19:54 AM","Microsoft Windows Server 2019 Standard","Windows","10.0.17763","Yes","HICP1319",,"/subscriptions/bc602065-8f71-487b-9fa1-e872b4ce9a79/resourceGroups/rg-dcstratmig-prd-003/providers/Microsoft.OffAzure/HyperVSites/HYPV-AZ-MIGVA24225site/machines/3d216a35-bfcd-4fc8-aa37-a11c1ddf9236","3d216a35-bfcd-4fc8-aa37-a11c1ddf9236","False","False","False","Cluster","1048576","3d216a35-bfcd-4fc8-aa37-a11c1ddf9236","Microsoft.Azure.PowerShell.Cmdlets.Migrate.Models.Api202001.IHyperVNetworkAdapter[]","107","2","Windows Server 2019 Standard","windowsguest","10.0.17763","Running","Microsoft.OffAzure/HyperVSites/machines","2025-02-13T15:05:58.7312015Z","C:\ClusterStorage\Volume3\HICP8512B-2\Virtual Machines\3D216A35-BFCD-4FC8-AA37-A11C1DDF9236.VMCX","HICP8512B.olcc.lan","9.0"
"4096",,,,,,,,,,"3987256F-AE74-4121-B6F0-2256D4E83B27","5376-2855-2750-0129-3407-6391-81","HICP1310_Clu.olcc.lan","/subscriptions/bc602065-8f71-487b-9fa1-e872b4ce9a79/resourceGroups/rg-dcstratmig-prd-003/providers/Microsoft.OffAzure/HyperVSites/HYPV-AZ-MIGVA24225site/clusters/hicp1310-clu-olcc-lan-4fb0bd14-3fa8-4561-ad74-93b04087d47c","2025-02-11T20:29:57.3553144Z","Microsoft.Azure.PowerShell.Cmdlets.Migrate.Models.Api202001.IHyperVDisk[]","OLPRDAPP1","Microsoft.Azure.PowerShell.Cmdlets.Migrate.Models.Api202001.IHealthErrorDetails[]","BIOS","1","2/13/2025 3:20:19 AM","Microsoft Windows Server 2019 Standard","Windows","10.0.17763","Yes","HICP1319",,"/subscriptions/bc602065-8f71-487b-9fa1-e872b4ce9a79/resourceGroups/rg-dcstratmig-prd-003/providers/Microsoft.OffAzure/HyperVSites/HYPV-AZ-MIGVA24225site/machines/29000af3-bd7a-4c83-8330-85ea016f64f8","29000af3-bd7a-4c83-8330-85ea016f64f8","False","False","False","Cluster","65536","29000af3-bd7a-4c83-8330-85ea016f64f8","Microsoft.Azure.PowerShell.Cmdlets.Migrate.Models.Api202001.IHyperVNetworkAdapter[]","41","2","Windows Server 2019 Standard","windowsguest","10.0.17763","Running","Microsoft.OffAzure/HyperVSites/machines","2025-02-13T15:05:58.8562452Z","C:\ClusterStorage\Volume3\OLPRDAPP1 (DocBinder)\Virtual Machines\29000AF3-BD7A-4C83-8330-85EA016F64F8.VMCX","OLPRDAPP1.olcc.lan","9.0"
"16384",,,,,,,,,,"93D8745B-5FC1-4108-8EE4-2BAB19E38E08","1036-4068-0695-6077-0601-4924-13","HICP1310_Clu.olcc.lan","/subscriptions/bc602065-8f71-487b-9fa1-e872b4ce9a79/resourceGroups/rg-dcstratmig-prd-003/providers/Microsoft.OffAzure/HyperVSites/HYPV-AZ-MIGVA24225site/clusters/hicp1310-clu-olcc-lan-4fb0bd14-3fa8-4561-ad74-93b04087d47c","2025-02-11T20:29:57.6365652Z","Microsoft.Azure.PowerShell.Cmdlets.Migrate.Models.Api202001.IHyperVDisk[]","HICP5548","Microsoft.Azure.PowerShell.Cmdlets.Migrate.Models.Api202001.IHealthErrorDetails[]","UEFI","2","2/13/2025 3:20:59 AM","Microsoft Windows Server 2019 Standard","Windows","10.0.17763","Yes","HICP1314",,"/subscriptions/bc602065-8f71-487b-9fa1-e872b4ce9a79/resourceGroups/rg-dcstratmig-prd-003/providers/Microsoft.OffAzure/HyperVSites/HYPV-AZ-MIGVA24225site/machines/a79e117c-2b06-4b18-9607-0c7d138a71ce","a79e117c-2b06-4b18-9607-0c7d138a71ce","False","False","False","Cluster","1048576","a79e117c-2b06-4b18-9607-0c7d138a71ce","Microsoft.Azure.PowerShell.Cmdlets.Migrate.Models.Api202001.IHyperVNetworkAdapter[]","24","2","Windows Server 2019 Standard","windowsguest","10.0.17763","Running","Microsoft.OffAzure/HyperVSites/machines","2025-02-13T03:20:59.7164019Z","C:\ClusterStorage\Volume2\HICP5548\Virtual Machines\A79E117C-2B06-4B18-9607-0C7D138A71CE.VMCX","HICP5548.olcc.lan","9.0"
"20480",,,,,,,,,,"3D7BD7A2-4B82-487A-B1BB-CD22E8D118A9","2290-8197-3651-3415-9394-0255-58","HICP1326_CLU.olcc.lan","/subscriptions/bc602065-8f71-487b-9fa1-e872b4ce9a79/resourceGroups/rg-dcstratmig-prd-003/providers/Microsoft.OffAzure/HyperVSites/HYPV-AZ-MIGVA24225site/clusters/hicp1326-clu-olcc-lan-dfe304fe-4c9c-4a21-8ab7-565af1ada800","2025-02-11T20:29:57.9178441Z","Microsoft.Azure.PowerShell.Cmdlets.Migrate.Models.Api202001.IHyperVDisk[]","HICU2180A","Microsoft.Azure.PowerShell.Cmdlets.Migrate.Models.Api202001.IHealthErrorDetails[]","UEFI","2","2/13/2025 3:19:58 AM","Microsoft Windows Server 2016 Standard","Windows","10.0.14393","Yes","HICP1326D",,"/subscriptions/bc602065-8f71-487b-9fa1-e872b4ce9a79/resourceGroups/rg-dcstratmig-prd-003/providers/Microsoft.OffAzure/HyperVSites/HYPV-AZ-MIGVA24225site/machines/ffbb60eb-ddf6-4c70-bb2e-a64993d4fc57","ffbb60eb-ddf6-4c70-bb2e-a64993d4fc57","False","False","False","Cluster","1048576","ffbb60eb-ddf6-4c70-bb2e-a64993d4fc57","Microsoft.Azure.PowerShell.Cmdlets.Migrate.Models.Api202001.IHyperVNetworkAdapter[]","24","8","Windows Server 2016 Standard","windowsguest","10.0.14393","Running","Microsoft.OffAzure/HyperVSites/machines","2025-02-13T03:19:58.6635512Z","C:\ClusterStorage\Volume1\HICU2180A\Virtual Machines\FFBB60EB-DDF6-4C70-BB2E-A64993D4FC57.VMCX","HICU2180A.olcc.lan","9.0"
"8192",,,,,,,,,,"CEF733A1-7062-4055-BB32-3E671998CC4D","7848-2830-1401-7469-8422-1859-40","HICP1323_CLU.olcc.lan","/subscriptions/bc602065-8f71-487b-9fa1-e872b4ce9a79/resourceGroups/rg-dcstratmig-prd-003/providers/Microsoft.OffAzure/HyperVSites/HYPV-AZ-MIGVA24225site/clusters/hicp1323-clu-olcc-lan-fe5137bc-e3d8-415b-9d54-c2debea3ef5d","2025-02-11T20:29:59.3709877Z","Microsoft.Azure.PowerShell.Cmdlets.Migrate.Models.Api202001.IHyperVDisk[]","FLOLVEWSDEVTST","Microsoft.Azure.PowerShell.Cmdlets.Migrate.Models.Api202001.IHealthErrorDetails[]","BIOS","1",,,,,"Yes","HICP1323A",,"/subscriptions/bc602065-8f71-487b-9fa1-e872b4ce9a79/resourceGroups/rg-dcstratmig-prd-003/providers/Microsoft.OffAzure/HyperVSites/HYPV-AZ-MIGVA24225site/machines/62e4bee9-8bd7-4362-a3dc-21d3b107c85d","62e4bee9-8bd7-4362-a3dc-21d3b107c85d","False","False","True","Cluster","65536","62e4bee9-8bd7-4362-a3dc-21d3b107c85d","Microsoft.Azure.PowerShell.Cmdlets.Migrate.Models.Api202001.IHyperVNetworkAdapter[]","-1","2","Windows Server 2019 Standard","windowsguest","10.0.17763","Running","Microsoft.OffAzure/HyperVSites/machines","2025-02-13T03:46:58.0789624Z","C:\ClusterStorage\Volume2\FLOLVEWSDEVTST\Virtual Machines\62E4BEE9-8BD7-4362-A3DC-21D3B107C85D.VMCX","FLOLVEWSDEVTST.olcc.lan","9.0"
"4096",,,,,,,,,,"14866450-2AE6-4201-A869-FFED45549343","1453-8202-9873-9202-2546-2087-98","HICP1326_CLU.olcc.lan","/subscriptions/bc602065-8f71-487b-9fa1-e872b4ce9a79/resourceGroups/rg-dcstratmig-prd-003/providers/Microsoft.OffAzure/HyperVSites/HYPV-AZ-MIGVA24225site/clusters/hicp1326-clu-olcc-lan-dfe304fe-4c9c-4a21-8ab7-565af1ada800","2025-02-11T20:29:59.6209956Z","Microsoft.Azure.PowerShell.Cmdlets.Migrate.Models.Api202001.IHyperVDisk[]","HICU2340A","Microsoft.Azure.PowerShell.Cmdlets.Migrate.Models.Api202001.IHealthErrorDetails[]","UEFI","2","2/13/2025 3:21:13 AM","Microsoft Windows Server 2022 Standard","Windows","10.0.20348","Yes","HICP1326B",,"/subscriptions/bc602065-8f71-487b-9fa1-e872b4ce9a79/resourceGroups/rg-dcstratmig-prd-003/providers/Microsoft.OffAzure/HyperVSites/HYPV-AZ-MIGVA24225site/machines/853e5d84-ba14-4772-a069-4cc67dcf6a95","853e5d84-ba14-4772-a069-4cc67dcf6a95","False","False","False","Cluster","1048576","853e5d84-ba14-4772-a069-4cc67dcf6a95","Microsoft.Azure.PowerShell.Cmdlets.Migrate.Models.Api202001.IHyperVNetworkAdapter[]","17","2","Windows Server 2022 Standard","windowsguest","10.0.20348","Running","Microsoft.OffAzure/HyperVSites/machines","2025-02-13T03:21:13.4666325Z","C:\ClusterStorage\Volume1\HICU2340A\Virtual Machines\853E5D84-BA14-4772-A069-4CC67DCF6A95.VMCX","HICU2340A.olcc.lan","9.0"
"4096",,,,,,,,,,"4A4B4AF2-57C1-4A67-9E21-55AE43CDB36A","9418-7736-6551-7219-1166-8359-62","HICP1310_Clu.olcc.lan","/subscriptions/bc602065-8f71-487b-9fa1-e872b4ce9a79/resourceGroups/rg-dcstratmig-prd-003/providers/Microsoft.OffAzure/HyperVSites/HYPV-AZ-MIGVA24225site/clusters/hicp1310-clu-olcc-lan-4fb0bd14-3fa8-4561-ad74-93b04087d47c","2025-02-11T20:29:59.9178303Z","Microsoft.Azure.PowerShell.Cmdlets.Migrate.Models.Api202001.IHyperVDisk[]","HICP8510","Microsoft.Azure.PowerShell.Cmdlets.Migrate.Models.Api202001.IHealthErrorDetails[]","UEFI","2","2/13/2025 3:21:19 AM","Microsoft Windows Server 2019 Standard","Windows","10.0.17763","Yes","HICP1310",,"/subscriptions/bc602065-8f71-487b-9fa1-e872b4ce9a79/resourceGroups/rg-dcstratmig-prd-003/providers/Microsoft.OffAzure/HyperVSites/HYPV-AZ-MIGVA24225site/machines/3d114758-18f8-40d7-ab2c-445ee1033468","3d114758-18f8-40d7-ab2c-445ee1033468","False","False","False","Cluster","1048576","3d114758-18f8-40d7-ab2c-445ee1033468","Microsoft.Azure.PowerShell.Cmdlets.Migrate.Models.Api202001.IHyperVNetworkAdapter[]","21","2","Windows Server 2019 Standard","windowsguest","10.0.17763","Running","Microsoft.OffAzure/HyperVSites/machines","2025-02-13T03:23:00.0728275Z","C:\ClusterStorage\Volume11\HICP8510-2\Virtual Machines\3D114758-18F8-40D7-AB2C-445EE1033468.VMCX","HICP8510.olcc.lan","9.0"
"32768",,,,,,,,,,"198ABF9B-62D0-41EA-994C-2328A1A0D69A","6653-5551-6490-0300-6843-4556-97","HICP1310_Clu.olcc.lan","/subscriptions/bc602065-8f71-487b-9fa1-e872b4ce9a79/resourceGroups/rg-dcstratmig-prd-003/providers/Microsoft.OffAzure/HyperVSites/HYPV-AZ-MIGVA24225site/clusters/hicp1310-clu-olcc-lan-4fb0bd14-3fa8-4561-ad74-93b04087d47c","2025-02-11T20:30:00.4178375Z","Microsoft.Azure.PowerShell.Cmdlets.Migrate.Models.Api202001.IHyperVDisk[]","DC01-DB24-PBRS","Microsoft.Azure.PowerShell.Cmdlets.Migrate.Models.Api202001.IHealthErrorDetails[]","BIOS","1","2/13/2025 2:36:56 AM","Microsoft Windows Server 2012 R2 Standard","Windows","6.3.9600","Yes","HICP1312",,"/subscriptions/bc602065-8f71-487b-9fa1-e872b4ce9a79/resourceGroups/rg-dcstratmig-prd-003/providers/Microsoft.OffAzure/HyperVSites/HYPV-AZ-MIGVA24225site/machines/4b147a1c-5f7a-4451-87b3-1c25781187e3","4b147a1c-5f7a-4451-87b3-1c25781187e3","False","False","False","Cluster","65536","4b147a1c-5f7a-4451-87b3-1c25781187e3","Microsoft.Azure.PowerShell.Cmdlets.Migrate.Models.Api202001.IHyperVNetworkAdapter[]","84","4","Windows Server 2012 R2 Standard","windowsguest","6.3.9600","Running","Microsoft.OffAzure/HyperVSites/machines","2025-02-13T03:21:49.5236484Z","C:\ClusterStorage\Volume2\DC01-DB24-PBRS-R\Virtual Machines\4B147A1C-5F7A-4451-87B3-1C25781187E3.VMCX","DC01-DB24-PBRS.olcc.lan","9.0"
"8192",,,,,,,,,,"92B7B144-0139-4E00-80F7-60BC08DAB59B","5875-5981-0781-1728-0897-3253-75","HICP1326_CLU.olcc.lan","/subscriptions/bc602065-8f71-487b-9fa1-e872b4ce9a79/resourceGroups/rg-dcstratmig-prd-003/providers/Microsoft.OffAzure/HyperVSites/HYPV-AZ-MIGVA24225site/clusters/hicp1326-clu-olcc-lan-dfe304fe-4c9c-4a21-8ab7-565af1ada800","2025-02-11T20:30:00.6678685Z","Microsoft.Azure.PowerShell.Cmdlets.Migrate.Models.Api202001.IHyperVDisk[]","NP03-ESB01-MVP","Microsoft.Azure.PowerShell.Cmdlets.Migrate.Models.Api202001.IHealthErrorDetails[]","BIOS","1","2/13/2025 3:19:56 AM","Microsoft Windows Server 2019 Standard","Windows","10.0.17763","Yes","HICP1326A",,"/subscriptions/bc602065-8f71-487b-9fa1-e872b4ce9a79/resourceGroups/rg-dcstratmig-prd-003/providers/Microsoft.OffAzure/HyperVSites/HYPV-AZ-MIGVA24225site/machines/d2345c28-f784-4513-acb4-418b0929609d","d2345c28-f784-4513-acb4-418b0929609d","False","False","False","Cluster","65536","d2345c28-f784-4513-acb4-418b0929609d","Microsoft.Azure.PowerShell.Cmdlets.Migrate.Models.Api202001.IHyperVNetworkAdapter[]","56","2","Windows Server 2019 Standard","windowsguest","10.0.17763","Running","Microsoft.OffAzure/HyperVSites/machines","2025-02-13T03:22:49.0620370Z","C:\ClusterStorage\Volume1\NP03-ESB01-MVP\Virtual Machines\D2345C28-F784-4513-ACB4-418B0929609D.VMCX","NP03-ESB01-MVP.olcc.lan","9.0"
"8192",,,,,,,,,,"29212A8C-7E54-44C1-B095-5628AC1E72CD","9307-8390-1263-0191-3566-6499-08","HICP1310_Clu.olcc.lan","/subscriptions/bc602065-8f71-487b-9fa1-e872b4ce9a79/resourceGroups/rg-dcstratmig-prd-003/providers/Microsoft.OffAzure/HyperVSites/HYPV-AZ-MIGVA24225site/clusters/hicp1310-clu-olcc-lan-4fb0bd14-3fa8-4561-ad74-93b04087d47c","2025-02-11T20:30:00.9178748Z","Microsoft.Azure.PowerShell.Cmdlets.Migrate.Models.Api202001.IHyperVDisk[]","HICP2416","Microsoft.Azure.PowerShell.Cmdlets.Migrate.Models.Api202001.IHealthErrorDetails[]","UEFI","2","2/13/2025 3:20:48 AM","Rocky Linux","Linux","9.5","Yes","HICP1311",,"/subscriptions/bc602065-8f71-487b-9fa1-e872b4ce9a79/resourceGroups/rg-dcstratmig-prd-003/providers/Microsoft.OffAzure/HyperVSites/HYPV-AZ-MIGVA24225site/machines/77b11d54-9e81-40c1-a59f-c4534e92eb0b","77b11d54-9e81-40c1-a59f-c4534e92eb0b","False","False","False","Cluster","1048576","77b11d54-9e81-40c1-a59f-c4534e92eb0b","Microsoft.Azure.PowerShell.Cmdlets.Migrate.Models.Api202001.IHyperVNetworkAdapter[]","311","4","Rocky Linux","linuxguest","5.14.0","Running","Microsoft.OffAzure/HyperVSites/machines","2025-02-13T03:20:48.7161914Z","C:\ClusterStorage\Volume14\HICP2416\Virtual Machines\77B11D54-9E81-40C1-A59F-C4534E92EB0B.VMCX","HICP2416.olcc.lan","9.0"
"10240",,,,,,,,,,"6DF42832-9881-410D-85FB-62D354736FA5","4890-7832-5255-4569-4528-5368-38","HICP1310_Clu.olcc.lan","/subscriptions/bc602065-8f71-487b-9fa1-e872b4ce9a79/resourceGroups/rg-dcstratmig-prd-003/providers/Microsoft.OffAzure/HyperVSites/HYPV-AZ-MIGVA24225site/clusters/hicp1310-clu-olcc-lan-4fb0bd14-3fa8-4561-ad74-93b04087d47c","2025-02-11T20:30:01.1678766Z","Microsoft.Azure.PowerShell.Cmdlets.Migrate.Models.Api202001.IHyperVDisk[]","HICP7078","Microsoft.Azure.PowerShell.Cmdlets.Migrate.Models.Api202001.IHealthErrorDetails[]","UEFI","2","2/13/2025 3:21:00 AM","Microsoft Windows Server 2022 Standard","Windows","10.0.20348","Yes","HICP1310B",,"/subscriptions/bc602065-8f71-487b-9fa1-e872b4ce9a79/resourceGroups/rg-dcstratmig-prd-003/providers/Microsoft.OffAzure/HyperVSites/HYPV-AZ-MIGVA24225site/machines/00accd2e-25de-4f54-b358-a72c7b37b87d","00accd2e-25de-4f54-b358-a72c7b37b87d","False","False","False","Cluster","1048576","00accd2e-25de-4f54-b358-a72c7b37b87d","Microsoft.Azure.PowerShell.Cmdlets.Migrate.Models.Api202001.IHyperVNetworkAdapter[]","23","4","Windows Server 2022 Standard","windowsguest","10.0.20348","Running","Microsoft.OffAzure/HyperVSites/machines","2025-02-13T15:02:13.6591582Z","C:\ClusterStorage\Volume2\HICP7078 (Citrix WEM)\Virtual Machines\00ACCD2E-25DE-4F54-B358-A72C7B37B87D.VMCX","HICP7078.olcc.lan","9.0"
"24576",,,,,,,,,,"393F37A0-D0BF-4E78-992E-5C768C466D83","8802-8527-6929-5853-2777-2331-19","HICP1310_Clu.olcc.lan","/subscriptions/bc602065-8f71-487b-9fa1-e872b4ce9a79/resourceGroups/rg-dcstratmig-prd-003/providers/Microsoft.OffAzure/HyperVSites/HYPV-AZ-MIGVA24225site/clusters/hicp1310-clu-olcc-lan-4fb0bd14-3fa8-4561-ad74-93b04087d47c","2025-02-11T20:30:01.4178812Z","Microsoft.Azure.PowerShell.Cmdlets.Migrate.Models.Api202001.IHyperVDisk[]","HICP3815","Microsoft.Azure.PowerShell.Cmdlets.Migrate.Models.Api202001.IHealthErrorDetails[]","UEFI","2","2/13/2025 3:20:35 AM","Red Hat Enterprise Linux","Linux","8.3","Yes","HICP1310C",,"/subscriptions/bc602065-8f71-487b-9fa1-e872b4ce9a79/resourceGroups/rg-dcstratmig-prd-003/providers/Microsoft.OffAzure/HyperVSites/HYPV-AZ-MIGVA24225site/machines/c643e73b-3a97-4631-9eb8-1a811e4ca974","c643e73b-3a97-4631-9eb8-1a811e4ca974","False","False","False","Cluster","1048576","c643e73b-3a97-4631-9eb8-1a811e4ca974","Microsoft.Azure.PowerShell.Cmdlets.Migrate.Models.Api202001.IHyperVNetworkAdapter[]","66","6","Red Hat Enterprise Linux","linuxguest","4.18.0","Running","Microsoft.OffAzure/HyperVSites/machines","2025-02-13T03:20:35.7159240Z","C:\ClusterStorage\Volume2\HICP3815\Virtual Machines\C643E73B-3A97-4631-9EB8-1A811E4CA974.VMCX","HICP3815.olcc.lan","9.0"
"32768",,,,,,,,,,"4A4B4AF2-57C1-4A67-9E21-55AE43CDB36A","9418-7736-6551-7219-1166-8359-62","HICP1310_Clu.olcc.lan","/subscriptions/bc602065-8f71-487b-9fa1-e872b4ce9a79/resourceGroups/rg-dcstratmig-prd-003/providers/Microsoft.OffAzure/HyperVSites/HYPV-AZ-MIGVA24225site/clusters/hicp1310-clu-olcc-lan-4fb0bd14-3fa8-4561-ad74-93b04087d47c","2025-02-11T20:30:01.6678854Z","Microsoft.Azure.PowerShell.Cmdlets.Migrate.Models.Api202001.IHyperVDisk[]","HICP2105","Microsoft.Azure.PowerShell.Cmdlets.Migrate.Models.Api202001.IHealthErrorDetails[]","UEFI","2","2/13/2025 3:21:07 AM","Microsoft Windows Server 2019 Standard","Windows","10.0.17763","Yes","HICP1310B",,"/subscriptions/bc602065-8f71-487b-9fa1-e872b4ce9a79/resourceGroups/rg-dcstratmig-prd-003/providers/Microsoft.OffAzure/HyperVSites/HYPV-AZ-MIGVA24225site/machines/020e5ac1-081e-43ba-b33d-ac30840a189d","020e5ac1-081e-43ba-b33d-ac30840a189d","False","False","False","Cluster","1048576","020e5ac1-081e-43ba-b33d-ac30840a189d","Microsoft.Azure.PowerShell.Cmdlets.Migrate.Models.Api202001.IHyperVNetworkAdapter[]","147","8","Windows Server 2019 Standard","windowsguest","10.0.17763","Running","Microsoft.OffAzure/HyperVSites/machines","2025-02-13T15:05:58.9656065Z","C:\ClusterStorage\Volume11\HICP2105\Virtual Machines\020E5AC1-081E-43BA-B33D-AC30840A189D.VMCX","HICP2105.olcc.lan","9.0"
"24576",,,,,,,,,,"7354402E-B2FE-4EAF-A68A-F6CF160D3D29","8278-2169-1948-7859-1890-0645-36","HICP1330_CLU.olcc.lan","/subscriptions/bc602065-8f71-487b-9fa1-e872b4ce9a79/resourceGroups/rg-dcstratmig-prd-003/providers/Microsoft.OffAzure/HyperVSites/HYPV-AZ-MIGVA24225site/clusters/hicp1330-clu-olcc-lan-6b758d3a-0903-4f3f-80a9-2f9a8f5f8e7f","2025-02-11T20:30:01.9178555Z","Microsoft.Azure.PowerShell.Cmdlets.Migrate.Models.Api202001.IHyperVDisk[]","FLOLVCDCPRD01","Microsoft.Azure.PowerShell.Cmdlets.Migrate.Models.Api202001.IHealthErrorDetails[]","BIOS","1",,,,,"Yes","HICP1330A",,"/subscriptions/bc602065-8f71-487b-9fa1-e872b4ce9a79/resourceGroups/rg-dcstratmig-prd-003/providers/Microsoft.OffAzure/HyperVSites/HYPV-AZ-MIGVA24225site/machines/bede9dfb-308d-4d1f-899d-a3daba6db47b","bede9dfb-308d-4d1f-899d-a3daba6db47b","False","False","True","Cluster","65536","bede9dfb-308d-4d1f-899d-a3daba6db47b","Microsoft.Azure.PowerShell.Cmdlets.Migrate.Models.Api202001.IHyperVNetworkAdapter[]","-1","2","Windows Server 2008 R2 Enterprise","windowsguest","6.1.7601","Running","Microsoft.OffAzure/HyperVSites/machines","2025-02-13T03:47:01.3758282Z","C:\ClusterStorage\Volume1\FLOLVCDCPRD01\Virtual Machines\BEDE9DFB-308D-4D1F-899D-A3DABA6DB47B.VMCX","FLOLVCDCPRD01.olcc.lan","9.0"
"4096",,,,,,,,,,"0C04A08C-7EDA-41C7-BB7F-4C2C4A2CB2D2","3043-5881-3264-6356-0910-0778-49","HICP1310_Clu.olcc.lan","/subscriptions/bc602065-8f71-487b-9fa1-e872b4ce9a79/resourceGroups/rg-dcstratmig-prd-003/providers/Microsoft.OffAzure/HyperVSites/HYPV-AZ-MIGVA24225site/clusters/hicp1310-clu-olcc-lan-4fb0bd14-3fa8-4561-ad74-93b04087d47c","2025-02-11T20:30:02.1678640Z","Microsoft.Azure.PowerShell.Cmdlets.Migrate.Models.Api202001.IHyperVDisk[]","HICP2805A","Microsoft.Azure.PowerShell.Cmdlets.Migrate.Models.Api202001.IHealthErrorDetails[]","UEFI","2","2/13/2025 3:19:55 AM","Microsoft Windows Server 2019 Standard","Windows","10.0.17763","Yes","HICP1319",,"/subscriptions/bc602065-8f71-487b-9fa1-e872b4ce9a79/resourceGroups/rg-dcstratmig-prd-003/providers/Microsoft.OffAzure/HyperVSites/HYPV-AZ-MIGVA24225site/machines/61e79d81-6097-47fb-9459-c242c07183c2","61e79d81-6097-47fb-9459-c242c07183c2","False","False","False","Cluster","1048576","61e79d81-6097-47fb-9459-c242c07183c2","Microsoft.Azure.PowerShell.Cmdlets.Migrate.Models.Api202001.IHyperVNetworkAdapter[]","14","2","Windows Server 2019 Standard","windowsguest","10.0.17763","Running","Microsoft.OffAzure/HyperVSites/machines","2025-02-19T20:19:10.8239311Z","C:\ClusterStorage\Volume2\HICP2805A\Virtual Machines\61E79D81-6097-47FB-9459-C242C07183C2.VMCX","HICP2805A.olcc.lan","9.0"
"4096",,,,,,,,,,"D1726D57-9016-44E6-9429-8431A4FF4C73","4791-4313-0295-6241-9004-9959-68","HICP1323_CLU.olcc.lan","/subscriptions/bc602065-8f71-487b-9fa1-e872b4ce9a79/resourceGroups/rg-dcstratmig-prd-003/providers/Microsoft.OffAzure/HyperVSites/HYPV-AZ-MIGVA24225site/clusters/hicp1323-clu-olcc-lan-fe5137bc-e3d8-415b-9d54-c2debea3ef5d","2025-02-11T20:30:02.4178795Z","Microsoft.Azure.PowerShell.Cmdlets.Migrate.Models.Api202001.IHyperVDisk[]","HICQ2503","Microsoft.Azure.PowerShell.Cmdlets.Migrate.Models.Api202001.IHealthErrorDetails[]","UEFI","2",,,,,"Yes","HICP1323A",,"/subscriptions/bc602065-8f71-487b-9fa1-e872b4ce9a79/resourceGroups/rg-dcstratmig-prd-003/providers/Microsoft.OffAzure/HyperVSites/HYPV-AZ-MIGVA24225site/machines/7994ca16-2eca-49dd-8c01-fa89f7f08673","7994ca16-2eca-49dd-8c01-fa89f7f08673","False","False","True","Cluster","1048576","7994ca16-2eca-49dd-8c01-fa89f7f08673","Microsoft.Azure.PowerShell.Cmdlets.Migrate.Models.Api202001.IHyperVNetworkAdapter[]","-1","2","Windows Server 2019 Standard","windowsguest","10.0.17763","Running","Microsoft.OffAzure/HyperVSites/machines","2025-02-13T03:22:14.3260455Z","C:\ClusterStorage\Volume2\HICQ2503\Virtual Machines\7994CA16-2ECA-49DD-8C01-FA89F7F08673.VMCX","HICQ2503.olcc.lan","9.0"
"4096",,,,,,,,,,"17CF1200-D653-48BA-A176-82C04D21D94D","8356-9017-2229-6633-7591-8315-91","HICP1310_Clu.olcc.lan","/subscriptions/bc602065-8f71-487b-9fa1-e872b4ce9a79/resourceGroups/rg-dcstratmig-prd-003/providers/Microsoft.OffAzure/HyperVSites/HYPV-AZ-MIGVA24225site/clusters/hicp1310-clu-olcc-lan-4fb0bd14-3fa8-4561-ad74-93b04087d47c","2025-02-11T20:30:02.6678912Z","Microsoft.Azure.PowerShell.Cmdlets.Migrate.Models.Api202001.IHyperVDisk[]","HICP1003B","Microsoft.Azure.PowerShell.Cmdlets.Migrate.Models.Api202001.IHealthErrorDetails[]","UEFI","2","2/13/2025 3:20:00 AM","Microsoft Windows Server 2022 Standard","Windows","10.0.20348","Yes","HICP1310",,"/subscriptions/bc602065-8f71-487b-9fa1-e872b4ce9a79/resourceGroups/rg-dcstratmig-prd-003/providers/Microsoft.OffAzure/HyperVSites/HYPV-AZ-MIGVA24225site/machines/79e99fac-21d0-450e-955c-9518198faf1c","79e99fac-21d0-450e-955c-9518198faf1c","False","False","False","Cluster","1048576","79e99fac-21d0-450e-955c-9518198faf1c","Microsoft.Azure.PowerShell.Cmdlets.Migrate.Models.Api202001.IHyperVNetworkAdapter[]","15","2","Windows Server 2022 Standard","windowsguest","10.0.20348","Running","Microsoft.OffAzure/HyperVSites/machines","2025-02-13T15:05:59.2311943Z","C:\ClusterStorage\Volume3\HICP1003B\Virtual Machines\79E99FAC-21D0-450E-955C-9518198FAF1C.VMCX","HICP1003B.olcc.lan","9.0"
"24576",,,,,,,,,,"BF448CE2-167B-44F8-8286-8763E0106F33","1025-0533-7409-4339-9569-8218-63","HICP1310_Clu.olcc.lan","/subscriptions/bc602065-8f71-487b-9fa1-e872b4ce9a79/resourceGroups/rg-dcstratmig-prd-003/providers/Microsoft.OffAzure/HyperVSites/HYPV-AZ-MIGVA24225site/clusters/hicp1310-clu-olcc-lan-4fb0bd14-3fa8-4561-ad74-93b04087d47c","2025-02-11T20:30:02.9178694Z","Microsoft.Azure.PowerShell.Cmdlets.Migrate.Models.Api202001.IHyperVDisk[]","HICP2303B","Microsoft.Azure.PowerShell.Cmdlets.Migrate.Models.Api202001.IHealthErrorDetails[]","UEFI","2","2/13/2025 3:19:20 AM","Microsoft Windows Server 2022 Standard","Windows","10.0.20348","Yes","HICP1313",,"/subscriptions/bc602065-8f71-487b-9fa1-e872b4ce9a79/resourceGroups/rg-dcstratmig-prd-003/providers/Microsoft.OffAzure/HyperVSites/HYPV-AZ-MIGVA24225site/machines/00e149b2-2bc2-4508-8281-762580662c8c","00e149b2-2bc2-4508-8281-762580662c8c","False","False","False","Cluster","1048576","00e149b2-2bc2-4508-8281-762580662c8c","Microsoft.Azure.PowerShell.Cmdlets.Migrate.Models.Api202001.IHyperVNetworkAdapter[]","28","24","Windows Server 2022 Standard","windowsguest","10.0.20348","Running","Microsoft.OffAzure/HyperVSites/machines","2025-02-13T15:05:59.3406101Z","C:\ClusterStorage\Volume3\HICP2303B\Virtual Machines\00E149B2-2BC2-4508-8281-762580662C8C.VMCX","HICP2303B.olcc.lan","9.0"
"12288",,,,,,,,,,"50156964-02FB-496C-9960-40F428462AB7","0104-1238-6976-5225-2104-2055-07","HICP1310_Clu.olcc.lan","/subscriptions/bc602065-8f71-487b-9fa1-e872b4ce9a79/resourceGroups/rg-dcstratmig-prd-003/providers/Microsoft.OffAzure/HyperVSites/HYPV-AZ-MIGVA24225site/clusters/hicp1310-clu-olcc-lan-4fb0bd14-3fa8-4561-ad74-93b04087d47c","2025-02-11T20:30:03.1678933Z","Microsoft.Azure.PowerShell.Cmdlets.Migrate.Models.Api202001.IHyperVDisk[]","OLWEBADM2","Microsoft.Azure.PowerShell.Cmdlets.Migrate.Models.Api202001.IHealthErrorDetails[]","BIOS","1",,,,,"Yes","HICP1319",,"/subscriptions/bc602065-8f71-487b-9fa1-e872b4ce9a79/resourceGroups/rg-dcstratmig-prd-003/providers/Microsoft.OffAzure/HyperVSites/HYPV-AZ-MIGVA24225site/machines/f3744c8a-6fbd-4a90-b0ed-ce1f799e881b","f3744c8a-6fbd-4a90-b0ed-ce1f799e881b","False","False","True","Cluster","65536","f3744c8a-6fbd-4a90-b0ed-ce1f799e881b","Microsoft.Azure.PowerShell.Cmdlets.Migrate.Models.Api202001.IHyperVNetworkAdapter[]","-1","4",,"otherguestfamily",,"Running","Microsoft.OffAzure/HyperVSites/machines","2025-02-13T03:21:49.7736624Z","C:\ClusterStorage\Volume12\OLWEBADM2\Virtual Machines\F3744C8A-6FBD-4A90-B0ED-CE1F799E881B.VMCX","","9.0"
"4096",,,,,,,,,,"7CC5BAB5-7F82-4F09-A540-05E01C6BE7DD","3729-4002-7564-5066-2231-0871-89","HICP1310_Clu.olcc.lan","/subscriptions/bc602065-8f71-487b-9fa1-e872b4ce9a79/resourceGroups/rg-dcstratmig-prd-003/providers/Microsoft.OffAzure/HyperVSites/HYPV-AZ-MIGVA24225site/clusters/hicp1310-clu-olcc-lan-4fb0bd14-3fa8-4561-ad74-93b04087d47c","2025-02-11T20:30:03.4335168Z","Microsoft.Azure.PowerShell.Cmdlets.Migrate.Models.Api202001.IHyperVDisk[]","OLTSWDB1","Microsoft.Azure.PowerShell.Cmdlets.Migrate.Models.Api202001.IHealthErrorDetails[]","BIOS","1",,,,,"Yes","HICP1310C",,"/subscriptions/bc602065-8f71-487b-9fa1-e872b4ce9a79/resourceGroups/rg-dcstratmig-prd-003/providers/Microsoft.OffAzure/HyperVSites/HYPV-AZ-MIGVA24225site/machines/a326bd3d-aae6-4804-91b6-b6cf68cb0d92","a326bd3d-aae6-4804-91b6-b6cf68cb0d92","False","False","True","Cluster","65536","a326bd3d-aae6-4804-91b6-b6cf68cb0d92","Microsoft.Azure.PowerShell.Cmdlets.Migrate.Models.Api202001.IHyperVNetworkAdapter[]","-1","2",,"otherguestfamily",,"Running","Microsoft.OffAzure/HyperVSites/machines","2025-02-13T03:21:42.7735489Z","C:\ClusterStorage\Volume11\OLTSWDB1\Virtual Machines\A326BD3D-AAE6-4804-91B6-B6CF68CB0D92.VMCX","","9.0"
"16384",,,,,,,,,,"CCFB9C07-CFBD-42BA-B5D0-4DE41DFB9E71","3810-9192-0703-2897-6187-3800-67","HICP1326_CLU.olcc.lan","/subscriptions/bc602065-8f71-487b-9fa1-e872b4ce9a79/resourceGroups/rg-dcstratmig-prd-003/providers/Microsoft.OffAzure/HyperVSites/HYPV-AZ-MIGVA24225site/clusters/hicp1326-clu-olcc-lan-dfe304fe-4c9c-4a21-8ab7-565af1ada800","2025-02-11T20:30:03.6678951Z","Microsoft.Azure.PowerShell.Cmdlets.Migrate.Models.Api202001.IHyperVDisk[]","HICU6508","Microsoft.Azure.PowerShell.Cmdlets.Migrate.Models.Api202001.IHealthErrorDetails[]","UEFI","2","2/13/2025 3:20:02 AM","Microsoft Windows Server 2019 Standard","Windows","10.0.17763","Yes","HICP1326C",,"/subscriptions/bc602065-8f71-487b-9fa1-e872b4ce9a79/resourceGroups/rg-dcstratmig-prd-003/providers/Microsoft.OffAzure/HyperVSites/HYPV-AZ-MIGVA24225site/machines/36f62cd2-af7d-4535-9d76-5169a201c0fc","36f62cd2-af7d-4535-9d76-5169a201c0fc","False","False","False","Cluster","1048576","36f62cd2-af7d-4535-9d76-5169a201c0fc","Microsoft.Azure.PowerShell.Cmdlets.Migrate.Models.Api202001.IHyperVNetworkAdapter[]","99","4","Windows Server 2019 Standard","windowsguest","10.0.17763","Running","Microsoft.OffAzure/HyperVSites/machines","2025-02-13T03:20:02.8043270Z","C:\ClusterStorage\Volume1\HICU6508\Virtual Machines\36F62CD2-AF7D-4535-9D76-5169A201C0FC.VMCX","HICU6508.olcc.lan","9.0"
"16384",,,,,,,,,,"870311E8-9125-4B3E-AE7F-C00D2BC1523A","5963-4236-9771-3739-9274-8169-60","HICP1326_CLU.olcc.lan","/subscriptions/bc602065-8f71-487b-9fa1-e872b4ce9a79/resourceGroups/rg-dcstratmig-prd-003/providers/Microsoft.OffAzure/HyperVSites/HYPV-AZ-MIGVA24225site/clusters/hicp1326-clu-olcc-lan-dfe304fe-4c9c-4a21-8ab7-565af1ada800","2025-02-11T20:30:03.9179077Z","Microsoft.Azure.PowerShell.Cmdlets.Migrate.Models.Api202001.IHyperVDisk[]","HICU3903","Microsoft.Azure.PowerShell.Cmdlets.Migrate.Models.Api202001.IHealthErrorDetails[]","UEFI","2","2/13/2025 3:19:56 AM","Red Hat Enterprise Linux","Linux","8.10","Yes","HICP1326A",,"/subscriptions/bc602065-8f71-487b-9fa1-e872b4ce9a79/resourceGroups/rg-dcstratmig-prd-003/providers/Microsoft.OffAzure/HyperVSites/HYPV-AZ-MIGVA24225site/machines/5bb87a6a-0ad2-442c-aed2-03d06b4b27d1","5bb87a6a-0ad2-442c-aed2-03d06b4b27d1","False","False","False","Cluster","1048576","5bb87a6a-0ad2-442c-aed2-03d06b4b27d1","Microsoft.Azure.PowerShell.Cmdlets.Migrate.Models.Api202001.IHyperVNetworkAdapter[]","73","4","Red Hat Enterprise Linux","linuxguest","4.18.0","Running","Microsoft.OffAzure/HyperVSites/machines","2025-02-13T15:18:25.3120345Z","C:\ClusterStorage\Volume1\HICU3903\Virtual Machines\5BB87A6A-0AD2-442C-AED2-03D06B4B27D1.VMCX","hicu3903","9.0"
"8192",,,,,,,,,,"6FB67AFB-C692-42DC-A6D1-504D451EBCBB","9364-9217-3383-8033-8074-6150-19","HICP1310_Clu.olcc.lan","/subscriptions/bc602065-8f71-487b-9fa1-e872b4ce9a79/resourceGroups/rg-dcstratmig-prd-003/providers/Microsoft.OffAzure/HyperVSites/HYPV-AZ-MIGVA24225site/clusters/hicp1310-clu-olcc-lan-4fb0bd14-3fa8-4561-ad74-93b04087d47c","2025-02-11T20:30:04.1834896Z","Microsoft.Azure.PowerShell.Cmdlets.Migrate.Models.Api202001.IHyperVDisk[]","DC01-NTA-SW","Microsoft.Azure.PowerShell.Cmdlets.Migrate.Models.Api202001.IHealthErrorDetails[]","BIOS","1","2/13/2025 3:20:10 AM","Microsoft Windows Server 2019 Standard","Windows","10.0.17763","Yes","HICP1319",,"/subscriptions/bc602065-8f71-487b-9fa1-e872b4ce9a79/resourceGroups/rg-dcstratmig-prd-003/providers/Microsoft.OffAzure/HyperVSites/HYPV-AZ-MIGVA24225site/machines/9b1c2b7d-4759-44f3-b8e6-018eb3bfde8a","9b1c2b7d-4759-44f3-b8e6-018eb3bfde8a","False","False","False","Cluster","65536","9b1c2b7d-4759-44f3-b8e6-018eb3bfde8a","Microsoft.Azure.PowerShell.Cmdlets.Migrate.Models.Api202001.IHyperVNetworkAdapter[]","39","2","Windows Server 2019 Standard","windowsguest","10.0.17763","Running","Microsoft.OffAzure/HyperVSites/machines","2025-02-13T03:21:54.5237451Z","C:\ClusterStorage\Volume3\DC01-NTA-SW (Solarwinds Net Traf Server)\Virtual Machines\9B1C2B7D-4759-44F3-B8E6-018EB3BFDE8A.VMCX","DC01-NTA-SW.olcc.lan","9.0"
"16384",,,,,,,,,,"4CA373E1-49A4-4948-ADE3-B292E0C1014F","2993-6301-4380-7640-4746-9065-25","HICP1310_Clu.olcc.lan","/subscriptions/bc602065-8f71-487b-9fa1-e872b4ce9a79/resourceGroups/rg-dcstratmig-prd-003/providers/Microsoft.OffAzure/HyperVSites/HYPV-AZ-MIGVA24225site/clusters/hicp1310-clu-olcc-lan-4fb0bd14-3fa8-4561-ad74-93b04087d47c","2025-02-11T20:30:04.4491156Z","Microsoft.Azure.PowerShell.Cmdlets.Migrate.Models.Api202001.IHyperVDisk[]","HICP2415","Microsoft.Azure.PowerShell.Cmdlets.Migrate.Models.Api202001.IHealthErrorDetails[]","UEFI","2","2/13/2025 3:19:32 AM","Microsoft Windows Server 2022 Standard","Windows","10.0.20348","Yes","HICP1310B",,"/subscriptions/bc602065-8f71-487b-9fa1-e872b4ce9a79/resourceGroups/rg-dcstratmig-prd-003/providers/Microsoft.OffAzure/HyperVSites/HYPV-AZ-MIGVA24225site/machines/d4cfa8ea-9bb7-4549-afb9-4c761e5c5387","d4cfa8ea-9bb7-4549-afb9-4c761e5c5387","False","False","False","Cluster","1048576","d4cfa8ea-9bb7-4549-afb9-4c761e5c5387","Microsoft.Azure.PowerShell.Cmdlets.Migrate.Models.Api202001.IHyperVNetworkAdapter[]","20","8","Windows Server 2022 Standard","windowsguest","10.0.20348","Running","Microsoft.OffAzure/HyperVSites/machines","2025-02-13T03:19:32.4675735Z","C:\ClusterStorage\Volume3\HICP2415\Virtual Machines\D4CFA8EA-9BB7-4549-AFB9-4C761E5C5387.VMCX","HICP2415.olcc.lan","9.0"
"34816",,,,,,,,,,"C6180D66-1C16-4ADA-A9F1-A0CE17EF3D7D","1414-6384-4166-6642-2355-0762-67","HICP1326_CLU.olcc.lan","/subscriptions/bc602065-8f71-487b-9fa1-e872b4ce9a79/resourceGroups/rg-dcstratmig-prd-003/providers/Microsoft.OffAzure/HyperVSites/HYPV-AZ-MIGVA24225site/clusters/hicp1326-clu-olcc-lan-dfe304fe-4c9c-4a21-8ab7-565af1ada800","2025-02-11T20:30:04.7019480Z","Microsoft.Azure.PowerShell.Cmdlets.Migrate.Models.Api202001.IHyperVDisk[]","HICU3818","Microsoft.Azure.PowerShell.Cmdlets.Migrate.Models.Api202001.IHealthErrorDetails[]","UEFI","2","2/13/2025 3:19:28 AM","Red Hat Enterprise Linux","Linux","8.4","Yes","HICP1326C",,"/subscriptions/bc602065-8f71-487b-9fa1-e872b4ce9a79/resourceGroups/rg-dcstratmig-prd-003/providers/Microsoft.OffAzure/HyperVSites/HYPV-AZ-MIGVA24225site/machines/846048bc-c522-432c-9980-120ccdf06896","846048bc-c522-432c-9980-120ccdf06896","False","False","False","Cluster","1048576","846048bc-c522-432c-9980-120ccdf06896","Microsoft.Azure.PowerShell.Cmdlets.Migrate.Models.Api202001.IHyperVNetworkAdapter[]","76","3","Red Hat Enterprise Linux","linuxguest","4.18.0","Running","Microsoft.OffAzure/HyperVSites/machines","2025-02-13T03:19:28.9519311Z","C:\ClusterStorage\Volume1\HICU3818\Virtual Machines\846048BC-C522-432C-9980-120CCDF06896.VMCX","hicu3818.olcc.lan","9.0"
"8192",,,,,,,,,,"3535481C-3600-4156-AC98-F4C605E9B460","1856-0701-4657-3231-6906-3377-35","HICP1310_Clu.olcc.lan","/subscriptions/bc602065-8f71-487b-9fa1-e872b4ce9a79/resourceGroups/rg-dcstratmig-prd-003/providers/Microsoft.OffAzure/HyperVSites/HYPV-AZ-MIGVA24225site/clusters/hicp1310-clu-olcc-lan-4fb0bd14-3fa8-4561-ad74-93b04087d47c","2025-02-11T20:30:04.9519438Z","Microsoft.Azure.PowerShell.Cmdlets.Migrate.Models.Api202001.IHyperVDisk[]","HICP2226E","Microsoft.Azure.PowerShell.Cmdlets.Migrate.Models.Api202001.IHealthErrorDetails[]","UEFI","2","2/13/2025 3:19:55 AM","Microsoft Windows Server 2019 Standard","Windows","10.0.17763","Yes","HICP1310",,"/subscriptions/bc602065-8f71-487b-9fa1-e872b4ce9a79/resourceGroups/rg-dcstratmig-prd-003/providers/Microsoft.OffAzure/HyperVSites/HYPV-AZ-MIGVA24225site/machines/e8a2bc1c-05de-41ff-9890-89b6045f25c3","e8a2bc1c-05de-41ff-9890-89b6045f25c3","False","False","False","Cluster","1048576","e8a2bc1c-05de-41ff-9890-89b6045f25c3","Microsoft.Azure.PowerShell.Cmdlets.Migrate.Models.Api202001.IHyperVNetworkAdapter[]","5","4","Windows Server 2019 Standard","windowsguest","10.0.17763","Running","Microsoft.OffAzure/HyperVSites/machines","2025-02-13T15:05:59.4655836Z","C:\ClusterStorage\Volume3\HICP2226E\Virtual Machines\E8A2BC1C-05DE-41FF-9890-89B6045F25C3.VMCX","HICP2226E.olcc.lan","9.0"
"4096",,,,,,,,,,"28F5F597-EAFA-4BB9-8D58-DE06AA0216D9","4932-6270-2175-0405-4252-6210-64","HICP1310_Clu.olcc.lan","/subscriptions/bc602065-8f71-487b-9fa1-e872b4ce9a79/resourceGroups/rg-dcstratmig-prd-003/providers/Microsoft.OffAzure/HyperVSites/HYPV-AZ-MIGVA24225site/clusters/hicp1310-clu-olcc-lan-4fb0bd14-3fa8-4561-ad74-93b04087d47c","2025-02-11T20:30:05.2175653Z","Microsoft.Azure.PowerShell.Cmdlets.Migrate.Models.Api202001.IHyperVDisk[]","ATL_RHEL83_CloneTemplate","Microsoft.Azure.PowerShell.Cmdlets.Migrate.Models.Api202001.IHealthErrorDetails[]","UEFI","2",,,,,"Yes","HICP1312",,"/subscriptions/bc602065-8f71-487b-9fa1-e872b4ce9a79/resourceGroups/rg-dcstratmig-prd-003/providers/Microsoft.OffAzure/HyperVSites/HYPV-AZ-MIGVA24225site/machines/44ce77f2-592b-4f9f-8865-b2ec7bf47b6a","44ce77f2-592b-4f9f-8865-b2ec7bf47b6a","False","False","True","Cluster","1048576","44ce77f2-592b-4f9f-8865-b2ec7bf47b6a","Microsoft.Azure.PowerShell.Cmdlets.Migrate.Models.Api202001.IHyperVNetworkAdapter[]","-1","2",,"otherguestfamily",,"PowerOff","Microsoft.OffAzure/HyperVSites/machines","2025-02-13T03:22:29.5293491Z","C:\ClusterStorage\Volume13\ATL_RHEL83_CloneTemplate\Virtual Machines\44CE77F2-592B-4F9F-8865-B2EC7BF47B6A.VMCX","","9.0"
"4096",,,,,,,,,,"0BB58CCD-2D1C-49DB-9FAA-8C7286F1145E","0764-3212-5568-1762-6128-4877-22","HICP1310_Clu.olcc.lan","/subscriptions/bc602065-8f71-487b-9fa1-e872b4ce9a79/resourceGroups/rg-dcstratmig-prd-003/providers/Microsoft.OffAzure/HyperVSites/HYPV-AZ-MIGVA24225site/clusters/hicp1310-clu-olcc-lan-4fb0bd14-3fa8-4561-ad74-93b04087d47c","2025-02-11T20:30:05.4519548Z","Microsoft.Azure.PowerShell.Cmdlets.Migrate.Models.Api202001.IHyperVDisk[]","HICP2389","Microsoft.Azure.PowerShell.Cmdlets.Migrate.Models.Api202001.IHealthErrorDetails[]","UEFI","2","2/13/2025 3:19:47 AM","Microsoft Windows Server 2019 Standard","Windows","10.0.17763","Yes","HICP1310",,"/subscriptions/bc602065-8f71-487b-9fa1-e872b4ce9a79/resourceGroups/rg-dcstratmig-prd-003/providers/Microsoft.OffAzure/HyperVSites/HYPV-AZ-MIGVA24225site/machines/404c15d3-6dd5-4f90-a42a-5d46b35a4028","404c15d3-6dd5-4f90-a42a-5d46b35a4028","False","False","False","Cluster","1048576","404c15d3-6dd5-4f90-a42a-5d46b35a4028","Microsoft.Azure.PowerShell.Cmdlets.Migrate.Models.Api202001.IHyperVNetworkAdapter[]","19","2","Windows Server 2019 Standard","windowsguest","10.0.17763","Running","Microsoft.OffAzure/HyperVSites/machines","2025-02-13T03:22:47.0620172Z","C:\ClusterStorage\Volume2\HICP2389\Virtual Machines\404C15D3-6DD5-4F90-A42A-5D46B35A4028.VMCX","HICP2389.olcc.lan","9.0"
"8192",,,,,,,,,,"4A4B4AF2-57C1-4A67-9E21-55AE43CDB36A","9418-7736-6551-7219-1166-8359-62","HICP1310_Clu.olcc.lan","/subscriptions/bc602065-8f71-487b-9fa1-e872b4ce9a79/resourceGroups/rg-dcstratmig-prd-003/providers/Microsoft.OffAzure/HyperVSites/HYPV-AZ-MIGVA24225site/clusters/hicp1310-clu-olcc-lan-4fb0bd14-3fa8-4561-ad74-93b04087d47c","2025-02-11T20:30:05.7019540Z","Microsoft.Azure.PowerShell.Cmdlets.Migrate.Models.Api202001.IHyperVDisk[]","HICP2003","Microsoft.Azure.PowerShell.Cmdlets.Migrate.Models.Api202001.IHealthErrorDetails[]","UEFI","2","2/13/2025 3:21:16 AM","Microsoft Windows Server 2019 Standard","Windows","10.0.17763","Yes","HICP1315",,"/subscriptions/bc602065-8f71-487b-9fa1-e872b4ce9a79/resourceGroups/rg-dcstratmig-prd-003/providers/Microsoft.OffAzure/HyperVSites/HYPV-AZ-MIGVA24225site/machines/8e5b214c-849f-44ad-9e97-fc086ad8bee0","8e5b214c-849f-44ad-9e97-fc086ad8bee0","False","False","False","Cluster","1048576","8e5b214c-849f-44ad-9e97-fc086ad8bee0","Microsoft.Azure.PowerShell.Cmdlets.Migrate.Models.Api202001.IHyperVNetworkAdapter[]","24","2","Windows Server 2019 Standard","windowsguest","10.0.17763","Running","Microsoft.OffAzure/HyperVSites/machines","2025-02-13T15:05:59.5906018Z","C:\ClusterStorage\Volume14\HICP2003\Virtual Machines\8E5B214C-849F-44AD-9E97-FC086AD8BEE0.VMCX","HICP2003.olcc.lan","9.0"
"24576",,,,,,,,,,"6DB09CE5-BD94-4684-B4BD-BF4688B8800D","9953-8738-4949-0919-5163-3383-00","HICP1310_Clu.olcc.lan","/subscriptions/bc602065-8f71-487b-9fa1-e872b4ce9a79/resourceGroups/rg-dcstratmig-prd-003/providers/Microsoft.OffAzure/HyperVSites/HYPV-AZ-MIGVA24225site/clusters/hicp1310-clu-olcc-lan-4fb0bd14-3fa8-4561-ad74-93b04087d47c","2025-02-11T20:30:05.9519469Z","Microsoft.Azure.PowerShell.Cmdlets.Migrate.Models.Api202001.IHyperVDisk[]","DC01-CHKMX-SCN3","Microsoft.Azure.PowerShell.Cmdlets.Migrate.Models.Api202001.IHealthErrorDetails[]","BIOS","1","2/13/2025 3:20:56 AM","Microsoft Windows Server 2016 Standard","Windows","10.0.14393","Yes","HICP1310B",,"/subscriptions/bc602065-8f71-487b-9fa1-e872b4ce9a79/resourceGroups/rg-dcstratmig-prd-003/providers/Microsoft.OffAzure/HyperVSites/HYPV-AZ-MIGVA24225site/machines/2aaf4caa-1918-4d15-a505-623384cf69d4","2aaf4caa-1918-4d15-a505-623384cf69d4","False","False","False","Cluster","65536","2aaf4caa-1918-4d15-a505-623384cf69d4","Microsoft.Azure.PowerShell.Cmdlets.Migrate.Models.Api202001.IHyperVNetworkAdapter[]","49","4","Windows Server 2016 Standard","windowsguest","10.0.14393","Running","Microsoft.OffAzure/HyperVSites/machines","2025-02-13T15:02:13.7685720Z","C:\ClusterStorage\Volume2\DC01-CHKMX-SCN3-R\Virtual Machines\2AAF4CAA-1918-4D15-A505-623384CF69D4.VMCX","DC01-CHKMX-SCN3.olcc.lan","9.0"
"16384",,,,,,,,,,"28F5F597-EAFA-4BB9-8D58-DE06AA0216D9","4932-6270-2175-0405-4252-6210-64","HICP1310_Clu.olcc.lan","/subscriptions/bc602065-8f71-487b-9fa1-e872b4ce9a79/resourceGroups/rg-dcstratmig-prd-003/providers/Microsoft.OffAzure/HyperVSites/HYPV-AZ-MIGVA24225site/clusters/hicp1310-clu-olcc-lan-4fb0bd14-3fa8-4561-ad74-93b04087d47c","2025-02-11T20:30:06.2175550Z","Microsoft.Azure.PowerShell.Cmdlets.Migrate.Models.Api202001.IHyperVDisk[]","HICP3604","Microsoft.Azure.PowerShell.Cmdlets.Migrate.Models.Api202001.IHealthErrorDetails[]","UEFI","2","2/13/2025 3:21:20 AM","Red Hat Enterprise Linux","Linux","8.10","Yes","HICP1317",,"/subscriptions/bc602065-8f71-487b-9fa1-e872b4ce9a79/resourceGroups/rg-dcstratmig-prd-003/providers/Microsoft.OffAzure/HyperVSites/HYPV-AZ-MIGVA24225site/machines/a1725e56-f708-4df0-95bb-d47ad5f20be8","a1725e56-f708-4df0-95bb-d47ad5f20be8","False","False","False","Cluster","1048576","a1725e56-f708-4df0-95bb-d47ad5f20be8","Microsoft.Azure.PowerShell.Cmdlets.Migrate.Models.Api202001.IHyperVNetworkAdapter[]","42","4","Red Hat Enterprise Linux","linuxguest","4.18.0","Running","Microsoft.OffAzure/HyperVSites/machines","2025-02-13T15:18:25.4370383Z","C:\ClusterStorage\Volume12\HICP3604\Virtual Machines\A1725E56-F708-4DF0-95BB-D47AD5F20BE8.VMCX","hicp3604","9.0"
"16384",,,,,,,,,,"3D7BD7A2-4B82-487A-B1BB-CD22E8D118A9","2290-8197-3651-3415-9394-0255-58","HICP1326_CLU.olcc.lan","/subscriptions/bc602065-8f71-487b-9fa1-e872b4ce9a79/resourceGroups/rg-dcstratmig-prd-003/providers/Microsoft.OffAzure/HyperVSites/HYPV-AZ-MIGVA24225site/clusters/hicp1326-clu-olcc-lan-dfe304fe-4c9c-4a21-8ab7-565af1ada800","2025-02-11T20:30:06.4519509Z","Microsoft.Azure.PowerShell.Cmdlets.Migrate.Models.Api202001.IHyperVDisk[]","HICU2181B","Microsoft.Azure.PowerShell.Cmdlets.Migrate.Models.Api202001.IHealthErrorDetails[]","UEFI","2","2/13/2025 3:19:43 AM","Microsoft Windows Server 2016 Standard","Windows","10.0.14393","Yes","HICP1326D",,"/subscriptions/bc602065-8f71-487b-9fa1-e872b4ce9a79/resourceGroups/rg-dcstratmig-prd-003/providers/Microsoft.OffAzure/HyperVSites/HYPV-AZ-MIGVA24225site/machines/bae82e64-bf1d-46e6-b5f6-a6c07dea2fc9","bae82e64-bf1d-46e6-b5f6-a6c07dea2fc9","False","False","False","Cluster","1048576","bae82e64-bf1d-46e6-b5f6-a6c07dea2fc9","Microsoft.Azure.PowerShell.Cmdlets.Migrate.Models.Api202001.IHyperVNetworkAdapter[]","22","8","Windows Server 2016 Standard","windowsguest","10.0.14393","Running","Microsoft.OffAzure/HyperVSites/machines","2025-02-13T03:22:46.5619842Z","C:\ClusterStorage\Volume1\HICU2181B\Virtual Machines\BAE82E64-BF1D-46E6-B5F6-A6C07DEA2FC9.VMCX","HICU2181B.olcc.lan","9.0"
"4096",,,,,,,,,,"5803C178-F423-490E-B2CD-D25B09C9D4AE","2084-8837-2453-2926-6324-3869-70","HICP1310_Clu.olcc.lan","/subscriptions/bc602065-8f71-487b-9fa1-e872b4ce9a79/resourceGroups/rg-dcstratmig-prd-003/providers/Microsoft.OffAzure/HyperVSites/HYPV-AZ-MIGVA24225site/clusters/hicp1310-clu-olcc-lan-4fb0bd14-3fa8-4561-ad74-93b04087d47c","2025-02-11T20:30:06.7019452Z","Microsoft.Azure.PowerShell.Cmdlets.Migrate.Models.Api202001.IHyperVDisk[]","HICP1002E","Microsoft.Azure.PowerShell.Cmdlets.Migrate.Models.Api202001.IHealthErrorDetails[]","UEFI","2","2/13/2025 3:21:16 AM","Microsoft Windows Server 2022 Standard","Windows","10.0.20348","Yes","HICP1312",,"/subscriptions/bc602065-8f71-487b-9fa1-e872b4ce9a79/resourceGroups/rg-dcstratmig-prd-003/providers/Microsoft.OffAzure/HyperVSites/HYPV-AZ-MIGVA24225site/machines/aa8739d0-6dc8-4397-9e22-ee1215ccf1d9","aa8739d0-6dc8-4397-9e22-ee1215ccf1d9","False","False","False","Cluster","1048576","aa8739d0-6dc8-4397-9e22-ee1215ccf1d9","Microsoft.Azure.PowerShell.Cmdlets.Migrate.Models.Api202001.IHyperVNetworkAdapter[]","15","2","Windows Server 2022 Standard","windowsguest","10.0.20348","Running","Microsoft.OffAzure/HyperVSites/machines","2025-02-13T15:05:59.7155787Z","C:\ClusterStorage\Volume13\HICP1002E\Virtual Machines\AA8739D0-6DC8-4397-9E22-EE1215CCF1D9.VMCX","HICP1002E.olcc.lan","9.0"
"4096",,,,,,,,,,"EC0D0414-E53D-4A47-8158-D437534D2764","7652-9991-3097-1607-2316-2858-90","HICP1326_CLU.olcc.lan","/subscriptions/bc602065-8f71-487b-9fa1-e872b4ce9a79/resourceGroups/rg-dcstratmig-prd-003/providers/Microsoft.OffAzure/HyperVSites/HYPV-AZ-MIGVA24225site/clusters/hicp1326-clu-olcc-lan-dfe304fe-4c9c-4a21-8ab7-565af1ada800","2025-02-11T20:30:06.9519429Z","Microsoft.Azure.PowerShell.Cmdlets.Migrate.Models.Api202001.IHyperVDisk[]","HICU2801","Microsoft.Azure.PowerShell.Cmdlets.Migrate.Models.Api202001.IHealthErrorDetails[]","UEFI","2","2/13/2025 3:20:20 AM","Microsoft Windows Server 2019 Standard","Windows","10.0.17763","Yes","HICP1326B",,"/subscriptions/bc602065-8f71-487b-9fa1-e872b4ce9a79/resourceGroups/rg-dcstratmig-prd-003/providers/Microsoft.OffAzure/HyperVSites/HYPV-AZ-MIGVA24225site/machines/b719df32-c7c7-4e1f-9618-209c780d0352","b719df32-c7c7-4e1f-9618-209c780d0352","False","False","False","Cluster","1048576","b719df32-c7c7-4e1f-9618-209c780d0352","Microsoft.Azure.PowerShell.Cmdlets.Migrate.Models.Api202001.IHyperVNetworkAdapter[]","19","2","Windows Server 2019 Standard","windowsguest","10.0.17763","Running","Microsoft.OffAzure/HyperVSites/machines","2025-02-13T03:22:02.5651478Z","C:\ClusterStorage\Volume1\HICT2803\Virtual Machines\B719DF32-C7C7-4E1F-9618-209C780D0352.VMCX","HICU2801.olcc.lan","9.0"
"6144",,,,,,,,,,"6EEA1070-89A4-4132-868D-96F44E795C57","4458-1387-1566-2383-1822-2642-10","HICP1310_Clu.olcc.lan","/subscriptions/bc602065-8f71-487b-9fa1-e872b4ce9a79/resourceGroups/rg-dcstratmig-prd-003/providers/Microsoft.OffAzure/HyperVSites/HYPV-AZ-MIGVA24225site/clusters/hicp1310-clu-olcc-lan-4fb0bd14-3fa8-4561-ad74-93b04087d47c","2025-02-11T20:30:07.2019437Z","Microsoft.Azure.PowerShell.Cmdlets.Migrate.Models.Api202001.IHyperVDisk[]","HICP2020","Microsoft.Azure.PowerShell.Cmdlets.Migrate.Models.Api202001.IHealthErrorDetails[]","BIOS","1","2/13/2025 3:20:13 AM","Microsoft Windows Server 2019 Standard","Windows","10.0.17763","Yes","HICP1310",,"/subscriptions/bc602065-8f71-487b-9fa1-e872b4ce9a79/resourceGroups/rg-dcstratmig-prd-003/providers/Microsoft.OffAzure/HyperVSites/HYPV-AZ-MIGVA24225site/machines/9d9813bb-81d0-4fba-8d5a-3d550ea7c648","9d9813bb-81d0-4fba-8d5a-3d550ea7c648","False","False","False","Cluster","65536","9d9813bb-81d0-4fba-8d5a-3d550ea7c648","Microsoft.Azure.PowerShell.Cmdlets.Migrate.Models.Api202001.IHyperVNetworkAdapter[]","29","2","Windows Server 2019 Standard","windowsguest","10.0.17763","Running","Microsoft.OffAzure/HyperVSites/machines","2025-02-13T15:05:59.8562863Z","C:\ClusterStorage\Volume14\HICP2020-2-2\HICP2020-2\Virtual Machines\9D9813BB-81D0-4FBA-8D5A-3D550EA7C648.VMCX","HICP2020.olcc.lan","9.0"
"4096",,,,,,,,,,"D0170706-FDAB-46EC-9274-3E693F300D5F","4422-1980-8963-9812-2047-6852-32","HICP1326_CLU.olcc.lan","/subscriptions/bc602065-8f71-487b-9fa1-e872b4ce9a79/resourceGroups/rg-dcstratmig-prd-003/providers/Microsoft.OffAzure/HyperVSites/HYPV-AZ-MIGVA24225site/clusters/hicp1326-clu-olcc-lan-dfe304fe-4c9c-4a21-8ab7-565af1ada800","2025-02-11T20:30:07.4519482Z","Microsoft.Azure.PowerShell.Cmdlets.Migrate.Models.Api202001.IHyperVDisk[]","FLOLVSOASTG","Microsoft.Azure.PowerShell.Cmdlets.Migrate.Models.Api202001.IHealthErrorDetails[]","BIOS","1","2/13/2025 1:28:21 AM","Microsoft Windows Server 2019 Standard","Windows","10.0.17763","Yes","HICP1326B",,"/subscriptions/bc602065-8f71-487b-9fa1-e872b4ce9a79/resourceGroups/rg-dcstratmig-prd-003/providers/Microsoft.OffAzure/HyperVSites/HYPV-AZ-MIGVA24225site/machines/b356bca7-0d0d-4cf4-b1d8-346ed9caac74","b356bca7-0d0d-4cf4-b1d8-346ed9caac74","False","False","False","Cluster","65536","b356bca7-0d0d-4cf4-b1d8-346ed9caac74","Microsoft.Azure.PowerShell.Cmdlets.Migrate.Models.Api202001.IHyperVNetworkAdapter[]","43","2","Windows Server 2019 Standard","windowsguest","10.0.17763","Running","Microsoft.OffAzure/HyperVSites/machines","2025-02-13T15:02:13.9094154Z","C:\ClusterStorage\Volume1\FLOLVSOASTG\Virtual Machines\B356BCA7-0D0D-4CF4-B1D8-346ED9CAAC74.VMCX","FLOLVSOASTG.olcc.lan","9.0"
"24576",,,,,,,,,,"A310C151-607B-4C0F-A01C-99B3D2CFA56E","1107-3992-2047-2216-0124-2647-89","HICP1310_Clu.olcc.lan","/subscriptions/bc602065-8f71-487b-9fa1-e872b4ce9a79/resourceGroups/rg-dcstratmig-prd-003/providers/Microsoft.OffAzure/HyperVSites/HYPV-AZ-MIGVA24225site/clusters/hicp1310-clu-olcc-lan-4fb0bd14-3fa8-4561-ad74-93b04087d47c","2025-02-11T20:30:07.7019423Z","Microsoft.Azure.PowerShell.Cmdlets.Migrate.Models.Api202001.IHyperVDisk[]","HICP3817","Microsoft.Azure.PowerShell.Cmdlets.Migrate.Models.Api202001.IHealthErrorDetails[]","UEFI","2","2/13/2025 3:19:47 AM","Red Hat Enterprise Linux","Linux","8.3","Yes","HICP1316",,"/subscriptions/bc602065-8f71-487b-9fa1-e872b4ce9a79/resourceGroups/rg-dcstratmig-prd-003/providers/Microsoft.OffAzure/HyperVSites/HYPV-AZ-MIGVA24225site/machines/bf8747e2-3b22-4f61-87b8-70fa94dcc36a","bf8747e2-3b22-4f61-87b8-70fa94dcc36a","False","False","False","Cluster","1048576","bf8747e2-3b22-4f61-87b8-70fa94dcc36a","Microsoft.Azure.PowerShell.Cmdlets.Migrate.Models.Api202001.IHyperVNetworkAdapter[]","66","6","Red Hat Enterprise Linux","linuxguest","4.18.0","Running","Microsoft.OffAzure/HyperVSites/machines","2025-02-13T03:19:47.6866589Z","C:\ClusterStorage\Volume14\HICP3817\Virtual Machines\BF8747E2-3B22-4F61-87B8-70FA94DCC36A.VMCX","HICP3817.olcc.lan","9.0"
"4096",,,,,,,,,,"9C3219C1-8FC3-4144-8CE9-55506FECD7E3","2789-4323-1943-4082-5369-5243-15","HICP1326_CLU.olcc.lan","/subscriptions/bc602065-8f71-487b-9fa1-e872b4ce9a79/resourceGroups/rg-dcstratmig-prd-003/providers/Microsoft.OffAzure/HyperVSites/HYPV-AZ-MIGVA24225site/clusters/hicp1326-clu-olcc-lan-dfe304fe-4c9c-4a21-8ab7-565af1ada800","2025-02-11T20:30:07.9519601Z","Microsoft.Azure.PowerShell.Cmdlets.Migrate.Models.Api202001.IHyperVDisk[]","HICU8514B","Microsoft.Azure.PowerShell.Cmdlets.Migrate.Models.Api202001.IHealthErrorDetails[]","UEFI","2","2/13/2025 3:19:19 AM","Microsoft Windows Server 2019 Standard","Windows","10.0.17763","Yes","HICP1326C",,"/subscriptions/bc602065-8f71-487b-9fa1-e872b4ce9a79/resourceGroups/rg-dcstratmig-prd-003/providers/Microsoft.OffAzure/HyperVSites/HYPV-AZ-MIGVA24225site/machines/ea13283a-9eff-4b4b-a146-04d3294b3f36","ea13283a-9eff-4b4b-a146-04d3294b3f36","False","False","False","Cluster","1048576","ea13283a-9eff-4b4b-a146-04d3294b3f36","Microsoft.Azure.PowerShell.Cmdlets.Migrate.Models.Api202001.IHyperVNetworkAdapter[]","127","2","Windows Server 2019 Standard","windowsguest","10.0.17763","Running","Microsoft.OffAzure/HyperVSites/machines","2025-02-13T15:05:59.9656139Z","C:\ClusterStorage\Volume1\HICU8514B\Virtual Machines\EA13283A-9EFF-4B4B-A146-04D3294B3F36.VMCX","HICU8514B.olcc.lan","9.0"
"8192",,,,,,,,,,"E0837DE1-AEBD-45C4-A94B-1A27996DB379","7504-4867-1178-9185-1753-0755-10","HICP1310_Clu.olcc.lan","/subscriptions/bc602065-8f71-487b-9fa1-e872b4ce9a79/resourceGroups/rg-dcstratmig-prd-003/providers/Microsoft.OffAzure/HyperVSites/HYPV-AZ-MIGVA24225site/clusters/hicp1310-clu-olcc-lan-4fb0bd14-3fa8-4561-ad74-93b04087d47c","2025-02-11T20:30:08.2019660Z","Microsoft.Azure.PowerShell.Cmdlets.Migrate.Models.Api202001.IHyperVDisk[]","HICP2121","Microsoft.Azure.PowerShell.Cmdlets.Migrate.Models.Api202001.IHealthErrorDetails[]","UEFI","2","2/13/2025 3:20:05 AM","Microsoft Windows Server 2019 Standard","Windows","10.0.17763","Yes","HICP1311",,"/subscriptions/bc602065-8f71-487b-9fa1-e872b4ce9a79/resourceGroups/rg-dcstratmig-prd-003/providers/Microsoft.OffAzure/HyperVSites/HYPV-AZ-MIGVA24225site/machines/4b88a624-2725-4c5e-bad1-0aa38e52a438","4b88a624-2725-4c5e-bad1-0aa38e52a438","False","False","False","Cluster","1048576","4b88a624-2725-4c5e-bad1-0aa38e52a438","Microsoft.Azure.PowerShell.Cmdlets.Migrate.Models.Api202001.IHyperVNetworkAdapter[]","30","2","Windows Server 2019 Standard","windowsguest","10.0.17763","Running","Microsoft.OffAzure/HyperVSites/machines","2025-02-13T03:21:51.0236819Z","C:\ClusterStorage\Volume2\HICP2121\Virtual Machines\4B88A624-2725-4C5E-BAD1-0AA38E52A438.VMCX","HICP2121.olcc.lan","9.0"
"32768",,,,,,,,,,"99F5B039-FA4F-4A37-A23D-985FFD22A5FA","9290-4316-1856-1183-4549-5758-88","HICP1323_CLU.olcc.lan","/subscriptions/bc602065-8f71-487b-9fa1-e872b4ce9a79/resourceGroups/rg-dcstratmig-prd-003/providers/Microsoft.OffAzure/HyperVSites/HYPV-AZ-MIGVA24225site/clusters/hicp1323-clu-olcc-lan-fe5137bc-e3d8-415b-9d54-c2debea3ef5d","2025-02-11T20:30:08.4519935Z","Microsoft.Azure.PowerShell.Cmdlets.Migrate.Models.Api202001.IHyperVDisk[]","HICP2442","Microsoft.Azure.PowerShell.Cmdlets.Migrate.Models.Api202001.IHealthErrorDetails[]","UEFI","2",,,,,"Yes","HICP1323B",,"/subscriptions/bc602065-8f71-487b-9fa1-e872b4ce9a79/resourceGroups/rg-dcstratmig-prd-003/providers/Microsoft.OffAzure/HyperVSites/HYPV-AZ-MIGVA24225site/machines/58a9af6d-db7a-416e-a28b-19953341f2e1","58a9af6d-db7a-416e-a28b-19953341f2e1","False","False","True","Cluster","1048576","58a9af6d-db7a-416e-a28b-19953341f2e1","Microsoft.Azure.PowerShell.Cmdlets.Migrate.Models.Api202001.IHyperVNetworkAdapter[]","-1","4","Windows Server 2022 Standard","windowsguest","10.0.20348","Running","Microsoft.OffAzure/HyperVSites/machines","2025-02-13T03:47:01.6258564Z","C:\ClusterStorage\Volume1\HICP2442\Virtual Machines\58A9AF6D-DB7A-416E-A28B-19953341F2E1.VMCX","HICP2442.olcc.lan","9.0"
"4096",,,,,,,,,,"5D66187A-B3B4-4DE9-8304-EA06B9CB9A1F","6934-7390-0131-6717-0217-6329-30","HICP1310_Clu.olcc.lan","/subscriptions/bc602065-8f71-487b-9fa1-e872b4ce9a79/resourceGroups/rg-dcstratmig-prd-003/providers/Microsoft.OffAzure/HyperVSites/HYPV-AZ-MIGVA24225site/clusters/hicp1310-clu-olcc-lan-4fb0bd14-3fa8-4561-ad74-93b04087d47c","2025-02-11T20:30:08.7019499Z","Microsoft.Azure.PowerShell.Cmdlets.Migrate.Models.Api202001.IHyperVDisk[]","HICP2110","Microsoft.Azure.PowerShell.Cmdlets.Migrate.Models.Api202001.IHealthErrorDetails[]","UEFI","2","2/13/2025 3:19:37 AM","Microsoft Windows Server 2016 Standard","Windows","10.0.14393","Yes","HICP1311",,"/subscriptions/bc602065-8f71-487b-9fa1-e872b4ce9a79/resourceGroups/rg-dcstratmig-prd-003/providers/Microsoft.OffAzure/HyperVSites/HYPV-AZ-MIGVA24225site/machines/f6b85ff0-1be8-404d-ad76-1d02174e06fd","f6b85ff0-1be8-404d-ad76-1d02174e06fd","False","False","False","Cluster","1048576","f6b85ff0-1be8-404d-ad76-1d02174e06fd","Microsoft.Azure.PowerShell.Cmdlets.Migrate.Models.Api202001.IHyperVNetworkAdapter[]","23","2","Windows Server 2016 Standard","windowsguest","10.0.14393","Running","Microsoft.OffAzure/HyperVSites/machines","2025-02-13T15:06:00.2312496Z","C:\ClusterStorage\Volume3\HICP2110\Virtual Machines\F6B85FF0-1BE8-404D-AD76-1D02174E06FD.VMCX","HICP2110.olcc.lan","9.0"
"4096",,,,,,,,,,"E16B85BB-C7EE-4082-A003-F34D8409C103","6579-0264-3479-7271-3918-9485-64","HICP1326_CLU.olcc.lan","/subscriptions/bc602065-8f71-487b-9fa1-e872b4ce9a79/resourceGroups/rg-dcstratmig-prd-003/providers/Microsoft.OffAzure/HyperVSites/HYPV-AZ-MIGVA24225site/clusters/hicp1326-clu-olcc-lan-dfe304fe-4c9c-4a21-8ab7-565af1ada800","2025-02-11T20:30:08.9519531Z","Microsoft.Azure.PowerShell.Cmdlets.Migrate.Models.Api202001.IHyperVDisk[]","NP05-APP01A-ROP","Microsoft.Azure.PowerShell.Cmdlets.Migrate.Models.Api202001.IHealthErrorDetails[]","BIOS","1","2/13/2025 3:19:44 AM","Microsoft Windows Server 2019 Standard","Windows","10.0.17763","Yes","HICP1326B",,"/subscriptions/bc602065-8f71-487b-9fa1-e872b4ce9a79/resourceGroups/rg-dcstratmig-prd-003/providers/Microsoft.OffAzure/HyperVSites/HYPV-AZ-MIGVA24225site/machines/552282d6-9348-4c2f-83f2-36b99fb90923","552282d6-9348-4c2f-83f2-36b99fb90923","False","False","False","Cluster","65536","552282d6-9348-4c2f-83f2-36b99fb90923","Microsoft.Azure.PowerShell.Cmdlets.Migrate.Models.Api202001.IHyperVNetworkAdapter[]","60","2","Windows Server 2019 Standard","windowsguest","10.0.17763","Running","Microsoft.OffAzure/HyperVSites/machines","2025-02-13T15:06:00.1062060Z","C:\ClusterStorage\Volume1\NP05-APP01A-ROP\Virtual Machines\552282D6-9348-4C2F-83F2-36B99FB90923.VMCX","NP05-APP01A-ROP.olcc.lan","9.0"
"4096",,,,,,,,,,"73CC255B-FB31-41AD-B94A-96CE9D9E06CF","6459-7461-5546-5966-1023-2301-83","HICP1323_CLU.olcc.lan","/subscriptions/bc602065-8f71-487b-9fa1-e872b4ce9a79/resourceGroups/rg-dcstratmig-prd-003/providers/Microsoft.OffAzure/HyperVSites/HYPV-AZ-MIGVA24225site/clusters/hicp1323-clu-olcc-lan-fe5137bc-e3d8-415b-9d54-c2debea3ef5d","2025-02-11T20:30:09.2019820Z","Microsoft.Azure.PowerShell.Cmdlets.Migrate.Models.Api202001.IHyperVDisk[]","ATL_DMZ_RHEL_CloneTemplate","Microsoft.Azure.PowerShell.Cmdlets.Migrate.Models.Api202001.IHealthErrorDetails[]","UEFI","2",,,,,"Yes","HICP1323B",,"/subscriptions/bc602065-8f71-487b-9fa1-e872b4ce9a79/resourceGroups/rg-dcstratmig-prd-003/providers/Microsoft.OffAzure/HyperVSites/HYPV-AZ-MIGVA24225site/machines/e9d9a25b-cbb1-44c3-ab9f-c228d7effdb1","e9d9a25b-cbb1-44c3-ab9f-c228d7effdb1","False","False","True","Cluster","1048576","e9d9a25b-cbb1-44c3-ab9f-c228d7effdb1","Microsoft.Azure.PowerShell.Cmdlets.Migrate.Models.Api202001.IHyperVNetworkAdapter[]","-1","2",,"otherguestfamily",,"PowerOff","Microsoft.OffAzure/HyperVSites/machines","2025-02-13T03:21:39.2578297Z","C:\ClusterStorage\Volume1\ATL_DMZ_RHEL_CloneTemplate\Virtual Machines\E9D9A25B-CBB1-44C3-AB9F-C228D7EFFDB1.VMCX","","9.0"
"9216",,,,,,,,,,"20F4C6E8-0B43-4CE4-A4A6-1EA1D8D573A4","5678-6004-4444-0858-2575-9570-09","HICP1310_Clu.olcc.lan","/subscriptions/bc602065-8f71-487b-9fa1-e872b4ce9a79/resourceGroups/rg-dcstratmig-prd-003/providers/Microsoft.OffAzure/HyperVSites/HYPV-AZ-MIGVA24225site/clusters/hicp1310-clu-olcc-lan-4fb0bd14-3fa8-4561-ad74-93b04087d47c","2025-02-11T20:30:09.4519707Z","Microsoft.Azure.PowerShell.Cmdlets.Migrate.Models.Api202001.IHyperVDisk[]","DC01-WB01-SMART","Microsoft.Azure.PowerShell.Cmdlets.Migrate.Models.Api202001.IHealthErrorDetails[]","BIOS","1","2/13/2025 2:37:25 AM","Microsoft Windows Server 2019 Standard","Windows","10.0.17763","Yes","HICP1315",,"/subscriptions/bc602065-8f71-487b-9fa1-e872b4ce9a79/resourceGroups/rg-dcstratmig-prd-003/providers/Microsoft.OffAzure/HyperVSites/HYPV-AZ-MIGVA24225site/machines/57744dcc-c405-47cc-9e73-7f6c30694af8","57744dcc-c405-47cc-9e73-7f6c30694af8","False","False","False","Cluster","65536","57744dcc-c405-47cc-9e73-7f6c30694af8","Microsoft.Azure.PowerShell.Cmdlets.Migrate.Models.Api202001.IHyperVNetworkAdapter[]","44","2","Windows Server 2019 Standard","windowsguest","10.0.17763","Running","Microsoft.OffAzure/HyperVSites/machines","2025-02-13T15:02:14.0188115Z","C:\ClusterStorage\Volume13\DC01-WB01-SMART\Virtual Machines\57744DCC-C405-47CC-9E73-7F6C30694AF8.VMCX","DC01-WB01-SMART.olcc.lan","9.0"
"8192",,,,,,,,,,"1187B4C6-EC5B-47C5-BD05-AE6C22D806D4","9543-2989-0387-4461-2166-8317-26","HICP1323_CLU.olcc.lan","/subscriptions/bc602065-8f71-487b-9fa1-e872b4ce9a79/resourceGroups/rg-dcstratmig-prd-003/providers/Microsoft.OffAzure/HyperVSites/HYPV-AZ-MIGVA24225site/clusters/hicp1323-clu-olcc-lan-fe5137bc-e3d8-415b-9d54-c2debea3ef5d","2025-02-11T20:30:09.7019593Z","Microsoft.Azure.PowerShell.Cmdlets.Migrate.Models.Api202001.IHyperVDisk[]","FLOLVEWS1","Microsoft.Azure.PowerShell.Cmdlets.Migrate.Models.Api202001.IHealthErrorDetails[]","BIOS","1",,,,,"Yes","HICP1323B",,"/subscriptions/bc602065-8f71-487b-9fa1-e872b4ce9a79/resourceGroups/rg-dcstratmig-prd-003/providers/Microsoft.OffAzure/HyperVSites/HYPV-AZ-MIGVA24225site/machines/f90a49ea-03d2-43f0-8898-b04d31037abf","f90a49ea-03d2-43f0-8898-b04d31037abf","False","False","True","Cluster","65536","f90a49ea-03d2-43f0-8898-b04d31037abf","Microsoft.Azure.PowerShell.Cmdlets.Migrate.Models.Api202001.IHyperVNetworkAdapter[]","-1","2","Windows Server 2019 Standard","windowsguest","10.0.17763","Running","Microsoft.OffAzure/HyperVSites/machines","2025-02-13T03:47:02.1258134Z","C:\ClusterStorage\Volume2\FLOLVEWS1\Virtual Machines\F90A49EA-03D2-43F0-8898-B04D31037ABF.VMCX","FLOLVEWS1.olcc.lan","9.0"
"8192",,,,,,,,,,"063A2064-7275-45D7-8C49-308143C69888","8457-9852-9441-2183-4162-0353-53","HICP1326_CLU.olcc.lan","/subscriptions/bc602065-8f71-487b-9fa1-e872b4ce9a79/resourceGroups/rg-dcstratmig-prd-003/providers/Microsoft.OffAzure/HyperVSites/HYPV-AZ-MIGVA24225site/clusters/hicp1326-clu-olcc-lan-dfe304fe-4c9c-4a21-8ab7-565af1ada800","2025-02-11T20:30:09.9519758Z","Microsoft.Azure.PowerShell.Cmdlets.Migrate.Models.Api202001.IHyperVDisk[]","NP03-APP01A-TSW","Microsoft.Azure.PowerShell.Cmdlets.Migrate.Models.Api202001.IHealthErrorDetails[]","BIOS","1","2/13/2025 3:20:50 AM","Microsoft Windows Server 2019 Standard","Windows","10.0.17763","Yes","HICP1326B",,"/subscriptions/bc602065-8f71-487b-9fa1-e872b4ce9a79/resourceGroups/rg-dcstratmig-prd-003/providers/Microsoft.OffAzure/HyperVSites/HYPV-AZ-MIGVA24225site/machines/9242adf3-baaa-41e7-9495-1231629538c9","9242adf3-baaa-41e7-9495-1231629538c9","False","False","False","Cluster","65536","9242adf3-baaa-41e7-9495-1231629538c9","Microsoft.Azure.PowerShell.Cmdlets.Migrate.Models.Api202001.IHyperVNetworkAdapter[]","44","2","Windows Server 2019 Standard","windowsguest","10.0.17763","Running","Microsoft.OffAzure/HyperVSites/machines","2025-02-13T15:02:14.1437914Z","C:\ClusterStorage\Volume1\NP03-APP01A-TSW\Virtual Machines\9242ADF3-BAAA-41E7-9495-1231629538C9.VMCX","NP03-APP01A-TSW.olcc.lan","9.0"
"4096",,,,,,,,,,"016A7036-2641-4C9F-8339-09A7D79E3E58","1512-6144-5099-0040-0395-0612-08","HICP1310_Clu.olcc.lan","/subscriptions/bc602065-8f71-487b-9fa1-e872b4ce9a79/resourceGroups/rg-dcstratmig-prd-003/providers/Microsoft.OffAzure/HyperVSites/HYPV-AZ-MIGVA24225site/clusters/hicp1310-clu-olcc-lan-4fb0bd14-3fa8-4561-ad74-93b04087d47c","2025-02-11T20:30:10.2019628Z","Microsoft.Azure.PowerShell.Cmdlets.Migrate.Models.Api202001.IHyperVDisk[]","HICP2023","Microsoft.Azure.PowerShell.Cmdlets.Migrate.Models.Api202001.IHealthErrorDetails[]","UEFI","2","2/13/2025 3:20:11 AM","Microsoft Windows Server 2022 Standard","Windows","10.0.20348","Yes","HICP1310",,"/subscriptions/bc602065-8f71-487b-9fa1-e872b4ce9a79/resourceGroups/rg-dcstratmig-prd-003/providers/Microsoft.OffAzure/HyperVSites/HYPV-AZ-MIGVA24225site/machines/2119c662-6985-4b9e-b468-9ff02260cf52","2119c662-6985-4b9e-b468-9ff02260cf52","False","False","False","Cluster","1048576","2119c662-6985-4b9e-b468-9ff02260cf52","Microsoft.Azure.PowerShell.Cmdlets.Migrate.Models.Api202001.IHyperVNetworkAdapter[]","16","2","Windows Server 2022 Standard","windowsguest","10.0.20348","Running","Microsoft.OffAzure/HyperVSites/machines","2025-02-13T03:21:55.5237636Z","C:\ClusterStorage\Volume12\HICP2023\Virtual Machines\2119C662-6985-4B9E-B468-9FF02260CF52.VMCX","HICP2023.olcc.lan","9.0"
"8192",,,,,,,,,,"7C4E4F90-C363-46E4-91AA-62DF3CBA2AE9","2047-6927-2138-5225-6501-2164-86","HICP1310_Clu.olcc.lan","/subscriptions/bc602065-8f71-487b-9fa1-e872b4ce9a79/resourceGroups/rg-dcstratmig-prd-003/providers/Microsoft.OffAzure/HyperVSites/HYPV-AZ-MIGVA24225site/clusters/hicp1310-clu-olcc-lan-4fb0bd14-3fa8-4561-ad74-93b04087d47c","2025-02-11T20:30:10.4519663Z","Microsoft.Azure.PowerShell.Cmdlets.Migrate.Models.Api202001.IHyperVDisk[]","FLOLVESBPRD2","Microsoft.Azure.PowerShell.Cmdlets.Migrate.Models.Api202001.IHealthErrorDetails[]","BIOS","1","2/13/2025 3:20:43 AM","Microsoft Windows Server 2016 Standard","Windows","10.0.14393","Yes","HICP1315",,"/subscriptions/bc602065-8f71-487b-9fa1-e872b4ce9a79/resourceGroups/rg-dcstratmig-prd-003/providers/Microsoft.OffAzure/HyperVSites/HYPV-AZ-MIGVA24225site/machines/eec5b712-db5f-48e6-bb58-50a4708e36c8","eec5b712-db5f-48e6-bb58-50a4708e36c8","False","False","False","Cluster","65536","eec5b712-db5f-48e6-bb58-50a4708e36c8","Microsoft.Azure.PowerShell.Cmdlets.Migrate.Models.Api202001.IHyperVNetworkAdapter[]","50","4","Windows Server 2016 Standard","windowsguest","10.0.14393","Running","Microsoft.OffAzure/HyperVSites/machines","2025-02-13T15:06:00.3406177Z","C:\ClusterStorage\Volume12\FLOLVESBPRD2\Virtual Machines\EEC5B712-DB5F-48E6-BB58-50A4708E36C8.VMCX","FLOLVESBPRD2.olcc.lan","9.0"
"16384",,,,,,,,,,"375B2909-4A2B-4F26-BD18-FB91EC9B44D9","3945-8272-7018-6613-6398-9407-64","HICP1310_Clu.olcc.lan","/subscriptions/bc602065-8f71-487b-9fa1-e872b4ce9a79/resourceGroups/rg-dcstratmig-prd-003/providers/Microsoft.OffAzure/HyperVSites/HYPV-AZ-MIGVA24225site/clusters/hicp1310-clu-olcc-lan-4fb0bd14-3fa8-4561-ad74-93b04087d47c","2025-02-11T20:30:10.7019725Z","Microsoft.Azure.PowerShell.Cmdlets.Migrate.Models.Api202001.IHyperVDisk[]","HICP7012","Microsoft.Azure.PowerShell.Cmdlets.Migrate.Models.Api202001.IHealthErrorDetails[]","UEFI","2","2/13/2025 3:19:31 AM","Microsoft Windows Server 2019 Standard","Windows","10.0.17763","Yes","HICP1310C",,"/subscriptions/bc602065-8f71-487b-9fa1-e872b4ce9a79/resourceGroups/rg-dcstratmig-prd-003/providers/Microsoft.OffAzure/HyperVSites/HYPV-AZ-MIGVA24225site/machines/8ffc6102-2137-44b6-9543-a6c600ecffcd","8ffc6102-2137-44b6-9543-a6c600ecffcd","False","False","False","Cluster","1048576","8ffc6102-2137-44b6-9543-a6c600ecffcd","Microsoft.Azure.PowerShell.Cmdlets.Migrate.Models.Api202001.IHyperVNetworkAdapter[]","80","4","Windows Server 2019 Standard","windowsguest","10.0.17763","Running","Microsoft.OffAzure/HyperVSites/machines","2025-02-13T03:19:31.9520103Z","C:\ClusterStorage\Volume2\HICP7012\Virtual Machines\8FFC6102-2137-44B6-9543-A6C600ECFFCD.VMCX","HICP7012.olcc.lan","9.0"
"32000",,,,,,,,,,"652B8172-D7E9-40D7-8B57-609C93919843","6218-0416-9004-9345-7205-0294-72","HICP1310_Clu.olcc.lan","/subscriptions/bc602065-8f71-487b-9fa1-e872b4ce9a79/resourceGroups/rg-dcstratmig-prd-003/providers/Microsoft.OffAzure/HyperVSites/HYPV-AZ-MIGVA24225site/clusters/hicp1310-clu-olcc-lan-4fb0bd14-3fa8-4561-ad74-93b04087d47c","2025-02-11T20:30:10.9519699Z","Microsoft.Azure.PowerShell.Cmdlets.Migrate.Models.Api202001.IHyperVDisk[]","DC01-APSDR-MGR","Microsoft.Azure.PowerShell.Cmdlets.Migrate.Models.Api202001.IHealthErrorDetails[]","BIOS","1","2/13/2025 3:19:39 AM","Microsoft Windows Server 2016 Standard","Windows","10.0.14393","Yes","HICP1318",,"/subscriptions/bc602065-8f71-487b-9fa1-e872b4ce9a79/resourceGroups/rg-dcstratmig-prd-003/providers/Microsoft.OffAzure/HyperVSites/HYPV-AZ-MIGVA24225site/machines/4e79f322-e5c7-4369-85b4-5343f26beaa2","4e79f322-e5c7-4369-85b4-5343f26beaa2","False","False","False","Cluster","65536","4e79f322-e5c7-4369-85b4-5343f26beaa2","Microsoft.Azure.PowerShell.Cmdlets.Migrate.Models.Api202001.IHyperVNetworkAdapter[]","59","8","Windows Server 2016 Standard","windowsguest","10.0.14393","Running","Microsoft.OffAzure/HyperVSites/machines","2025-02-13T15:02:14.2687979Z","C:\ClusterStorage\Volume11\DC01-APSDR-MGR\Virtual Machines\4E79F322-E5C7-4369-85B4-5343F26BEAA2.VMCX","DC01-APSDR-MGR.olcc.lan","9.0"
"16384",,,,,,,,,,"870311E8-9125-4B3E-AE7F-C00D2BC1523A","5963-4236-9771-3739-9274-8169-60","HICP1326_CLU.olcc.lan","/subscriptions/bc602065-8f71-487b-9fa1-e872b4ce9a79/resourceGroups/rg-dcstratmig-prd-003/providers/Microsoft.OffAzure/HyperVSites/HYPV-AZ-MIGVA24225site/clusters/hicp1326-clu-olcc-lan-dfe304fe-4c9c-4a21-8ab7-565af1ada800","2025-02-11T20:30:11.2019709Z","Microsoft.Azure.PowerShell.Cmdlets.Migrate.Models.Api202001.IHyperVDisk[]","HICU3901","Microsoft.Azure.PowerShell.Cmdlets.Migrate.Models.Api202001.IHealthErrorDetails[]","UEFI","2","2/13/2025 3:20:30 AM","Red Hat Enterprise Linux","Linux","8.10","Yes","HICP1326B",,"/subscriptions/bc602065-8f71-487b-9fa1-e872b4ce9a79/resourceGroups/rg-dcstratmig-prd-003/providers/Microsoft.OffAzure/HyperVSites/HYPV-AZ-MIGVA24225site/machines/15b628ec-9da0-4728-801e-7da153cc5325","15b628ec-9da0-4728-801e-7da153cc5325","False","False","False","Cluster","1048576","15b628ec-9da0-4728-801e-7da153cc5325","Microsoft.Azure.PowerShell.Cmdlets.Migrate.Models.Api202001.IHyperVNetworkAdapter[]","73","4","Red Hat Enterprise Linux","linuxguest","4.18.0","Running","Microsoft.OffAzure/HyperVSites/machines","2025-02-13T15:18:25.1870389Z","C:\ClusterStorage\Volume1\HICU3901\Virtual Machines\15B628EC-9DA0-4728-801E-7DA153CC5325.VMCX","hicu3901","9.0"
"8192",,,,,,,,,,"E4D9E37D-4BBC-4768-BA10-E8A0F18A6FF8","7269-5999-1550-3417-5879-8465-33","HICP1326_CLU.olcc.lan","/subscriptions/bc602065-8f71-487b-9fa1-e872b4ce9a79/resourceGroups/rg-dcstratmig-prd-003/providers/Microsoft.OffAzure/HyperVSites/HYPV-AZ-MIGVA24225site/clusters/hicp1326-clu-olcc-lan-dfe304fe-4c9c-4a21-8ab7-565af1ada800","2025-02-11T20:30:11.4519931Z","Microsoft.Azure.PowerShell.Cmdlets.Migrate.Models.Api202001.IHyperVDisk[]","NP03-ESB01-SLDI","Microsoft.Azure.PowerShell.Cmdlets.Migrate.Models.Api202001.IHealthErrorDetails[]","BIOS","1","2/13/2025 2:35:35 AM","Microsoft Windows Server 2019 Standard","Windows","10.0.17763","Yes","HICP1326B",,"/subscriptions/bc602065-8f71-487b-9fa1-e872b4ce9a79/resourceGroups/rg-dcstratmig-prd-003/providers/Microsoft.OffAzure/HyperVSites/HYPV-AZ-MIGVA24225site/machines/9fa7bc35-7228-4f0c-ac53-0903d428b4d1","9fa7bc35-7228-4f0c-ac53-0903d428b4d1","False","False","False","Cluster","65536","9fa7bc35-7228-4f0c-ac53-0903d428b4d1","Microsoft.Azure.PowerShell.Cmdlets.Migrate.Models.Api202001.IHyperVNetworkAdapter[]","57","2","Windows Server 2019 Standard","windowsguest","10.0.17763","Running","Microsoft.OffAzure/HyperVSites/machines","2025-02-13T03:21:43.7735291Z","C:\ClusterStorage\Volume1\NP03-ESB01-SLDI\Virtual Machines\9FA7BC35-7228-4F0C-AC53-0903D428B4D1.VMCX","NP03-ESB01-SLDI.olcc.lan","9.0"
"6144",,,,,,,,,,"F4663D19-6B54-4312-8CCB-9DDF25E4D600","7510-2712-6920-6137-3572-7006-97","HICP1310_Clu.olcc.lan","/subscriptions/bc602065-8f71-487b-9fa1-e872b4ce9a79/resourceGroups/rg-dcstratmig-prd-003/providers/Microsoft.OffAzure/HyperVSites/HYPV-AZ-MIGVA24225site/clusters/hicp1310-clu-olcc-lan-4fb0bd14-3fa8-4561-ad74-93b04087d47c","2025-02-11T20:30:11.7019837Z","Microsoft.Azure.PowerShell.Cmdlets.Migrate.Models.Api202001.IHyperVDisk[]","HICP5513B","Microsoft.Azure.PowerShell.Cmdlets.Migrate.Models.Api202001.IHealthErrorDetails[]","UEFI","2","2/13/2025 3:20:52 AM","Microsoft Windows Server 2022 Standard","Windows","10.0.20348","Yes","HICP1318",,"/subscriptions/bc602065-8f71-487b-9fa1-e872b4ce9a79/resourceGroups/rg-dcstratmig-prd-003/providers/Microsoft.OffAzure/HyperVSites/HYPV-AZ-MIGVA24225site/machines/8d46d485-02f9-4124-aab4-1c6982f73cd4","8d46d485-02f9-4124-aab4-1c6982f73cd4","False","False","False","Cluster","1048576","8d46d485-02f9-4124-aab4-1c6982f73cd4","Microsoft.Azure.PowerShell.Cmdlets.Migrate.Models.Api202001.IHyperVNetworkAdapter[]","29","2","Windows Server 2022 Standard","windowsguest","10.0.20348","Running","Microsoft.OffAzure/HyperVSites/machines","2025-02-13T03:22:53.5619906Z","C:\ClusterStorage\Volume11\HICP5513B\Virtual Machines\8D46D485-02F9-4124-AAB4-1C6982F73CD4.VMCX","HICP5513B.olcc.lan","9.0"
"4096",,,,,,,,,,"ADFF952C-5CD4-4C50-8DA5-509801CDD0C2","3406-0566-9533-2164-8437-9607-96","HICP1310_Clu.olcc.lan","/subscriptions/bc602065-8f71-487b-9fa1-e872b4ce9a79/resourceGroups/rg-dcstratmig-prd-003/providers/Microsoft.OffAzure/HyperVSites/HYPV-AZ-MIGVA24225site/clusters/hicp1310-clu-olcc-lan-4fb0bd14-3fa8-4561-ad74-93b04087d47c","2025-02-11T20:30:11.9519668Z","Microsoft.Azure.PowerShell.Cmdlets.Migrate.Models.Api202001.IHyperVDisk[]","HICP2269","Microsoft.Azure.PowerShell.Cmdlets.Migrate.Models.Api202001.IHealthErrorDetails[]","UEFI","2","2/13/2025 3:20:48 AM","Microsoft Windows Server 2022 Standard","Windows","10.0.20348","Yes","HICP1319",,"/subscriptions/bc602065-8f71-487b-9fa1-e872b4ce9a79/resourceGroups/rg-dcstratmig-prd-003/providers/Microsoft.OffAzure/HyperVSites/HYPV-AZ-MIGVA24225site/machines/c630f87d-0b77-4072-b977-7031611e6d90","c630f87d-0b77-4072-b977-7031611e6d90","False","False","False","Cluster","1048576","c630f87d-0b77-4072-b977-7031611e6d90","Microsoft.Azure.PowerShell.Cmdlets.Migrate.Models.Api202001.IHyperVNetworkAdapter[]","13","2","Windows Server 2022 Standard","windowsguest","10.0.20348","Running","Microsoft.OffAzure/HyperVSites/machines","2025-02-13T15:06:00.4656087Z","C:\ClusterStorage\Volume5_ELASTIC\HICP2269\Virtual Machines\C630F87D-0B77-4072-B977-7031611E6D90.VMCX","HICP2269.olcc.lan","9.0"
"8192",,,,,,,,,,"C6C55F07-BC28-4291-B9E2-EC6CCF06811F","9331-5672-1003-1289-6141-0325-45","HICP1310_Clu.olcc.lan","/subscriptions/bc602065-8f71-487b-9fa1-e872b4ce9a79/resourceGroups/rg-dcstratmig-prd-003/providers/Microsoft.OffAzure/HyperVSites/HYPV-AZ-MIGVA24225site/clusters/hicp1310-clu-olcc-lan-4fb0bd14-3fa8-4561-ad74-93b04087d47c","2025-02-11T20:30:12.2019410Z","Microsoft.Azure.PowerShell.Cmdlets.Migrate.Models.Api202001.IHyperVDisk[]","HICP2385","Microsoft.Azure.PowerShell.Cmdlets.Migrate.Models.Api202001.IHealthErrorDetails[]","UEFI","2","2/13/2025 3:20:55 AM","Microsoft Windows Server 2019 Standard","Windows","10.0.17763","Yes","HICP1316",,"/subscriptions/bc602065-8f71-487b-9fa1-e872b4ce9a79/resourceGroups/rg-dcstratmig-prd-003/providers/Microsoft.OffAzure/HyperVSites/HYPV-AZ-MIGVA24225site/machines/9829c361-a08b-4e9c-bd9e-00d8576e5ff9","9829c361-a08b-4e9c-bd9e-00d8576e5ff9","False","False","False","Cluster","1048576","9829c361-a08b-4e9c-bd9e-00d8576e5ff9","Microsoft.Azure.PowerShell.Cmdlets.Migrate.Models.Api202001.IHyperVNetworkAdapter[]","353","4","Windows Server 2019 Standard","windowsguest","10.0.17763","Running","Microsoft.OffAzure/HyperVSites/machines","2025-02-13T03:20:55.3412855Z","C:\ClusterStorage\Volume11\HICP2385-2\Virtual Machines\9829C361-A08B-4E9C-BD9E-00D8576E5FF9.VMCX","HICP2385.olcc.lan","9.0"
"8192",,,,,,,,,,"080F2A46-0349-4E8A-97F7-703F1A42BE35","5465-1472-6007-9710-7893-3160-47","HICP1300_CLU.olcc.lan","/subscriptions/bc602065-8f71-487b-9fa1-e872b4ce9a79/resourceGroups/rg-dcstratmig-prd-003/providers/Microsoft.OffAzure/HyperVSites/HYPV-AZ-MIGVA24225site/clusters/hicp1300-clu-olcc-lan-716a4cd7-b6bf-44a4-8728-f1576ad575ee","2025-02-11T20:30:12.4519674Z","Microsoft.Azure.PowerShell.Cmdlets.Migrate.Models.Api202001.IHyperVDisk[]","HICP1206A","Microsoft.Azure.PowerShell.Cmdlets.Migrate.Models.Api202001.IHealthErrorDetails[]","UEFI","2","2/13/2025 3:20:08 AM","Microsoft Windows Server 2019 Datacenter","Windows","10.0.17763","Yes","HICP1300B",,"/subscriptions/bc602065-8f71-487b-9fa1-e872b4ce9a79/resourceGroups/rg-dcstratmig-prd-003/providers/Microsoft.OffAzure/HyperVSites/HYPV-AZ-MIGVA24225site/machines/0d54b4ab-3247-48f1-bb82-56f83f869568","0d54b4ab-3247-48f1-bb82-56f83f869568","False","False","False","Cluster","1048576","0d54b4ab-3247-48f1-bb82-56f83f869568","Microsoft.Azure.PowerShell.Cmdlets.Migrate.Models.Api202001.IHyperVNetworkAdapter[]","21","4","Windows Server 2019 Datacenter","windowsguest","10.0.17763","Running","Microsoft.OffAzure/HyperVSites/machines","2025-02-13T15:02:14.4094241Z","C:\ClusterStorage\Volume2\HICP1206A\Virtual Machines\0D54B4AB-3247-48F1-BB82-56F83F869568.VMCX","HICP1206A.olcc.lan","9.0"
"6144",,,,,,,,,,"6C6F4C11-A520-40C4-8BE0-9F2709EE6969","1896-7146-7674-3833-9084-7185-04","HICP1310_Clu.olcc.lan","/subscriptions/bc602065-8f71-487b-9fa1-e872b4ce9a79/resourceGroups/rg-dcstratmig-prd-003/providers/Microsoft.OffAzure/HyperVSites/HYPV-AZ-MIGVA24225site/clusters/hicp1310-clu-olcc-lan-4fb0bd14-3fa8-4561-ad74-93b04087d47c","2025-02-11T20:30:12.7175933Z","Microsoft.Azure.PowerShell.Cmdlets.Migrate.Models.Api202001.IHyperVDisk[]","HICP0002","Microsoft.Azure.PowerShell.Cmdlets.Migrate.Models.Api202001.IHealthErrorDetails[]","UEFI","2",,,,,"Yes","HICP1315",,"/subscriptions/bc602065-8f71-487b-9fa1-e872b4ce9a79/resourceGroups/rg-dcstratmig-prd-003/providers/Microsoft.OffAzure/HyperVSites/HYPV-AZ-MIGVA24225site/machines/cc4d725b-0fe5-4a4b-83f0-f2afa34ce04a","cc4d725b-0fe5-4a4b-83f0-f2afa34ce04a","False","False","True","Cluster","1048576","cc4d725b-0fe5-4a4b-83f0-f2afa34ce04a","Microsoft.Azure.PowerShell.Cmdlets.Migrate.Models.Api202001.IHyperVNetworkAdapter[]","-1","6","Windows Server 2022 Standard","windowsguest","10.0.20348","Running","Microsoft.OffAzure/HyperVSites/machines","2025-02-13T03:21:47.2735935Z","C:\ClusterStorage\Volume14\HICP0002\Virtual Machines\CC4D725B-0FE5-4A4B-83F0-F2AFA34CE04A.VMCX","HICP0002.olcc.lan","9.0"
"4096",,,,,,,,,,"42BFDAC4-505C-47FC-988A-9BE8FA64977E","7418-7634-9918-3010-2606-9706-51","HICP1326_CLU.olcc.lan","/subscriptions/bc602065-8f71-487b-9fa1-e872b4ce9a79/resourceGroups/rg-dcstratmig-prd-003/providers/Microsoft.OffAzure/HyperVSites/HYPV-AZ-MIGVA24225site/clusters/hicp1326-clu-olcc-lan-dfe304fe-4c9c-4a21-8ab7-565af1ada800","2025-02-11T20:30:12.9675691Z","Microsoft.Azure.PowerShell.Cmdlets.Migrate.Models.Api202001.IHyperVDisk[]","NP03-WEB01-SHR","Microsoft.Azure.PowerShell.Cmdlets.Migrate.Models.Api202001.IHealthErrorDetails[]","BIOS","1","2/13/2025 3:21:10 AM","Microsoft Windows Server 2019 Standard","Windows","10.0.17763","Yes","HICP1326A",,"/subscriptions/bc602065-8f71-487b-9fa1-e872b4ce9a79/resourceGroups/rg-dcstratmig-prd-003/providers/Microsoft.OffAzure/HyperVSites/HYPV-AZ-MIGVA24225site/machines/134d429c-6f18-4b29-966c-4c81727b3b2c","134d429c-6f18-4b29-966c-4c81727b3b2c","False","False","False","Cluster","65536","134d429c-6f18-4b29-966c-4c81727b3b2c","Microsoft.Azure.PowerShell.Cmdlets.Migrate.Models.Api202001.IHyperVNetworkAdapter[]","33","1","Windows Server 2019 Standard","windowsguest","10.0.17763","Running","Microsoft.OffAzure/HyperVSites/machines","2025-02-13T15:06:00.5906192Z","C:\ClusterStorage\Volume1\NP03-WEB01-SHR\Virtual Machines\134D429C-6F18-4B29-966C-4C81727B3B2C.VMCX","NP03-WEB01-SHR.olcc.lan","9.0"
"4096",,,,,,,,,,"EB5AE914-DF73-4AAE-A0DC-9F9C393F370F","5523-6732-6969-4726-3772-7007-39","HICP1310_Clu.olcc.lan","/subscriptions/bc602065-8f71-487b-9fa1-e872b4ce9a79/resourceGroups/rg-dcstratmig-prd-003/providers/Microsoft.OffAzure/HyperVSites/HYPV-AZ-MIGVA24225site/clusters/hicp1310-clu-olcc-lan-4fb0bd14-3fa8-4561-ad74-93b04087d47c","2025-02-11T20:30:13.2176065Z","Microsoft.Azure.PowerShell.Cmdlets.Migrate.Models.Api202001.IHyperVDisk[]","HICP1001E","Microsoft.Azure.PowerShell.Cmdlets.Migrate.Models.Api202001.IHealthErrorDetails[]","UEFI","2","2/13/2025 3:19:33 AM","Microsoft Windows Server 2022 Standard","Windows","10.0.20348","Yes","HICP1312",,"/subscriptions/bc602065-8f71-487b-9fa1-e872b4ce9a79/resourceGroups/rg-dcstratmig-prd-003/providers/Microsoft.OffAzure/HyperVSites/HYPV-AZ-MIGVA24225site/machines/7d6e91aa-64dd-4bde-8f2e-51345ea94857","7d6e91aa-64dd-4bde-8f2e-51345ea94857","False","False","False","Cluster","1048576","7d6e91aa-64dd-4bde-8f2e-51345ea94857","Microsoft.Azure.PowerShell.Cmdlets.Migrate.Models.Api202001.IHyperVNetworkAdapter[]","15","2","Windows Server 2022 Standard","windowsguest","10.0.20348","Running","Microsoft.OffAzure/HyperVSites/machines","2025-02-13T15:06:00.7312815Z","C:\ClusterStorage\Volume3\HICP1001E\Virtual Machines\7D6E91AA-64DD-4BDE-8F2E-51345EA94857.VMCX","HICP1001E.olcc.lan","9.0"
"4096",,,,,,,,,,"B26A6EA2-EF0B-426F-A445-A3A8F0A2AB47","6646-3615-8313-1047-9899-5677-57","HICP1310_Clu.olcc.lan","/subscriptions/bc602065-8f71-487b-9fa1-e872b4ce9a79/resourceGroups/rg-dcstratmig-prd-003/providers/Microsoft.OffAzure/HyperVSites/HYPV-AZ-MIGVA24225site/clusters/hicp1310-clu-olcc-lan-4fb0bd14-3fa8-4561-ad74-93b04087d47c","2025-02-11T20:30:13.4675985Z","Microsoft.Azure.PowerShell.Cmdlets.Migrate.Models.Api202001.IHyperVDisk[]","HICP2805B","Microsoft.Azure.PowerShell.Cmdlets.Migrate.Models.Api202001.IHealthErrorDetails[]","UEFI","2","2/13/2025 2:35:46 AM","Microsoft Windows Server 2019 Standard","Windows","10.0.17763","Yes","HICP1310",,"/subscriptions/bc602065-8f71-487b-9fa1-e872b4ce9a79/resourceGroups/rg-dcstratmig-prd-003/providers/Microsoft.OffAzure/HyperVSites/HYPV-AZ-MIGVA24225site/machines/44c7283b-e74a-4d77-bea2-bcbfbcbdb53b","44c7283b-e74a-4d77-bea2-bcbfbcbdb53b","False","False","False","Cluster","1048576","44c7283b-e74a-4d77-bea2-bcbfbcbdb53b","Microsoft.Azure.PowerShell.Cmdlets.Migrate.Models.Api202001.IHyperVNetworkAdapter[]","14","2","Windows Server 2019 Standard","windowsguest","10.0.17763","Running","Microsoft.OffAzure/HyperVSites/machines","2025-02-19T20:19:10.9333059Z","C:\ClusterStorage\Volume2\HICP2805B\Virtual Machines\44C7283B-E74A-4D77-BEA2-BCBFBCBDB53B.VMCX","HICP2805B.olcc.lan","9.0"
"4096",,,,,,,,,,"AA7B8601-8E43-4EA8-B6C2-56385489A194","1636-0846-1654-8827-7197-1083-37","HICP1326_CLU.olcc.lan","/subscriptions/bc602065-8f71-487b-9fa1-e872b4ce9a79/resourceGroups/rg-dcstratmig-prd-003/providers/Microsoft.OffAzure/HyperVSites/HYPV-AZ-MIGVA24225site/clusters/hicp1326-clu-olcc-lan-dfe304fe-4c9c-4a21-8ab7-565af1ada800","2025-02-11T20:30:13.7176022Z","Microsoft.Azure.PowerShell.Cmdlets.Migrate.Models.Api202001.IHyperVDisk[]","HICU2343","Microsoft.Azure.PowerShell.Cmdlets.Migrate.Models.Api202001.IHealthErrorDetails[]","UEFI","2","2/13/2025 3:20:10 AM","Microsoft Windows Server 2022 Standard","Windows","10.0.20348","Yes","HICP1326A",,"/subscriptions/bc602065-8f71-487b-9fa1-e872b4ce9a79/resourceGroups/rg-dcstratmig-prd-003/providers/Microsoft.OffAzure/HyperVSites/HYPV-AZ-MIGVA24225site/machines/75ac8c42-d0c7-4987-ba27-d3b43e900324","75ac8c42-d0c7-4987-ba27-d3b43e900324","False","False","False","Cluster","1048576","75ac8c42-d0c7-4987-ba27-d3b43e900324","Microsoft.Azure.PowerShell.Cmdlets.Migrate.Models.Api202001.IHyperVNetworkAdapter[]","7","2","Windows Server 2022 Standard","windowsguest","10.0.20348","Running","Microsoft.OffAzure/HyperVSites/machines","2025-02-13T03:21:54.2737093Z","C:\ClusterStorage\Volume2\HICU2343-2\Virtual Machines\75AC8C42-D0C7-4987-BA27-D3B43E900324.VMCX","HICU2343.olcc.lan","9.0"
"8192",,,,,,,,,,"AF6D224C-C243-403F-8437-661E640B3940","0021-7370-0233-3258-3970-2610-21","HICP1310_Clu.olcc.lan","/subscriptions/bc602065-8f71-487b-9fa1-e872b4ce9a79/resourceGroups/rg-dcstratmig-prd-003/providers/Microsoft.OffAzure/HyperVSites/HYPV-AZ-MIGVA24225site/clusters/hicp1310-clu-olcc-lan-4fb0bd14-3fa8-4561-ad74-93b04087d47c","2025-02-11T20:30:13.9676058Z","Microsoft.Azure.PowerShell.Cmdlets.Migrate.Models.Api202001.IHyperVDisk[]","HICP2153A","Microsoft.Azure.PowerShell.Cmdlets.Migrate.Models.Api202001.IHealthErrorDetails[]","UEFI","2","2/13/2025 3:19:16 AM","Microsoft Windows Server 2019 Standard","Windows","10.0.17763","Yes","HICP1314",,"/subscriptions/bc602065-8f71-487b-9fa1-e872b4ce9a79/resourceGroups/rg-dcstratmig-prd-003/providers/Microsoft.OffAzure/HyperVSites/HYPV-AZ-MIGVA24225site/machines/1195df99-1568-4b6f-b30e-83f3c879fbce","1195df99-1568-4b6f-b30e-83f3c879fbce","False","False","False","Cluster","1048576","1195df99-1568-4b6f-b30e-83f3c879fbce","Microsoft.Azure.PowerShell.Cmdlets.Migrate.Models.Api202001.IHyperVNetworkAdapter[]","21","2","Windows Server 2019 Standard","windowsguest","10.0.17763","Running","Microsoft.OffAzure/HyperVSites/machines","2025-02-13T15:06:00.9656163Z","C:\ClusterStorage\Volume3\HICP2153A-2\Virtual Machines\1195DF99-1568-4B6F-B30E-83F3C879FBCE.VMCX","HICP2153A.olcc.lan","9.0"
"8192",,,,,,,,,,"E3C7DA76-4BED-41B0-A5CC-ABBE0CED2CE0","2884-7188-3844-6924-5941-3912-98","HICP1310_Clu.olcc.lan","/subscriptions/bc602065-8f71-487b-9fa1-e872b4ce9a79/resourceGroups/rg-dcstratmig-prd-003/providers/Microsoft.OffAzure/HyperVSites/HYPV-AZ-MIGVA24225site/clusters/hicp1310-clu-olcc-lan-4fb0bd14-3fa8-4561-ad74-93b04087d47c","2025-02-11T20:30:14.4676270Z","Microsoft.Azure.PowerShell.Cmdlets.Migrate.Models.Api202001.IHyperVDisk[]","HICP5502","Microsoft.Azure.PowerShell.Cmdlets.Migrate.Models.Api202001.IHealthErrorDetails[]","UEFI","2","2/13/2025 2:36:25 AM","Microsoft Windows Server 2019 Standard","Windows","10.0.17763","Yes","HICP1310",,"/subscriptions/bc602065-8f71-487b-9fa1-e872b4ce9a79/resourceGroups/rg-dcstratmig-prd-003/providers/Microsoft.OffAzure/HyperVSites/HYPV-AZ-MIGVA24225site/machines/7fefd865-0f11-4b0a-8386-80dd23afe627","7fefd865-0f11-4b0a-8386-80dd23afe627","False","False","False","Cluster","1048576","7fefd865-0f11-4b0a-8386-80dd23afe627","Microsoft.Azure.PowerShell.Cmdlets.Migrate.Models.Api202001.IHyperVNetworkAdapter[]","21","4","Windows Server 2019 Standard","windowsguest","10.0.17763","Running","Microsoft.OffAzure/HyperVSites/machines","2025-02-13T03:21:48.5236850Z","C:\ClusterStorage\Volume13\HICP5502\Virtual Machines\7FEFD865-0F11-4B0A-8386-80DD23AFE627.VMCX","HICP5502.olcc.lan","9.0"
"32768",,,,,,,,,,"167A352B-A114-492D-8B9F-D66C1CDCF191","0690-2534-4117-9005-9474-1518-02","HICP1310_Clu.olcc.lan","/subscriptions/bc602065-8f71-487b-9fa1-e872b4ce9a79/resourceGroups/rg-dcstratmig-prd-003/providers/Microsoft.OffAzure/HyperVSites/HYPV-AZ-MIGVA24225site/clusters/hicp1310-clu-olcc-lan-4fb0bd14-3fa8-4561-ad74-93b04087d47c","2025-02-11T20:30:14.7176179Z","Microsoft.Azure.PowerShell.Cmdlets.Migrate.Models.Api202001.IHyperVDisk[]","DC01-CHKMX-SCN1","Microsoft.Azure.PowerShell.Cmdlets.Migrate.Models.Api202001.IHealthErrorDetails[]","BIOS","1","2/13/2025 3:21:30 AM","Microsoft Windows Server 2016 Standard","Windows","10.0.14393","Yes","HICP1312",,"/subscriptions/bc602065-8f71-487b-9fa1-e872b4ce9a79/resourceGroups/rg-dcstratmig-prd-003/providers/Microsoft.OffAzure/HyperVSites/HYPV-AZ-MIGVA24225site/machines/53789449-d260-4cee-98b3-c7a440d379b7","53789449-d260-4cee-98b3-c7a440d379b7","False","False","False","Cluster","65536","53789449-d260-4cee-98b3-c7a440d379b7","Microsoft.Azure.PowerShell.Cmdlets.Migrate.Models.Api202001.IHyperVNetworkAdapter[]","45","8","Windows Server 2016 Standard","windowsguest","10.0.14393","Running","Microsoft.OffAzure/HyperVSites/machines","2025-02-13T15:06:01.1062499Z","C:\ClusterStorage\Volume12\DC01-CHKMX-SCN1\Virtual Machines\53789449-D260-4CEE-98B3-C7A440D379B7.VMCX","DC01-CHKMX-SCN1.olcc.lan","9.0"
"4096",,,,,,,,,,"41A72170-A64C-4086-87AD-77936BB830BE","3303-3927-5284-4162-6431-5568-84","HICP1310_Clu.olcc.lan","/subscriptions/bc602065-8f71-487b-9fa1-e872b4ce9a79/resourceGroups/rg-dcstratmig-prd-003/providers/Microsoft.OffAzure/HyperVSites/HYPV-AZ-MIGVA24225site/clusters/hicp1310-clu-olcc-lan-4fb0bd14-3fa8-4561-ad74-93b04087d47c","2025-02-11T20:30:14.9676090Z","Microsoft.Azure.PowerShell.Cmdlets.Migrate.Models.Api202001.IHyperVDisk[]","HICP8526A","Microsoft.Azure.PowerShell.Cmdlets.Migrate.Models.Api202001.IHealthErrorDetails[]","UEFI","2","2/13/2025 3:21:28 AM","Microsoft Windows Server 2019 Standard","Windows","10.0.17763","Yes","HICP1310",,"/subscriptions/bc602065-8f71-487b-9fa1-e872b4ce9a79/resourceGroups/rg-dcstratmig-prd-003/providers/Microsoft.OffAzure/HyperVSites/HYPV-AZ-MIGVA24225site/machines/5287873d-c91d-4f12-a741-3a2e3392d2e1","5287873d-c91d-4f12-a741-3a2e3392d2e1","False","False","False","Cluster","1048576","5287873d-c91d-4f12-a741-3a2e3392d2e1","Microsoft.Azure.PowerShell.Cmdlets.Migrate.Models.Api202001.IHyperVNetworkAdapter[]","108","2","Windows Server 2019 Standard","windowsguest","10.0.17763","Running","Microsoft.OffAzure/HyperVSites/machines","2025-02-13T15:06:01.2156209Z","C:\ClusterStorage\Volume11\HICP8526A-2-2\HICP8526A-2\Virtual Machines\5287873D-C91D-4F12-A741-3A2E3392D2E1.VMCX","HICP8526A.olcc.lan","9.0"
"8192",,,,,,,,,,"137B4662-487D-4241-93C6-1BEDCEAB7033","9728-6074-8407-8896-9411-8055-69","HICP1326_CLU.olcc.lan","/subscriptions/bc602065-8f71-487b-9fa1-e872b4ce9a79/resourceGroups/rg-dcstratmig-prd-003/providers/Microsoft.OffAzure/HyperVSites/HYPV-AZ-MIGVA24225site/clusters/hicp1326-clu-olcc-lan-dfe304fe-4c9c-4a21-8ab7-565af1ada800","2025-02-11T20:30:15.4519907Z","Microsoft.Azure.PowerShell.Cmdlets.Migrate.Models.Api202001.IHyperVDisk[]","NP05-WEB01B-TSW","Microsoft.Azure.PowerShell.Cmdlets.Migrate.Models.Api202001.IHealthErrorDetails[]","BIOS","1","2/13/2025 3:19:45 AM","Microsoft Windows Server 2019 Standard","Windows","10.0.17763","Yes","HICP1326C",,"/subscriptions/bc602065-8f71-487b-9fa1-e872b4ce9a79/resourceGroups/rg-dcstratmig-prd-003/providers/Microsoft.OffAzure/HyperVSites/HYPV-AZ-MIGVA24225site/machines/c376c36a-9f25-437e-8d50-36b555c03f49","c376c36a-9f25-437e-8d50-36b555c03f49","False","False","False","Cluster","65536","c376c36a-9f25-437e-8d50-36b555c03f49","Microsoft.Azure.PowerShell.Cmdlets.Migrate.Models.Api202001.IHyperVNetworkAdapter[]","54","2","Windows Server 2019 Standard","windowsguest","10.0.17763","Running","Microsoft.OffAzure/HyperVSites/machines","2025-02-13T15:06:01.3406242Z","C:\ClusterStorage\Volume1\NP05-WEB01B-TSW\Virtual Machines\C376C36A-9F25-437E-8D50-36B555C03F49.VMCX","NP05-WEB01B-TSW.olcc.lan","9.0"
"8192",,,,,,,,,,"B99C41C5-BDA0-4177-965A-A94E3E967647","9801-2696-8279-1889-1466-8695-15","HICP1310_Clu.olcc.lan","/subscriptions/bc602065-8f71-487b-9fa1-e872b4ce9a79/resourceGroups/rg-dcstratmig-prd-003/providers/Microsoft.OffAzure/HyperVSites/HYPV-AZ-MIGVA24225site/clusters/hicp1310-clu-olcc-lan-4fb0bd14-3fa8-4561-ad74-93b04087d47c","2025-02-11T20:30:15.5926235Z","Microsoft.Azure.PowerShell.Cmdlets.Migrate.Models.Api202001.IHyperVDisk[]","HICP1220C","Microsoft.Azure.PowerShell.Cmdlets.Migrate.Models.Api202001.IHealthErrorDetails[]","UEFI","2","2/13/2025 3:20:15 AM","Microsoft Windows Server 2022 Standard","Windows","10.0.20348","Yes","HICP1315",,"/subscriptions/bc602065-8f71-487b-9fa1-e872b4ce9a79/resourceGroups/rg-dcstratmig-prd-003/providers/Microsoft.OffAzure/HyperVSites/HYPV-AZ-MIGVA24225site/machines/4d4ef454-66e2-4a69-9427-e2cf6d970798","4d4ef454-66e2-4a69-9427-e2cf6d970798","False","False","False","Cluster","1048576","4d4ef454-66e2-4a69-9427-e2cf6d970798","Microsoft.Azure.PowerShell.Cmdlets.Migrate.Models.Api202001.IHyperVNetworkAdapter[]","17","2","Windows Server 2022 Standard","windowsguest","10.0.20348","Running","Microsoft.OffAzure/HyperVSites/machines","2025-02-13T15:06:01.4656178Z","C:\ClusterStorage\Volume14\HICP1220C\Virtual Machines\4D4EF454-66E2-4A69-9427-E2CF6D970798.VMCX","HICP1220C.olcc.lan","9.0"
"8192",,,,,,,,,,"7D7DEBF1-3EF0-487A-B806-7C8246277992","1855-8149-1831-1672-0089-7664-18","HICP1310_Clu.olcc.lan","/subscriptions/bc602065-8f71-487b-9fa1-e872b4ce9a79/resourceGroups/rg-dcstratmig-prd-003/providers/Microsoft.OffAzure/HyperVSites/HYPV-AZ-MIGVA24225site/clusters/hicp1310-clu-olcc-lan-4fb0bd14-3fa8-4561-ad74-93b04087d47c","2025-02-11T20:30:15.8429102Z","Microsoft.Azure.PowerShell.Cmdlets.Migrate.Models.Api202001.IHyperVDisk[]","HICP2268C","Microsoft.Azure.PowerShell.Cmdlets.Migrate.Models.Api202001.IHealthErrorDetails[]","UEFI","2","2/13/2025 3:19:58 AM","Microsoft Windows Server 2022 Standard","Windows","10.0.20348","Yes","HICP1311",,"/subscriptions/bc602065-8f71-487b-9fa1-e872b4ce9a79/resourceGroups/rg-dcstratmig-prd-003/providers/Microsoft.OffAzure/HyperVSites/HYPV-AZ-MIGVA24225site/machines/1e7da027-050a-42bf-afcd-4057c18fdde2","1e7da027-050a-42bf-afcd-4057c18fdde2","False","False","False","Cluster","1048576","1e7da027-050a-42bf-afcd-4057c18fdde2","Microsoft.Azure.PowerShell.Cmdlets.Migrate.Models.Api202001.IHyperVNetworkAdapter[]","13","8","Windows Server 2022 Standard","windowsguest","10.0.20348","Running","Microsoft.OffAzure/HyperVSites/machines","2025-02-13T15:06:01.5906272Z","C:\ClusterStorage\Volume4_ELASTIC\HICP2268C\Virtual Machines\1E7DA027-050A-42BF-AFCD-4057C18FDDE2.VMCX","HICP2268C.olcc.lan","9.0"
"6144",,,,,,,,,,"EDA2E5BF-3BA9-488F-88CE-748A8636032E","4301-7346-4798-3186-7599-0979-89","HICP1310_Clu.olcc.lan","/subscriptions/bc602065-8f71-487b-9fa1-e872b4ce9a79/resourceGroups/rg-dcstratmig-prd-003/providers/Microsoft.OffAzure/HyperVSites/HYPV-AZ-MIGVA24225site/clusters/hicp1310-clu-olcc-lan-4fb0bd14-3fa8-4561-ad74-93b04087d47c","2025-02-11T20:30:16.0929158Z","Microsoft.Azure.PowerShell.Cmdlets.Migrate.Models.Api202001.IHyperVDisk[]","HICP0000","Microsoft.Azure.PowerShell.Cmdlets.Migrate.Models.Api202001.IHealthErrorDetails[]","UEFI","2",,,,,"Yes","HICP1310",,"/subscriptions/bc602065-8f71-487b-9fa1-e872b4ce9a79/resourceGroups/rg-dcstratmig-prd-003/providers/Microsoft.OffAzure/HyperVSites/HYPV-AZ-MIGVA24225site/machines/e077e351-7035-4177-928b-1d600cd48484","e077e351-7035-4177-928b-1d600cd48484","False","False","True","Cluster","1048576","e077e351-7035-4177-928b-1d600cd48484","Microsoft.Azure.PowerShell.Cmdlets.Migrate.Models.Api202001.IHyperVNetworkAdapter[]","-1","6","Windows Server 2022 Standard","windowsguest","10.0.20348","Running","Microsoft.OffAzure/HyperVSites/machines","2025-02-13T03:21:45.0235902Z","C:\ClusterStorage\Volume2\HICP0000-NEW\Virtual Machines\E077E351-7035-4177-928B-1D600CD48484.VMCX","HICP0000.olcc.lan","9.0"
"4096",,,,,,,,,,"FD8F2160-2840-459B-AB1E-4E7F1D7359B1","1994-3771-3152-5471-5519-2415-12","HICP1323_CLU.olcc.lan","/subscriptions/bc602065-8f71-487b-9fa1-e872b4ce9a79/resourceGroups/rg-dcstratmig-prd-003/providers/Microsoft.OffAzure/HyperVSites/HYPV-AZ-MIGVA24225site/clusters/hicp1323-clu-olcc-lan-fe5137bc-e3d8-415b-9d54-c2debea3ef5d","2025-02-11T20:30:16.3429044Z","Microsoft.Azure.PowerShell.Cmdlets.Migrate.Models.Api202001.IHyperVDisk[]","HICP2401","Microsoft.Azure.PowerShell.Cmdlets.Migrate.Models.Api202001.IHealthErrorDetails[]","BIOS","1",,,,,"Yes","HICP1323A",,"/subscriptions/bc602065-8f71-487b-9fa1-e872b4ce9a79/resourceGroups/rg-dcstratmig-prd-003/providers/Microsoft.OffAzure/HyperVSites/HYPV-AZ-MIGVA24225site/machines/dadef874-42e3-4107-85b6-a4c887829253","dadef874-42e3-4107-85b6-a4c887829253","False","False","True","Cluster","65536","dadef874-42e3-4107-85b6-a4c887829253","Microsoft.Azure.PowerShell.Cmdlets.Migrate.Models.Api202001.IHyperVNetworkAdapter[]","-1","2",,"otherguestfamily",,"Running","Microsoft.OffAzure/HyperVSites/machines","2025-02-13T03:47:01.1258475Z","C:\ClusterStorage\Volume2\HICP2401\Virtual Machines\DADEF874-42E3-4107-85B6-A4C887829253.VMCX","","9.0"
"2048",,,,,,,,,,"6FC9669B-72CC-4A1D-82F5-5103703D7F4D","8622-2539-6492-2559-8903-5710-23","HICP1326_CLU.olcc.lan","/subscriptions/bc602065-8f71-487b-9fa1-e872b4ce9a79/resourceGroups/rg-dcstratmig-prd-003/providers/Microsoft.OffAzure/HyperVSites/HYPV-AZ-MIGVA24225site/clusters/hicp1326-clu-olcc-lan-dfe304fe-4c9c-4a21-8ab7-565af1ada800","2025-02-11T20:30:16.5929070Z","Microsoft.Azure.PowerShell.Cmdlets.Migrate.Models.Api202001.IHyperVDisk[]","OLWEBUATHIC","Microsoft.Azure.PowerShell.Cmdlets.Migrate.Models.Api202001.IHealthErrorDetails[]","BIOS","1",,,,,"Yes","HICP1326B",,"/subscriptions/bc602065-8f71-487b-9fa1-e872b4ce9a79/resourceGroups/rg-dcstratmig-prd-003/providers/Microsoft.OffAzure/HyperVSites/HYPV-AZ-MIGVA24225site/machines/6f28ef31-6bb5-4bf0-9f33-4ccc643271c2","6f28ef31-6bb5-4bf0-9f33-4ccc643271c2","False","False","True","Cluster","65536","6f28ef31-6bb5-4bf0-9f33-4ccc643271c2","Microsoft.Azure.PowerShell.Cmdlets.Migrate.Models.Api202001.IHyperVNetworkAdapter[]","-1","1",,"otherguestfamily",,"PowerOff","Microsoft.OffAzure/HyperVSites/machines","2025-02-13T03:22:13.8260261Z","C:\ClusterStorage\Volume1\OLWEBUATHIC\Virtual Machines\6F28EF31-6BB5-4BF0-9F33-4CCC643271C2.VMCX","","9.0"
"12288",,,,,,,,,,"BB46961C-75A8-4F70-B5C8-BCC5281A36A8","4990-9246-4071-2311-1776-0711-50","HICP1300_CLU.olcc.lan","/subscriptions/bc602065-8f71-487b-9fa1-e872b4ce9a79/resourceGroups/rg-dcstratmig-prd-003/providers/Microsoft.OffAzure/HyperVSites/HYPV-AZ-MIGVA24225site/clusters/hicp1300-clu-olcc-lan-716a4cd7-b6bf-44a4-8728-f1576ad575ee","2025-02-11T20:30:16.8429476Z","Microsoft.Azure.PowerShell.Cmdlets.Migrate.Models.Api202001.IHyperVDisk[]","HICP5576","Microsoft.Azure.PowerShell.Cmdlets.Migrate.Models.Api202001.IHealthErrorDetails[]","UEFI","2","2/13/2025 3:20:34 AM","Microsoft Windows Server 2019 Standard","Windows","10.0.17763","Yes","HICP1300B",,"/subscriptions/bc602065-8f71-487b-9fa1-e872b4ce9a79/resourceGroups/rg-dcstratmig-prd-003/providers/Microsoft.OffAzure/HyperVSites/HYPV-AZ-MIGVA24225site/machines/ee94cb70-89ba-4ec0-91c8-81e14e86f173","ee94cb70-89ba-4ec0-91c8-81e14e86f173","False","False","False","Cluster","1048576","ee94cb70-89ba-4ec0-91c8-81e14e86f173","Microsoft.Azure.PowerShell.Cmdlets.Migrate.Models.Api202001.IHyperVNetworkAdapter[]","25","2","Windows Server 2019 Standard","windowsguest","10.0.17763","Running","Microsoft.OffAzure/HyperVSites/machines","2025-02-13T15:06:01.7156178Z","C:\ClusterStorage\Volume11\HICP5576\Virtual Machines\EE94CB70-89BA-4EC0-91C8-81E14E86F173.VMCX","HICP5576.olcc.lan","9.0"
"9216",,,,,,,,,,"A3CB6D77-B219-4F11-8EAC-C3886BE0340C","8284-9486-3945-4790-2904-9356-64","HICP1310_Clu.olcc.lan","/subscriptions/bc602065-8f71-487b-9fa1-e872b4ce9a79/resourceGroups/rg-dcstratmig-prd-003/providers/Microsoft.OffAzure/HyperVSites/HYPV-AZ-MIGVA24225site/clusters/hicp1310-clu-olcc-lan-4fb0bd14-3fa8-4561-ad74-93b04087d47c","2025-02-11T20:30:17.1086080Z","Microsoft.Azure.PowerShell.Cmdlets.Migrate.Models.Api202001.IHyperVDisk[]","DC01-WB02-SMART","Microsoft.Azure.PowerShell.Cmdlets.Migrate.Models.Api202001.IHealthErrorDetails[]","BIOS","1","2/13/2025 3:19:48 AM","Microsoft Windows Server 2019 Standard","Windows","10.0.17763","Yes","HICP1318",,"/subscriptions/bc602065-8f71-487b-9fa1-e872b4ce9a79/resourceGroups/rg-dcstratmig-prd-003/providers/Microsoft.OffAzure/HyperVSites/HYPV-AZ-MIGVA24225site/machines/252afc8a-5773-4ddf-8958-653a9c01f524","252afc8a-5773-4ddf-8958-653a9c01f524","False","False","False","Cluster","65536","252afc8a-5773-4ddf-8958-653a9c01f524","Microsoft.Azure.PowerShell.Cmdlets.Migrate.Models.Api202001.IHyperVNetworkAdapter[]","44","2","Windows Server 2019 Standard","windowsguest","10.0.17763","Running","Microsoft.OffAzure/HyperVSites/machines","2025-02-13T15:06:01.8406014Z","C:\ClusterStorage\Volume14\DC01-WB02-SMART\Virtual Machines\252AFC8A-5773-4DDF-8958-653A9C01F524.VMCX","DC01-WB02-SMART.olcc.lan","9.0"
"4096",,,,,,,,,,"870311E8-9125-4B3E-AE7F-C00D2BC1523A","5963-4236-9771-3739-9274-8169-60","HICP1326_CLU.olcc.lan","/subscriptions/bc602065-8f71-487b-9fa1-e872b4ce9a79/resourceGroups/rg-dcstratmig-prd-003/providers/Microsoft.OffAzure/HyperVSites/HYPV-AZ-MIGVA24225site/clusters/hicp1326-clu-olcc-lan-dfe304fe-4c9c-4a21-8ab7-565af1ada800","2025-02-11T20:30:17.3585399Z","Microsoft.Azure.PowerShell.Cmdlets.Migrate.Models.Api202001.IHyperVDisk[]","HICU3506","Microsoft.Azure.PowerShell.Cmdlets.Migrate.Models.Api202001.IHealthErrorDetails[]","UEFI","2","2/13/2025 3:21:22 AM","Red Hat Enterprise Linux Server","Linux","7.9","Yes","HICP1326A",,"/subscriptions/bc602065-8f71-487b-9fa1-e872b4ce9a79/resourceGroups/rg-dcstratmig-prd-003/providers/Microsoft.OffAzure/HyperVSites/HYPV-AZ-MIGVA24225site/machines/4bda6515-ff2f-49d3-bd9c-06f127b93162","4bda6515-ff2f-49d3-bd9c-06f127b93162","False","False","False","Cluster","1048576","4bda6515-ff2f-49d3-bd9c-06f127b93162","Microsoft.Azure.PowerShell.Cmdlets.Migrate.Models.Api202001.IHyperVNetworkAdapter[]","26","2","Red Hat Enterprise Linux Server","linuxguest","3.10.0","Running","Microsoft.OffAzure/HyperVSites/machines","2025-02-13T03:21:22.2167899Z","C:\ClusterStorage\Volume1\HICU3506\Virtual Machines\4BDA6515-FF2F-49D3-BD9C-06F127B93162.VMCX","hicu3506.olcc.lan","9.0"
"8192",,,,,,,,,,"3B871D01-06C3-41ED-8C88-2F656538E58D","9485-0448-4028-0632-2082-8738-05","HICP1310_Clu.olcc.lan","/subscriptions/bc602065-8f71-487b-9fa1-e872b4ce9a79/resourceGroups/rg-dcstratmig-prd-003/providers/Microsoft.OffAzure/HyperVSites/HYPV-AZ-MIGVA24225site/clusters/hicp1310-clu-olcc-lan-4fb0bd14-3fa8-4561-ad74-93b04087d47c","2025-02-11T20:30:17.6085736Z","Microsoft.Azure.PowerShell.Cmdlets.Migrate.Models.Api202001.IHyperVDisk[]","DC01-WB01-CAPM","Microsoft.Azure.PowerShell.Cmdlets.Migrate.Models.Api202001.IHealthErrorDetails[]","BIOS","1","2/13/2025 3:21:25 AM","Microsoft Windows Server 2019 Standard","Windows","10.0.17763","Yes","HICP1318",,"/subscriptions/bc602065-8f71-487b-9fa1-e872b4ce9a79/resourceGroups/rg-dcstratmig-prd-003/providers/Microsoft.OffAzure/HyperVSites/HYPV-AZ-MIGVA24225site/machines/fcba68d6-52e1-47db-b80b-1996d98ed01c","fcba68d6-52e1-47db-b80b-1996d98ed01c","False","False","False","Cluster","65536","fcba68d6-52e1-47db-b80b-1996d98ed01c","Microsoft.Azure.PowerShell.Cmdlets.Migrate.Models.Api202001.IHyperVNetworkAdapter[]","42","2","Windows Server 2019 Standard","windowsguest","10.0.17763","Running","Microsoft.OffAzure/HyperVSites/machines","2025-02-13T15:06:01.9656257Z","C:\ClusterStorage\Volume3\DC01-WB01-CAPM (Web Server Cap Mgt APIs)\Virtual Machines\FCBA68D6-52E1-47DB-B80B-1996D98ED01C.VMCX","DC01-WB01-CAPM.olcc.lan","9.0"
"8192",,,,,,,,,,"0D76AE41-077B-40DD-A57F-C9F65752535F","2447-0656-0132-3165-7312-4718-09","HICP1310_Clu.olcc.lan","/subscriptions/bc602065-8f71-487b-9fa1-e872b4ce9a79/resourceGroups/rg-dcstratmig-prd-003/providers/Microsoft.OffAzure/HyperVSites/HYPV-AZ-MIGVA24225site/clusters/hicp1310-clu-olcc-lan-4fb0bd14-3fa8-4561-ad74-93b04087d47c","2025-02-11T20:30:17.8586705Z","Microsoft.Azure.PowerShell.Cmdlets.Migrate.Models.Api202001.IHyperVDisk[]","HICP2299","Microsoft.Azure.PowerShell.Cmdlets.Migrate.Models.Api202001.IHealthErrorDetails[]","BIOS","1",,,,,"Yes","HICP1310",,"/subscriptions/bc602065-8f71-487b-9fa1-e872b4ce9a79/resourceGroups/rg-dcstratmig-prd-003/providers/Microsoft.OffAzure/HyperVSites/HYPV-AZ-MIGVA24225site/machines/fd59b101-2682-4a2f-9d4a-41e8f310c75d","fd59b101-2682-4a2f-9d4a-41e8f310c75d","False","False","True","Cluster","65536","fd59b101-2682-4a2f-9d4a-41e8f310c75d","Microsoft.Azure.PowerShell.Cmdlets.Migrate.Models.Api202001.IHyperVNetworkAdapter[]","-1","2",,"otherguestfamily",,"Running","Microsoft.OffAzure/HyperVSites/machines","2025-02-13T03:21:38.7578508Z","C:\ClusterStorage\Volume12\HICP2299\Virtual Machines\FD59B101-2682-4A2F-9D4A-41E8F310C75D.VMCX","","9.0"
"8192",,,,,,,,,,"E3C7DA76-4BED-41B0-A5CC-ABBE0CED2CE0","2884-7188-3844-6924-5941-3912-98","HICP1326_CLU.olcc.lan","/subscriptions/bc602065-8f71-487b-9fa1-e872b4ce9a79/resourceGroups/rg-dcstratmig-prd-003/providers/Microsoft.OffAzure/HyperVSites/HYPV-AZ-MIGVA24225site/clusters/hicp1326-clu-olcc-lan-dfe304fe-4c9c-4a21-8ab7-565af1ada800","2025-02-11T20:30:18.1085190Z","Microsoft.Azure.PowerShell.Cmdlets.Migrate.Models.Api202001.IHyperVDisk[]","HICU2226B","Microsoft.Azure.PowerShell.Cmdlets.Migrate.Models.Api202001.IHealthErrorDetails[]","UEFI","2","2/13/2025 3:19:43 AM","Microsoft Windows Server 2019 Standard","Windows","10.0.17763","Yes","HICP1326D",,"/subscriptions/bc602065-8f71-487b-9fa1-e872b4ce9a79/resourceGroups/rg-dcstratmig-prd-003/providers/Microsoft.OffAzure/HyperVSites/HYPV-AZ-MIGVA24225site/machines/fdff8f2d-640d-426d-9ca8-59c5c6aba497","fdff8f2d-640d-426d-9ca8-59c5c6aba497","False","False","False","Cluster","1048576","fdff8f2d-640d-426d-9ca8-59c5c6aba497","Microsoft.Azure.PowerShell.Cmdlets.Migrate.Models.Api202001.IHyperVNetworkAdapter[]","39","4","Windows Server 2019 Standard","windowsguest","10.0.17763","Running","Microsoft.OffAzure/HyperVSites/machines","2025-02-13T15:06:02.0906310Z","C:\ClusterStorage\Volume1\HICU2226B\Virtual Machines\FDFF8F2D-640D-426D-9CA8-59C5C6ABA497.VMCX","HICU2226B.olcc.lan","9.0"
"16384",,,,,,,,,,"28F5F597-EAFA-4BB9-8D58-DE06AA0216D9","4932-6270-2175-0405-4252-6210-64","HICP1310_Clu.olcc.lan","/subscriptions/bc602065-8f71-487b-9fa1-e872b4ce9a79/resourceGroups/rg-dcstratmig-prd-003/providers/Microsoft.OffAzure/HyperVSites/HYPV-AZ-MIGVA24225site/clusters/hicp1310-clu-olcc-lan-4fb0bd14-3fa8-4561-ad74-93b04087d47c","2025-02-11T20:30:18.3585686Z","Microsoft.Azure.PowerShell.Cmdlets.Migrate.Models.Api202001.IHyperVDisk[]","HICP3603","Microsoft.Azure.PowerShell.Cmdlets.Migrate.Models.Api202001.IHealthErrorDetails[]","UEFI","2","2/13/2025 3:20:54 AM","Red Hat Enterprise Linux","Linux","8.10","Yes","HICP1313",,"/subscriptions/bc602065-8f71-487b-9fa1-e872b4ce9a79/resourceGroups/rg-dcstratmig-prd-003/providers/Microsoft.OffAzure/HyperVSites/HYPV-AZ-MIGVA24225site/machines/e533e7fc-832a-42ed-a7b8-ba268a3c79ce","e533e7fc-832a-42ed-a7b8-ba268a3c79ce","False","False","False","Cluster","1048576","e533e7fc-832a-42ed-a7b8-ba268a3c79ce","Microsoft.Azure.PowerShell.Cmdlets.Migrate.Models.Api202001.IHyperVNetworkAdapter[]","42","4","Red Hat Enterprise Linux","linuxguest","4.18.0","Running","Microsoft.OffAzure/HyperVSites/machines","2025-02-13T15:18:25.6870410Z","C:\ClusterStorage\Volume13\HICP3603\Virtual Machines\E533E7FC-832A-42ED-A7B8-BA268A3C79CE.VMCX","hicp3603","9.0"
"4096",,,,,,,,,,"870311E8-9125-4B3E-AE7F-C00D2BC1523A","5963-4236-9771-3739-9274-8169-60","HICP1326_CLU.olcc.lan","/subscriptions/bc602065-8f71-487b-9fa1-e872b4ce9a79/resourceGroups/rg-dcstratmig-prd-003/providers/Microsoft.OffAzure/HyperVSites/HYPV-AZ-MIGVA24225site/clusters/hicp1326-clu-olcc-lan-dfe304fe-4c9c-4a21-8ab7-565af1ada800","2025-02-11T20:30:18.6085479Z","Microsoft.Azure.PowerShell.Cmdlets.Migrate.Models.Api202001.IHyperVDisk[]","HICU3507","Microsoft.Azure.PowerShell.Cmdlets.Migrate.Models.Api202001.IHealthErrorDetails[]","UEFI","2","2/13/2025 3:20:01 AM","Red Hat Enterprise Linux Server","Linux","7.9","Yes","HICP1326A",,"/subscriptions/bc602065-8f71-487b-9fa1-e872b4ce9a79/resourceGroups/rg-dcstratmig-prd-003/providers/Microsoft.OffAzure/HyperVSites/HYPV-AZ-MIGVA24225site/machines/12b197d3-5582-4761-8fed-1fed4776c5d1","12b197d3-5582-4761-8fed-1fed4776c5d1","False","False","False","Cluster","1048576","12b197d3-5582-4761-8fed-1fed4776c5d1","Microsoft.Azure.PowerShell.Cmdlets.Migrate.Models.Api202001.IHyperVNetworkAdapter[]","26","2","Red Hat Enterprise Linux Server","linuxguest","3.10.0","Running","Microsoft.OffAzure/HyperVSites/machines","2025-02-13T03:20:01.6636134Z","C:\ClusterStorage\Volume1\HICU3507\Virtual Machines\12B197D3-5582-4761-8FED-1FED4776C5D1.VMCX","hicu3507.olcc.lan","9.0"
"8192",,,,,,,,,,"A3971EC5-FFC2-4EF3-BA14-EBBCA647B68C","5852-3196-5153-3733-5323-3071-40","HICP1310_Clu.olcc.lan","/subscriptions/bc602065-8f71-487b-9fa1-e872b4ce9a79/resourceGroups/rg-dcstratmig-prd-003/providers/Microsoft.OffAzure/HyperVSites/HYPV-AZ-MIGVA24225site/clusters/hicp1310-clu-olcc-lan-4fb0bd14-3fa8-4561-ad74-93b04087d47c","2025-02-11T20:30:18.8585525Z","Microsoft.Azure.PowerShell.Cmdlets.Migrate.Models.Api202001.IHyperVDisk[]","HICP7019","Microsoft.Azure.PowerShell.Cmdlets.Migrate.Models.Api202001.IHealthErrorDetails[]","UEFI","2","2/13/2025 3:19:18 AM","Microsoft Windows Server 2019 Standard","Windows","10.0.17763","Yes","HICP1317",,"/subscriptions/bc602065-8f71-487b-9fa1-e872b4ce9a79/resourceGroups/rg-dcstratmig-prd-003/providers/Microsoft.OffAzure/HyperVSites/HYPV-AZ-MIGVA24225site/machines/4feb5b41-984a-4080-aef9-afc6f34df477","4feb5b41-984a-4080-aef9-afc6f34df477","False","False","False","Cluster","1048576","4feb5b41-984a-4080-aef9-afc6f34df477","Microsoft.Azure.PowerShell.Cmdlets.Migrate.Models.Api202001.IHyperVNetworkAdapter[]","18","4","Windows Server 2019 Standard","windowsguest","10.0.17763","Running","Microsoft.OffAzure/HyperVSites/machines","2025-02-13T15:06:02.2156316Z","C:\ClusterStorage\Volume13\HICP7019\Virtual Machines\4FEB5B41-984A-4080-AEF9-AFC6F34DF477.VMCX","HICP7019.olcc.lan","9.0"
"8192",,,,,,,,,,"0E2C56D6-9C0B-4BAD-8390-472122F245DA","9196-9774-5325-9816-4444-2044-52","HICP1326_CLU.olcc.lan","/subscriptions/bc602065-8f71-487b-9fa1-e872b4ce9a79/resourceGroups/rg-dcstratmig-prd-003/providers/Microsoft.OffAzure/HyperVSites/HYPV-AZ-MIGVA24225site/clusters/hicp1326-clu-olcc-lan-dfe304fe-4c9c-4a21-8ab7-565af1ada800","2025-02-11T20:30:19.1085481Z","Microsoft.Azure.PowerShell.Cmdlets.Migrate.Models.Api202001.IHyperVDisk[]","NP03-WB01-PCI","Microsoft.Azure.PowerShell.Cmdlets.Migrate.Models.Api202001.IHealthErrorDetails[]","BIOS","1","2/13/2025 3:19:40 AM","Microsoft Windows Server 2019 Standard","Windows","10.0.17763","Yes","HICP1326A",,"/subscriptions/bc602065-8f71-487b-9fa1-e872b4ce9a79/resourceGroups/rg-dcstratmig-prd-003/providers/Microsoft.OffAzure/HyperVSites/HYPV-AZ-MIGVA24225site/machines/48102637-ab32-4000-9a0c-8ee01785f982","48102637-ab32-4000-9a0c-8ee01785f982","False","False","False","Cluster","65536","48102637-ab32-4000-9a0c-8ee01785f982","Microsoft.Azure.PowerShell.Cmdlets.Migrate.Models.Api202001.IHyperVNetworkAdapter[]","41","2","Windows Server 2019 Standard","windowsguest","10.0.17763","Running","Microsoft.OffAzure/HyperVSites/machines","2025-02-13T15:06:02.3406208Z","C:\ClusterStorage\Volume1\NP03-WB01-PCI\Virtual Machines\48102637-AB32-4000-9A0C-8EE01785F982.VMCX","NP03-WB01-PCI.olcc.lan","9.0"
"24576",,,,,,,,,,"44BA5A8C-4BCD-427C-BC9F-719E7D0F12B1","4058-9967-7857-1372-3186-2869-78","HICP1310_Clu.olcc.lan","/subscriptions/bc602065-8f71-487b-9fa1-e872b4ce9a79/resourceGroups/rg-dcstratmig-prd-003/providers/Microsoft.OffAzure/HyperVSites/HYPV-AZ-MIGVA24225site/clusters/hicp1310-clu-olcc-lan-4fb0bd14-3fa8-4561-ad74-93b04087d47c","2025-02-11T20:30:19.3585583Z","Microsoft.Azure.PowerShell.Cmdlets.Migrate.Models.Api202001.IHyperVDisk[]","HICP2276","Microsoft.Azure.PowerShell.Cmdlets.Migrate.Models.Api202001.IHealthErrorDetails[]","UEFI","2","2/13/2025 1:27:09 AM","Microsoft Windows Server 2019 Standard","Windows","10.0.17763","Yes","HICP1312",,"/subscriptions/bc602065-8f71-487b-9fa1-e872b4ce9a79/resourceGroups/rg-dcstratmig-prd-003/providers/Microsoft.OffAzure/HyperVSites/HYPV-AZ-MIGVA24225site/machines/ebbfb7f6-ed6a-4bb4-aa4e-96c2bab0905d","ebbfb7f6-ed6a-4bb4-aa4e-96c2bab0905d","False","False","False","Cluster","1048576","ebbfb7f6-ed6a-4bb4-aa4e-96c2bab0905d","Microsoft.Azure.PowerShell.Cmdlets.Migrate.Models.Api202001.IHyperVNetworkAdapter[]","61","8","Windows Server 2019 Standard","windowsguest","10.0.17763","Running","Microsoft.OffAzure/HyperVSites/machines","2025-02-13T03:21:47.5235998Z","C:\ClusterStorage\Volume12\HICP2276\Virtual Machines\EBBFB7F6-ED6A-4BB4-AA4E-96C2BAB0905D.VMCX","HICP2276.olcc.lan","9.0"
"32768",,,,,,,,,,"E32F8A61-7C6E-4296-B8E4-B639BDEC7061","5274-4985-1424-0068-9575-7644-92","HICP1310_Clu.olcc.lan","/subscriptions/bc602065-8f71-487b-9fa1-e872b4ce9a79/resourceGroups/rg-dcstratmig-prd-003/providers/Microsoft.OffAzure/HyperVSites/HYPV-AZ-MIGVA24225site/clusters/hicp1310-clu-olcc-lan-4fb0bd14-3fa8-4561-ad74-93b04087d47c","2025-02-11T20:30:19.6085655Z","Microsoft.Azure.PowerShell.Cmdlets.Migrate.Models.Api202001.IHyperVDisk[]","HICP2440","Microsoft.Azure.PowerShell.Cmdlets.Migrate.Models.Api202001.IHealthErrorDetails[]","UEFI","2","2/13/2025 2:37:03 AM","Microsoft Windows Server 2022 Standard","Windows","10.0.20348","Yes","HICP1318",,"/subscriptions/bc602065-8f71-487b-9fa1-e872b4ce9a79/resourceGroups/rg-dcstratmig-prd-003/providers/Microsoft.OffAzure/HyperVSites/HYPV-AZ-MIGVA24225site/machines/8b14f39c-465e-4da2-9a83-91719cce4345","8b14f39c-465e-4da2-9a83-91719cce4345","False","False","False","Cluster","1048576","8b14f39c-465e-4da2-9a83-91719cce4345","Microsoft.Azure.PowerShell.Cmdlets.Migrate.Models.Api202001.IHyperVNetworkAdapter[]","25","4","Windows Server 2022 Standard","windowsguest","10.0.20348","Running","Microsoft.OffAzure/HyperVSites/machines","2025-02-13T03:21:45.2735732Z","C:\ClusterStorage\Volume11\HICP2440\Virtual Machines\8B14F39C-465E-4DA2-9A83-91719CCE4345.VMCX","HICP2440.olcc.lan","9.0"
"8192",,,,,,,,,,"C0DE7C3F-9C2C-4604-AB57-DD9C80E51AB9","5627-4379-7891-1899-8906-8082-22","HICP1326_CLU.olcc.lan","/subscriptions/bc602065-8f71-487b-9fa1-e872b4ce9a79/resourceGroups/rg-dcstratmig-prd-003/providers/Microsoft.OffAzure/HyperVSites/HYPV-AZ-MIGVA24225site/clusters/hicp1326-clu-olcc-lan-dfe304fe-4c9c-4a21-8ab7-565af1ada800","2025-02-11T20:30:19.8585607Z","Microsoft.Azure.PowerShell.Cmdlets.Migrate.Models.Api202001.IHyperVDisk[]","NP03-APP01-AZSY","Microsoft.Azure.PowerShell.Cmdlets.Migrate.Models.Api202001.IHealthErrorDetails[]","BIOS","1","2/13/2025 3:19:23 AM","Microsoft Windows Server 2019 Standard","Windows","10.0.17763","Yes","HICP1326C",,"/subscriptions/bc602065-8f71-487b-9fa1-e872b4ce9a79/resourceGroups/rg-dcstratmig-prd-003/providers/Microsoft.OffAzure/HyperVSites/HYPV-AZ-MIGVA24225site/machines/332142e6-5632-4c63-a5ad-a9699007099e","332142e6-5632-4c63-a5ad-a9699007099e","False","False","False","Cluster","65536","332142e6-5632-4c63-a5ad-a9699007099e","Microsoft.Azure.PowerShell.Cmdlets.Migrate.Models.Api202001.IHyperVNetworkAdapter[]","49","2","Windows Server 2019 Standard","windowsguest","10.0.17763","Running","Microsoft.OffAzure/HyperVSites/machines","2025-02-13T15:06:02.4812290Z","C:\ClusterStorage\Volume1\NP03-APP01-AZSY\Virtual Machines\332142E6-5632-4C63-A5AD-A9699007099E.VMCX","NP03-APP01-AZSY.olcc.lan","9.0"
"16384",,,,,,,,,,"2FA2DD84-F1EB-4F98-BB9A-75EE3B9817BA","7083-7365-8465-4457-0912-9871-69","HICP1310_Clu.olcc.lan","/subscriptions/bc602065-8f71-487b-9fa1-e872b4ce9a79/resourceGroups/rg-dcstratmig-prd-003/providers/Microsoft.OffAzure/HyperVSites/HYPV-AZ-MIGVA24225site/clusters/hicp1310-clu-olcc-lan-4fb0bd14-3fa8-4561-ad74-93b04087d47c","2025-02-11T20:30:20.1085722Z","Microsoft.Azure.PowerShell.Cmdlets.Migrate.Models.Api202001.IHyperVDisk[]","HICP5504B","Microsoft.Azure.PowerShell.Cmdlets.Migrate.Models.Api202001.IHealthErrorDetails[]","UEFI","2",,,,,"Yes","HICP1313",,"/subscriptions/bc602065-8f71-487b-9fa1-e872b4ce9a79/resourceGroups/rg-dcstratmig-prd-003/providers/Microsoft.OffAzure/HyperVSites/HYPV-AZ-MIGVA24225site/machines/bbba9283-0988-4f07-b07a-2f00f6f6780a","bbba9283-0988-4f07-b07a-2f00f6f6780a","False","False","True","Cluster","1048576","bbba9283-0988-4f07-b07a-2f00f6f6780a","Microsoft.Azure.PowerShell.Cmdlets.Migrate.Models.Api202001.IHyperVNetworkAdapter[]","-1","6","Windows Server 2022 Standard","windowsguest","10.0.20348","Running","Microsoft.OffAzure/HyperVSites/machines","2025-02-13T03:22:20.1386008Z","C:\ClusterStorage\Volume11\HICP5504B\Virtual Machines\BBBA9283-0988-4F07-B07A-2F00F6F6780A.VMCX","HICP5504B.olcc.lan","9.0"
"4096",,,,,,,,,,"4A4B4AF2-57C1-4A67-9E21-55AE43CDB36A","9418-7736-6551-7219-1166-8359-62","HICP1310_Clu.olcc.lan","/subscriptions/bc602065-8f71-487b-9fa1-e872b4ce9a79/resourceGroups/rg-dcstratmig-prd-003/providers/Microsoft.OffAzure/HyperVSites/HYPV-AZ-MIGVA24225site/clusters/hicp1310-clu-olcc-lan-4fb0bd14-3fa8-4561-ad74-93b04087d47c","2025-02-11T20:30:20.3585668Z","Microsoft.Azure.PowerShell.Cmdlets.Migrate.Models.Api202001.IHyperVDisk[]","HICP2240","Microsoft.Azure.PowerShell.Cmdlets.Migrate.Models.Api202001.IHealthErrorDetails[]","UEFI","2","2/13/2025 3:20:22 AM","Microsoft Windows Server 2019 Standard","Windows","10.0.17763","Yes","HICP1319",,"/subscriptions/bc602065-8f71-487b-9fa1-e872b4ce9a79/resourceGroups/rg-dcstratmig-prd-003/providers/Microsoft.OffAzure/HyperVSites/HYPV-AZ-MIGVA24225site/machines/144f2fc4-e99a-4281-9809-1244fc506a26","144f2fc4-e99a-4281-9809-1244fc506a26","False","False","False","Cluster","1048576","144f2fc4-e99a-4281-9809-1244fc506a26","Microsoft.Azure.PowerShell.Cmdlets.Migrate.Models.Api202001.IHyperVNetworkAdapter[]","23","2","Windows Server 2019 Standard","windowsguest","10.0.17763","Running","Microsoft.OffAzure/HyperVSites/machines","2025-02-13T15:06:02.5906387Z","C:\ClusterStorage\Volume14\HICP2240\Virtual Machines\144F2FC4-E99A-4281-9809-1244FC506A26.VMCX","HICP2240.olcc.lan","9.0"
"4096",,,,,,,,,,"A5A14388-F464-4F5B-8B5D-946F7D3082EB","5880-7487-1999-8570-4531-7040-81","HICP1310_Clu.olcc.lan","/subscriptions/bc602065-8f71-487b-9fa1-e872b4ce9a79/resourceGroups/rg-dcstratmig-prd-003/providers/Microsoft.OffAzure/HyperVSites/HYPV-AZ-MIGVA24225site/clusters/hicp1310-clu-olcc-lan-4fb0bd14-3fa8-4561-ad74-93b04087d47c","2025-02-11T20:30:20.6085780Z","Microsoft.Azure.PowerShell.Cmdlets.Migrate.Models.Api202001.IHyperVDisk[]","DC01-WEB01-PCI","Microsoft.Azure.PowerShell.Cmdlets.Migrate.Models.Api202001.IHealthErrorDetails[]","BIOS","1","2/13/2025 3:19:49 AM","Microsoft Windows Server 2019 Standard","Windows","10.0.17763","Yes","HICP1311",,"/subscriptions/bc602065-8f71-487b-9fa1-e872b4ce9a79/resourceGroups/rg-dcstratmig-prd-003/providers/Microsoft.OffAzure/HyperVSites/HYPV-AZ-MIGVA24225site/machines/9f8f9485-993a-4071-9a1f-b4fe1c16780a","9f8f9485-993a-4071-9a1f-b4fe1c16780a","False","False","False","Cluster","65536","9f8f9485-993a-4071-9a1f-b4fe1c16780a","Microsoft.Azure.PowerShell.Cmdlets.Migrate.Models.Api202001.IHyperVNetworkAdapter[]","40","2","Windows Server 2019 Standard","windowsguest","10.0.17763","Running","Microsoft.OffAzure/HyperVSites/machines","2025-02-13T15:06:02.7312609Z","C:\ClusterStorage\Volume3\DC01-WEB01-PCI-R\Virtual Machines\9F8F9485-993A-4071-9A1F-B4FE1C16780A.VMCX","DC01-WEB01-PCI.olcc.lan","9.0"
"2048",,,,,,,,,,"5E3E7453-36EF-4E12-889B-8769DF02A0AF","9117-3021-2596-2142-0473-2689-33","HICP1326_CLU.olcc.lan","/subscriptions/bc602065-8f71-487b-9fa1-e872b4ce9a79/resourceGroups/rg-dcstratmig-prd-003/providers/Microsoft.OffAzure/HyperVSites/HYPV-AZ-MIGVA24225site/clusters/hicp1326-clu-olcc-lan-dfe304fe-4c9c-4a21-8ab7-565af1ada800","2025-02-11T20:30:20.8585664Z","Microsoft.Azure.PowerShell.Cmdlets.Migrate.Models.Api202001.IHyperVDisk[]","OLWAVEUAT","Microsoft.Azure.PowerShell.Cmdlets.Migrate.Models.Api202001.IHealthErrorDetails[]","BIOS","1",,,,,"Yes","HICP1326A",,"/subscriptions/bc602065-8f71-487b-9fa1-e872b4ce9a79/resourceGroups/rg-dcstratmig-prd-003/providers/Microsoft.OffAzure/HyperVSites/HYPV-AZ-MIGVA24225site/machines/f4bfa38b-28bc-4e11-b492-8aa5da435a0f","f4bfa38b-28bc-4e11-b492-8aa5da435a0f","False","False","True","Cluster","65536","f4bfa38b-28bc-4e11-b492-8aa5da435a0f","Microsoft.Azure.PowerShell.Cmdlets.Migrate.Models.Api202001.IHyperVNetworkAdapter[]","-1","1",,"otherguestfamily",,"Running","Microsoft.OffAzure/HyperVSites/machines","2025-02-13T03:21:58.0706676Z","C:\ClusterStorage\Volume1\OLWAVEUAT\Virtual Machines\F4BFA38B-28BC-4E11-B492-8AA5DA435A0F.VMCX","","9.0"
"4096",,,,,,,,,,"AF3E146E-A006-4B80-9D36-DB21671954D5","1836-5388-8059-5039-9543-1902-87","HICP1326_CLU.olcc.lan","/subscriptions/bc602065-8f71-487b-9fa1-e872b4ce9a79/resourceGroups/rg-dcstratmig-prd-003/providers/Microsoft.OffAzure/HyperVSites/HYPV-AZ-MIGVA24225site/clusters/hicp1326-clu-olcc-lan-dfe304fe-4c9c-4a21-8ab7-565af1ada800","2025-02-11T20:30:21.1085641Z","Microsoft.Azure.PowerShell.Cmdlets.Migrate.Models.Api202001.IHyperVDisk[]","HICU2002","Microsoft.Azure.PowerShell.Cmdlets.Migrate.Models.Api202001.IHealthErrorDetails[]","BIOS","1","2/13/2025 2:35:18 AM","Microsoft Windows Server 2019 Standard","Windows","10.0.17763","Yes","HICP1326C",,"/subscriptions/bc602065-8f71-487b-9fa1-e872b4ce9a79/resourceGroups/rg-dcstratmig-prd-003/providers/Microsoft.OffAzure/HyperVSites/HYPV-AZ-MIGVA24225site/machines/3e5d2fdb-a2d1-48e3-9c15-bfb235f16827","3e5d2fdb-a2d1-48e3-9c15-bfb235f16827","False","False","False","Cluster","65536","3e5d2fdb-a2d1-48e3-9c15-bfb235f16827","Microsoft.Azure.PowerShell.Cmdlets.Migrate.Models.Api202001.IHyperVNetworkAdapter[]","33","2","Windows Server 2019 Standard","windowsguest","10.0.17763","Running","Microsoft.OffAzure/HyperVSites/machines","2025-02-13T03:21:42.2735637Z","C:\ClusterStorage\Volume1\HICU2002\Virtual Machines\3E5D2FDB-A2D1-48E3-9C15-BFB235F16827.VMCX","HICU2002.olcc.lan","9.0"
"32768",,,,,,,,,,"9BA6407F-714A-457F-B64F-1926D83E778E","3638-0177-2079-4564-3838-8413-46","HICP1310_Clu.olcc.lan","/subscriptions/bc602065-8f71-487b-9fa1-e872b4ce9a79/resourceGroups/rg-dcstratmig-prd-003/providers/Microsoft.OffAzure/HyperVSites/HYPV-AZ-MIGVA24225site/clusters/hicp1310-clu-olcc-lan-4fb0bd14-3fa8-4561-ad74-93b04087d47c","2025-02-11T20:30:21.3585755Z","Microsoft.Azure.PowerShell.Cmdlets.Migrate.Models.Api202001.IHyperVDisk[]","HICP6505","Microsoft.Azure.PowerShell.Cmdlets.Migrate.Models.Api202001.IHealthErrorDetails[]","UEFI","2","2/13/2025 3:19:36 AM","Microsoft Windows Server 2019 Datacenter","Windows","10.0.17763","Yes","HICP1316",,"/subscriptions/bc602065-8f71-487b-9fa1-e872b4ce9a79/resourceGroups/rg-dcstratmig-prd-003/providers/Microsoft.OffAzure/HyperVSites/HYPV-AZ-MIGVA24225site/machines/12dddd64-e3ed-4d59-91b9-8d9adcf18899","12dddd64-e3ed-4d59-91b9-8d9adcf18899","False","False","False","Cluster","1048576","12dddd64-e3ed-4d59-91b9-8d9adcf18899","Microsoft.Azure.PowerShell.Cmdlets.Migrate.Models.Api202001.IHyperVNetworkAdapter[]","241","8","Windows Server 2019 Datacenter","windowsguest","10.0.17763","Running","Microsoft.OffAzure/HyperVSites/machines","2025-02-13T03:46:55.3289295Z","C:\ClusterStorage\Volume12\HICP6505\Virtual Machines\12DDDD64-E3ED-4D59-91B9-8D9ADCF18899.VMCX","HICP6505.olcc.lan","9.0"
"8192",,,,,,,,,,"F16D3161-E1E5-468B-AF53-2C7D842B229F","2442-0857-3333-0176-3599-2905-99","HICP1310_Clu.olcc.lan","/subscriptions/bc602065-8f71-487b-9fa1-e872b4ce9a79/resourceGroups/rg-dcstratmig-prd-003/providers/Microsoft.OffAzure/HyperVSites/HYPV-AZ-MIGVA24225site/clusters/hicp1310-clu-olcc-lan-4fb0bd14-3fa8-4561-ad74-93b04087d47c","2025-02-11T20:30:21.6085829Z","Microsoft.Azure.PowerShell.Cmdlets.Migrate.Models.Api202001.IHyperVDisk[]","DC01-JNK-SLV1","Microsoft.Azure.PowerShell.Cmdlets.Migrate.Models.Api202001.IHealthErrorDetails[]","BIOS","1","2/13/2025 3:19:41 AM","Microsoft Windows Server 2016 Standard","Windows","10.0.14393","Yes","HICP1310C",,"/subscriptions/bc602065-8f71-487b-9fa1-e872b4ce9a79/resourceGroups/rg-dcstratmig-prd-003/providers/Microsoft.OffAzure/HyperVSites/HYPV-AZ-MIGVA24225site/machines/cb2d4bb0-59f3-4881-80fc-3f9e264166e0","cb2d4bb0-59f3-4881-80fc-3f9e264166e0","False","False","False","Cluster","65536","cb2d4bb0-59f3-4881-80fc-3f9e264166e0","Microsoft.Azure.PowerShell.Cmdlets.Migrate.Models.Api202001.IHyperVNetworkAdapter[]","490","4","Windows Server 2016 Standard","windowsguest","10.0.14393","Running","Microsoft.OffAzure/HyperVSites/machines","2025-02-13T03:21:36.5077742Z","C:\ClusterStorage\Volume2\DC01-JNK-SLV1\Virtual Machines\CB2D4BB0-59F3-4881-80FC-3F9E264166E0.VMCX","DC01-JNK-SLV1.olcc.lan","9.0"
"4096",,,,,,,,,,"23F90E7C-5A23-4641-87B8-1DC6E7B1B24C","3919-0183-8556-8931-8279-0814-49","HICP1300_CLU.olcc.lan","/subscriptions/bc602065-8f71-487b-9fa1-e872b4ce9a79/resourceGroups/rg-dcstratmig-prd-003/providers/Microsoft.OffAzure/HyperVSites/HYPV-AZ-MIGVA24225site/clusters/hicp1300-clu-olcc-lan-716a4cd7-b6bf-44a4-8728-f1576ad575ee","2025-02-11T20:30:21.8585939Z","Microsoft.Azure.PowerShell.Cmdlets.Migrate.Models.Api202001.IHyperVDisk[]","HICP5001","Microsoft.Azure.PowerShell.Cmdlets.Migrate.Models.Api202001.IHealthErrorDetails[]","UEFI","2","2/13/2025 3:19:41 AM","Microsoft Windows Server 2016 Standard","Windows","10.0.14393","Yes","HICP1300C",,"/subscriptions/bc602065-8f71-487b-9fa1-e872b4ce9a79/resourceGroups/rg-dcstratmig-prd-003/providers/Microsoft.OffAzure/HyperVSites/HYPV-AZ-MIGVA24225site/machines/d372119b-a8ef-42b5-baf0-5a533f58e024","d372119b-a8ef-42b5-baf0-5a533f58e024","False","False","False","Cluster","1048576","d372119b-a8ef-42b5-baf0-5a533f58e024","Microsoft.Azure.PowerShell.Cmdlets.Migrate.Models.Api202001.IHyperVNetworkAdapter[]","26","2","Windows Server 2016 Standard","windowsguest","10.0.14393","Running","Microsoft.OffAzure/HyperVSites/machines","2025-02-13T03:22:46.0619848Z","C:\ClusterStorage\Volume2\HICP5001\Virtual Machines\D372119B-A8EF-42B5-BAF0-5A533F58E024.VMCX","HICP5001.olcc.lan","9.0"
"34816",,,,,,,,,,"C6180D66-1C16-4ADA-A9F1-A0CE17EF3D7D","1414-6384-4166-6642-2355-0762-67","HICP1326_CLU.olcc.lan","/subscriptions/bc602065-8f71-487b-9fa1-e872b4ce9a79/resourceGroups/rg-dcstratmig-prd-003/providers/Microsoft.OffAzure/HyperVSites/HYPV-AZ-MIGVA24225site/clusters/hicp1326-clu-olcc-lan-dfe304fe-4c9c-4a21-8ab7-565af1ada800","2025-02-11T20:30:22.1085854Z","Microsoft.Azure.PowerShell.Cmdlets.Migrate.Models.Api202001.IHyperVDisk[]","HICU3821","Microsoft.Azure.PowerShell.Cmdlets.Migrate.Models.Api202001.IHealthErrorDetails[]","UEFI","2","2/13/2025 3:21:12 AM","Red Hat Enterprise Linux","Linux","8.4","Yes","HICP1326D",,"/subscriptions/bc602065-8f71-487b-9fa1-e872b4ce9a79/resourceGroups/rg-dcstratmig-prd-003/providers/Microsoft.OffAzure/HyperVSites/HYPV-AZ-MIGVA24225site/machines/ae267f86-b91f-46c8-806e-5f6fe8de9616","ae267f86-b91f-46c8-806e-5f6fe8de9616","False","False","False","Cluster","1048576","ae267f86-b91f-46c8-806e-5f6fe8de9616","Microsoft.Azure.PowerShell.Cmdlets.Migrate.Models.Api202001.IHyperVNetworkAdapter[]","76","3","Red Hat Enterprise Linux","linuxguest","4.18.0","Running","Microsoft.OffAzure/HyperVSites/machines","2025-02-13T03:21:12.7166167Z","C:\ClusterStorage\Volume1\HICU3821\Virtual Machines\AE267F86-B91F-46C8-806E-5F6FE8DE9616.VMCX","hicu3821.olcc.lan","9.0"
"4096",,,,,,,,,,"C61F8E75-F9F5-4595-85B1-9677AAC73A08","6807-6873-6050-9386-7021-2413-09","HICP1310_Clu.olcc.lan","/subscriptions/bc602065-8f71-487b-9fa1-e872b4ce9a79/resourceGroups/rg-dcstratmig-prd-003/providers/Microsoft.OffAzure/HyperVSites/HYPV-AZ-MIGVA24225site/clusters/hicp1310-clu-olcc-lan-4fb0bd14-3fa8-4561-ad74-93b04087d47c","2025-02-11T20:30:22.3585943Z","Microsoft.Azure.PowerShell.Cmdlets.Migrate.Models.Api202001.IHyperVDisk[]","OLLINADM3","Microsoft.Azure.PowerShell.Cmdlets.Migrate.Models.Api202001.IHealthErrorDetails[]","BIOS","1",,,,,"Yes","HICP1314",,"/subscriptions/bc602065-8f71-487b-9fa1-e872b4ce9a79/resourceGroups/rg-dcstratmig-prd-003/providers/Microsoft.OffAzure/HyperVSites/HYPV-AZ-MIGVA24225site/machines/1d99f4fd-afbd-418e-bf5f-0a5bed9a9c26","1d99f4fd-afbd-418e-bf5f-0a5bed9a9c26","False","False","True","Cluster","65536","1d99f4fd-afbd-418e-bf5f-0a5bed9a9c26","Microsoft.Azure.PowerShell.Cmdlets.Migrate.Models.Api202001.IHyperVNetworkAdapter[]","-1","1",,"otherguestfamily",,"Running","Microsoft.OffAzure/HyperVSites/machines","2025-02-13T03:21:57.8050612Z","C:\ClusterStorage\Volume14\OLLINADM3\Virtual Machines\1D99F4FD-AFBD-418E-BF5F-0A5BED9A9C26.VMCX","","9.0"
"8192",,,,,,,,,,"B70EE0AE-D83A-4B7B-908A-072F34BB7A74","5640-5882-4515-3904-9109-4228-55","HICP1310_Clu.olcc.lan","/subscriptions/bc602065-8f71-487b-9fa1-e872b4ce9a79/resourceGroups/rg-dcstratmig-prd-003/providers/Microsoft.OffAzure/HyperVSites/HYPV-AZ-MIGVA24225site/clusters/hicp1310-clu-olcc-lan-4fb0bd14-3fa8-4561-ad74-93b04087d47c","2025-02-11T20:30:22.6085795Z","Microsoft.Azure.PowerShell.Cmdlets.Migrate.Models.Api202001.IHyperVDisk[]","HICP2153B","Microsoft.Azure.PowerShell.Cmdlets.Migrate.Models.Api202001.IHealthErrorDetails[]","UEFI","2","2/13/2025 3:20:57 AM","Microsoft Windows Server 2019 Standard","Windows","10.0.17763","Yes","HICP1315",,"/subscriptions/bc602065-8f71-487b-9fa1-e872b4ce9a79/resourceGroups/rg-dcstratmig-prd-003/providers/Microsoft.OffAzure/HyperVSites/HYPV-AZ-MIGVA24225site/machines/b13414dc-0254-438b-aa7d-5cfc7e4112c8","b13414dc-0254-438b-aa7d-5cfc7e4112c8","False","False","False","Cluster","1048576","b13414dc-0254-438b-aa7d-5cfc7e4112c8","Microsoft.Azure.PowerShell.Cmdlets.Migrate.Models.Api202001.IHyperVNetworkAdapter[]","21","2","Windows Server 2019 Standard","windowsguest","10.0.17763","Running","Microsoft.OffAzure/HyperVSites/machines","2025-02-13T15:06:02.8406408Z","C:\ClusterStorage\Volume14\HICP2153B\Virtual Machines\B13414DC-0254-438B-AA7D-5CFC7E4112C8.VMCX","HICP2153B.olcc.lan","9.0"
"12288",,,,,,,,,,"4143B517-C6B3-47D3-96B5-83D75B7CFDAB","4908-6171-6692-5760-2321-2461-15","HICP1310_Clu.olcc.lan","/subscriptions/bc602065-8f71-487b-9fa1-e872b4ce9a79/resourceGroups/rg-dcstratmig-prd-003/providers/Microsoft.OffAzure/HyperVSites/HYPV-AZ-MIGVA24225site/clusters/hicp1310-clu-olcc-lan-4fb0bd14-3fa8-4561-ad74-93b04087d47c","2025-02-11T20:30:22.8585795Z","Microsoft.Azure.PowerShell.Cmdlets.Migrate.Models.Api202001.IHyperVDisk[]","DC01-ESB01-SMART","Microsoft.Azure.PowerShell.Cmdlets.Migrate.Models.Api202001.IHealthErrorDetails[]","BIOS","1","2/13/2025 3:19:35 AM","Microsoft Windows Server 2012 R2 Standard","Windows","6.3.9600","Yes","HICP1314",,"/subscriptions/bc602065-8f71-487b-9fa1-e872b4ce9a79/resourceGroups/rg-dcstratmig-prd-003/providers/Microsoft.OffAzure/HyperVSites/HYPV-AZ-MIGVA24225site/machines/da09b00a-4913-4391-b32f-f1a85beba6c7","da09b00a-4913-4391-b32f-f1a85beba6c7","False","False","False","Cluster","65536","da09b00a-4913-4391-b32f-f1a85beba6c7","Microsoft.Azure.PowerShell.Cmdlets.Migrate.Models.Api202001.IHyperVNetworkAdapter[]","40","4","Windows Server 2012 R2 Standard","windowsguest","6.3.9600","Running","Microsoft.OffAzure/HyperVSites/machines","2025-02-13T03:22:44.6869705Z","C:\ClusterStorage\Volume11\DC01-ESB01-SMART\Virtual Machines\DA09B00A-4913-4391-B32F-F1A85BEBA6C7.VMCX","DC01-ESB01-SMART.olcc.lan","9.0"
"8192",,,,,,,,,,"9D13F193-ADB2-4F77-8D0A-6A133FF3FC3D","8155-9728-2042-8271-0147-6882-19","HICP1310_Clu.olcc.lan","/subscriptions/bc602065-8f71-487b-9fa1-e872b4ce9a79/resourceGroups/rg-dcstratmig-prd-003/providers/Microsoft.OffAzure/HyperVSites/HYPV-AZ-MIGVA24225site/clusters/hicp1310-clu-olcc-lan-4fb0bd14-3fa8-4561-ad74-93b04087d47c","2025-02-11T20:30:23.1085888Z","Microsoft.Azure.PowerShell.Cmdlets.Migrate.Models.Api202001.IHyperVDisk[]","HICP2211","Microsoft.Azure.PowerShell.Cmdlets.Migrate.Models.Api202001.IHealthErrorDetails[]","UEFI","2","2/13/2025 3:21:31 AM","Microsoft Windows Server 2019 Standard","Windows","10.0.17763","Yes","HICP1310B",,"/subscriptions/bc602065-8f71-487b-9fa1-e872b4ce9a79/resourceGroups/rg-dcstratmig-prd-003/providers/Microsoft.OffAzure/HyperVSites/HYPV-AZ-MIGVA24225site/machines/fd0a48f3-7191-4224-9c98-cd6ac5f0ccc4","fd0a48f3-7191-4224-9c98-cd6ac5f0ccc4","False","False","False","Cluster","1048576","fd0a48f3-7191-4224-9c98-cd6ac5f0ccc4","Microsoft.Azure.PowerShell.Cmdlets.Migrate.Models.Api202001.IHyperVNetworkAdapter[]","30","2","Windows Server 2019 Standard","windowsguest","10.0.17763","Running","Microsoft.OffAzure/HyperVSites/machines","2025-02-13T15:02:14.5344239Z","C:\ClusterStorage\Volume14\HICP2211-2\Virtual Machines\FD0A48F3-7191-4224-9C98-CD6AC5F0CCC4.VMCX","HICP2211.olcc.lan","9.0"
"8192",,,,,,,,,,"E3C7DA76-4BED-41B0-A5CC-ABBE0CED2CE0","2884-7188-3844-6924-5941-3912-98","HICP1326_CLU.olcc.lan","/subscriptions/bc602065-8f71-487b-9fa1-e872b4ce9a79/resourceGroups/rg-dcstratmig-prd-003/providers/Microsoft.OffAzure/HyperVSites/HYPV-AZ-MIGVA24225site/clusters/hicp1326-clu-olcc-lan-dfe304fe-4c9c-4a21-8ab7-565af1ada800","2025-02-11T20:30:23.3585803Z","Microsoft.Azure.PowerShell.Cmdlets.Migrate.Models.Api202001.IHyperVDisk[]","HICU2226A","Microsoft.Azure.PowerShell.Cmdlets.Migrate.Models.Api202001.IHealthErrorDetails[]","UEFI","2","2/13/2025 3:20:28 AM","Microsoft Windows Server 2019 Standard","Windows","10.0.17763","Yes","HICP1326A",,"/subscriptions/bc602065-8f71-487b-9fa1-e872b4ce9a79/resourceGroups/rg-dcstratmig-prd-003/providers/Microsoft.OffAzure/HyperVSites/HYPV-AZ-MIGVA24225site/machines/3470a2b0-4608-442e-bd8f-a64b79cedcfd","3470a2b0-4608-442e-bd8f-a64b79cedcfd","False","False","False","Cluster","1048576","3470a2b0-4608-442e-bd8f-a64b79cedcfd","Microsoft.Azure.PowerShell.Cmdlets.Migrate.Models.Api202001.IHyperVNetworkAdapter[]","39","4","Windows Server 2019 Standard","windowsguest","10.0.17763","Running","Microsoft.OffAzure/HyperVSites/machines","2025-02-13T15:06:02.9812231Z","C:\ClusterStorage\Volume1\HICU2226A\Virtual Machines\3470A2B0-4608-442E-BD8F-A64B79CEDCFD.VMCX","HICU2226A.olcc.lan","9.0"
"4096",,,,,,,,,,"870311E8-9125-4B3E-AE7F-C00D2BC1523A","5963-4236-9771-3739-9274-8169-60","HICP1326_CLU.olcc.lan","/subscriptions/bc602065-8f71-487b-9fa1-e872b4ce9a79/resourceGroups/rg-dcstratmig-prd-003/providers/Microsoft.OffAzure/HyperVSites/HYPV-AZ-MIGVA24225site/clusters/hicp1326-clu-olcc-lan-dfe304fe-4c9c-4a21-8ab7-565af1ada800","2025-02-11T20:30:23.6085523Z","Microsoft.Azure.PowerShell.Cmdlets.Migrate.Models.Api202001.IHyperVDisk[]","HICU3502","Microsoft.Azure.PowerShell.Cmdlets.Migrate.Models.Api202001.IHealthErrorDetails[]","UEFI","2","2/13/2025 3:20:22 AM","Red Hat Enterprise Linux Server","Linux","7.9","Yes","HICP1326A",,"/subscriptions/bc602065-8f71-487b-9fa1-e872b4ce9a79/resourceGroups/rg-dcstratmig-prd-003/providers/Microsoft.OffAzure/HyperVSites/HYPV-AZ-MIGVA24225site/machines/69cd8bc9-cb8c-4b15-a5a8-72ea439794bb","69cd8bc9-cb8c-4b15-a5a8-72ea439794bb","False","False","False","Cluster","1048576","69cd8bc9-cb8c-4b15-a5a8-72ea439794bb","Microsoft.Azure.PowerShell.Cmdlets.Migrate.Models.Api202001.IHyperVNetworkAdapter[]","26","2","Red Hat Enterprise Linux Server","linuxguest","3.10.0","Running","Microsoft.OffAzure/HyperVSites/machines","2025-02-13T03:20:22.2002004Z","C:\ClusterStorage\Volume1\HICU3502\Virtual Machines\69CD8BC9-CB8C-4B15-A5A8-72EA439794BB.VMCX","olwebuathic.olcc.lan","9.0"
"16384",,,,,,,,,,"A6DFB76B-E797-44E2-868A-4602665C93EB","7610-7523-0922-4104-1962-8870-08","HICP1310_Clu.olcc.lan","/subscriptions/bc602065-8f71-487b-9fa1-e872b4ce9a79/resourceGroups/rg-dcstratmig-prd-003/providers/Microsoft.OffAzure/HyperVSites/HYPV-AZ-MIGVA24225site/clusters/hicp1310-clu-olcc-lan-4fb0bd14-3fa8-4561-ad74-93b04087d47c","2025-02-11T20:30:23.8585778Z","Microsoft.Azure.PowerShell.Cmdlets.Migrate.Models.Api202001.IHyperVDisk[]","HICP7075","Microsoft.Azure.PowerShell.Cmdlets.Migrate.Models.Api202001.IHealthErrorDetails[]","BIOS","1","2/13/2025 3:20:36 AM","Microsoft Windows Server 2019 Standard","Windows","10.0.17763","Yes","HICP1313",,"/subscriptions/bc602065-8f71-487b-9fa1-e872b4ce9a79/resourceGroups/rg-dcstratmig-prd-003/providers/Microsoft.OffAzure/HyperVSites/HYPV-AZ-MIGVA24225site/machines/66ae2b7b-6be9-44eb-ad90-25d0766fa8c7","66ae2b7b-6be9-44eb-ad90-25d0766fa8c7","False","False","False","Cluster","65536","66ae2b7b-6be9-44eb-ad90-25d0766fa8c7","Microsoft.Azure.PowerShell.Cmdlets.Migrate.Models.Api202001.IHyperVNetworkAdapter[]","27","4","Windows Server 2019 Standard","windowsguest","10.0.17763","Running","Microsoft.OffAzure/HyperVSites/machines","2025-02-13T15:02:14.6437895Z","C:\ClusterStorage\Volume13\HICP7075\Virtual Machines\66AE2B7B-6BE9-44EB-AD90-25D0766FA8C7.VMCX","HICP7075.olcc.lan","9.0"
"16384",,,,,,,,,,"3D7BD7A2-4B82-487A-B1BB-CD22E8D118A9","2290-8197-3651-3415-9394-0255-58","HICP1326_CLU.olcc.lan","/subscriptions/bc602065-8f71-487b-9fa1-e872b4ce9a79/resourceGroups/rg-dcstratmig-prd-003/providers/Microsoft.OffAzure/HyperVSites/HYPV-AZ-MIGVA24225site/clusters/hicp1326-clu-olcc-lan-dfe304fe-4c9c-4a21-8ab7-565af1ada800","2025-02-11T20:30:24.1085848Z","Microsoft.Azure.PowerShell.Cmdlets.Migrate.Models.Api202001.IHyperVDisk[]","HICU2181C","Microsoft.Azure.PowerShell.Cmdlets.Migrate.Models.Api202001.IHealthErrorDetails[]","UEFI","2","2/13/2025 12:45:36 AM","Microsoft Windows Server 2016 Standard","Windows","10.0.14393","Yes","HICP1326C",,"/subscriptions/bc602065-8f71-487b-9fa1-e872b4ce9a79/resourceGroups/rg-dcstratmig-prd-003/providers/Microsoft.OffAzure/HyperVSites/HYPV-AZ-MIGVA24225site/machines/b709f087-f510-4ca6-8e5f-1161be575469","b709f087-f510-4ca6-8e5f-1161be575469","False","False","False","Cluster","1048576","b709f087-f510-4ca6-8e5f-1161be575469","Microsoft.Azure.PowerShell.Cmdlets.Migrate.Models.Api202001.IHyperVNetworkAdapter[]","22","8","Windows Server 2016 Standard","windowsguest","10.0.14393","Running","Microsoft.OffAzure/HyperVSites/machines","2025-02-13T03:21:45.7735981Z","C:\ClusterStorage\Volume1\HICU2181C\Virtual Machines\B709F087-F510-4CA6-8E5F-1161BE575469.VMCX","HICU2181C.olcc.lan","9.0"
"32768",,,,,,,,,,"EA848475-5BEB-45E2-B035-79AFF7C41133","6286-8051-8848-0186-2506-0167-77","HICP1310_Clu.olcc.lan","/subscriptions/bc602065-8f71-487b-9fa1-e872b4ce9a79/resourceGroups/rg-dcstratmig-prd-003/providers/Microsoft.OffAzure/HyperVSites/HYPV-AZ-MIGVA24225site/clusters/hicp1310-clu-olcc-lan-4fb0bd14-3fa8-4561-ad74-93b04087d47c","2025-02-11T20:30:24.3585611Z","Microsoft.Azure.PowerShell.Cmdlets.Migrate.Models.Api202001.IHyperVDisk[]","HICP1210D","Microsoft.Azure.PowerShell.Cmdlets.Migrate.Models.Api202001.IHealthErrorDetails[]","UEFI","2","2/13/2025 3:19:23 AM","Microsoft Windows Server 2022 Datacenter","Windows","10.0.20348","Yes","HICP1310B",,"/subscriptions/bc602065-8f71-487b-9fa1-e872b4ce9a79/resourceGroups/rg-dcstratmig-prd-003/providers/Microsoft.OffAzure/HyperVSites/HYPV-AZ-MIGVA24225site/machines/b95c92a7-fb04-458d-a0f5-ff6ffcff8323","b95c92a7-fb04-458d-a0f5-ff6ffcff8323","False","False","False","Cluster","1048576","b95c92a7-fb04-458d-a0f5-ff6ffcff8323","Microsoft.Azure.PowerShell.Cmdlets.Migrate.Models.Api202001.IHyperVNetworkAdapter[]","17","10","Windows Server 2022 Datacenter","windowsguest","10.0.20348","Running","Microsoft.OffAzure/HyperVSites/machines","2025-02-13T15:02:14.7687891Z","C:\ClusterStorage\Volume13\HICP1210D\Virtual Machines\B95C92A7-FB04-458D-A0F5-FF6FFCFF8323.VMCX","HICP1210D.olcc.lan","9.0"
"6144",,,,,,,,,,"E969D259-CAB2-4D77-A94C-6D01758F5BCD","5033-1245-8750-4499-6803-3884-37","HICP1310_Clu.olcc.lan","/subscriptions/bc602065-8f71-487b-9fa1-e872b4ce9a79/resourceGroups/rg-dcstratmig-prd-003/providers/Microsoft.OffAzure/HyperVSites/HYPV-AZ-MIGVA24225site/clusters/hicp1310-clu-olcc-lan-4fb0bd14-3fa8-4561-ad74-93b04087d47c","2025-02-11T20:30:24.6085716Z","Microsoft.Azure.PowerShell.Cmdlets.Migrate.Models.Api202001.IHyperVDisk[]","HICP8514A","Microsoft.Azure.PowerShell.Cmdlets.Migrate.Models.Api202001.IHealthErrorDetails[]","UEFI","2","2/13/2025 1:28:32 AM","Microsoft Windows Server 2019 Standard","Windows","10.0.17763","Yes","HICP1319",,"/subscriptions/bc602065-8f71-487b-9fa1-e872b4ce9a79/resourceGroups/rg-dcstratmig-prd-003/providers/Microsoft.OffAzure/HyperVSites/HYPV-AZ-MIGVA24225site/machines/f4f6aee5-85e8-43db-9093-f9bf527b0d33","f4f6aee5-85e8-43db-9093-f9bf527b0d33","False","False","False","Cluster","1048576","f4f6aee5-85e8-43db-9093-f9bf527b0d33","Microsoft.Azure.PowerShell.Cmdlets.Migrate.Models.Api202001.IHyperVNetworkAdapter[]","127","2","Windows Server 2019 Standard","windowsguest","10.0.17763","Running","Microsoft.OffAzure/HyperVSites/machines","2025-02-13T15:02:14.8938124Z","C:\ClusterStorage\Volume14\HICP8514A\Virtual Machines\F4F6AEE5-85E8-43DB-9093-F9BF527B0D33.VMCX","HICP8514A.olcc.lan","9.0"
"6144",,,,,,,,,,"E969D259-CAB2-4D77-A94C-6D01758F5BCD","5033-1245-8750-4499-6803-3884-37","HICP1310_Clu.olcc.lan","/subscriptions/bc602065-8f71-487b-9fa1-e872b4ce9a79/resourceGroups/rg-dcstratmig-prd-003/providers/Microsoft.OffAzure/HyperVSites/HYPV-AZ-MIGVA24225site/clusters/hicp1310-clu-olcc-lan-4fb0bd14-3fa8-4561-ad74-93b04087d47c","2025-02-11T20:30:24.8586037Z","Microsoft.Azure.PowerShell.Cmdlets.Migrate.Models.Api202001.IHyperVDisk[]","HICP8514B","Microsoft.Azure.PowerShell.Cmdlets.Migrate.Models.Api202001.IHealthErrorDetails[]","UEFI","2","2/13/2025 3:19:09 AM","Microsoft Windows Server 2019 Standard","Windows","10.0.17763","Yes","HICP1310",,"/subscriptions/bc602065-8f71-487b-9fa1-e872b4ce9a79/resourceGroups/rg-dcstratmig-prd-003/providers/Microsoft.OffAzure/HyperVSites/HYPV-AZ-MIGVA24225site/machines/54a72b68-38b2-4fe6-a38a-a39e39812e50","54a72b68-38b2-4fe6-a38a-a39e39812e50","False","False","False","Cluster","1048576","54a72b68-38b2-4fe6-a38a-a39e39812e50","Microsoft.Azure.PowerShell.Cmdlets.Migrate.Models.Api202001.IHyperVNetworkAdapter[]","179","2","Windows Server 2019 Standard","windowsguest","10.0.17763","Running","Microsoft.OffAzure/HyperVSites/machines","2025-02-13T15:06:03.1062249Z","C:\ClusterStorage\Volume13\HICP8514B\Virtual Machines\54A72B68-38B2-4FE6-A38A-A39E39812E50.VMCX","HICP8514B.olcc.lan","9.0"
"34816",,,,,,,,,,"C6180D66-1C16-4ADA-A9F1-A0CE17EF3D7D","1414-6384-4166-6642-2355-0762-67","HICP1326_CLU.olcc.lan","/subscriptions/bc602065-8f71-487b-9fa1-e872b4ce9a79/resourceGroups/rg-dcstratmig-prd-003/providers/Microsoft.OffAzure/HyperVSites/HYPV-AZ-MIGVA24225site/clusters/hicp1326-clu-olcc-lan-dfe304fe-4c9c-4a21-8ab7-565af1ada800","2025-02-11T20:30:25.1086034Z","Microsoft.Azure.PowerShell.Cmdlets.Migrate.Models.Api202001.IHyperVDisk[]","HICU3815","Microsoft.Azure.PowerShell.Cmdlets.Migrate.Models.Api202001.IHealthErrorDetails[]","UEFI","2","2/13/2025 3:20:28 AM","Red Hat Enterprise Linux","Linux","8.4","Yes","HICP1326C",,"/subscriptions/bc602065-8f71-487b-9fa1-e872b4ce9a79/resourceGroups/rg-dcstratmig-prd-003/providers/Microsoft.OffAzure/HyperVSites/HYPV-AZ-MIGVA24225site/machines/68d5450a-bde4-42f3-9a8f-8ec165c4c67d","68d5450a-bde4-42f3-9a8f-8ec165c4c67d","False","False","False","Cluster","1048576","68d5450a-bde4-42f3-9a8f-8ec165c4c67d","Microsoft.Azure.PowerShell.Cmdlets.Migrate.Models.Api202001.IHyperVNetworkAdapter[]","76","3","Red Hat Enterprise Linux","linuxguest","4.18.0","Running","Microsoft.OffAzure/HyperVSites/machines","2025-02-13T03:20:28.5751493Z","C:\ClusterStorage\Volume1\HICU3815\Virtual Machines\68D5450A-BDE4-42F3-9A8F-8EC165C4C67D.VMCX","hicu3815.olcc.lan","9.0"
"8192",,,,,,,,,,"64E91532-2FE9-401E-8F7C-E90F4A33DF69","8080-9537-6996-3284-2178-6760-53","HICP1310_Clu.olcc.lan","/subscriptions/bc602065-8f71-487b-9fa1-e872b4ce9a79/resourceGroups/rg-dcstratmig-prd-003/providers/Microsoft.OffAzure/HyperVSites/HYPV-AZ-MIGVA24225site/clusters/hicp1310-clu-olcc-lan-4fb0bd14-3fa8-4561-ad74-93b04087d47c","2025-02-11T20:30:25.3585756Z","Microsoft.Azure.PowerShell.Cmdlets.Migrate.Models.Api202001.IHyperVDisk[]","HICP2010","Microsoft.Azure.PowerShell.Cmdlets.Migrate.Models.Api202001.IHealthErrorDetails[]","UEFI","2","2/13/2025 3:20:16 AM","Microsoft Windows Server 2022 Standard","Windows","10.0.20348","Yes","HICP1310B",,"/subscriptions/bc602065-8f71-487b-9fa1-e872b4ce9a79/resourceGroups/rg-dcstratmig-prd-003/providers/Microsoft.OffAzure/HyperVSites/HYPV-AZ-MIGVA24225site/machines/9e66671a-2d52-4b12-a71c-faf350698a26","9e66671a-2d52-4b12-a71c-faf350698a26","False","False","False","Cluster","1048576","9e66671a-2d52-4b12-a71c-faf350698a26","Microsoft.Azure.PowerShell.Cmdlets.Migrate.Models.Api202001.IHyperVNetworkAdapter[]","22","8","Windows Server 2022 Standard","windowsguest","10.0.20348","Running","Microsoft.OffAzure/HyperVSites/machines","2025-02-13T15:06:03.2312703Z","C:\ClusterStorage\Volume3\HICP2010-1\Virtual Machines\9E66671A-2D52-4B12-A71C-FAF350698A26.VMCX","HICP2010.olcc.lan","9.0"
"4096",,,,,,,,,,"CE51AF10-70A0-4137-B0DC-0D59C84B96C1","4238-2514-6740-4163-2198-4633-36","HICP1310_Clu.olcc.lan","/subscriptions/bc602065-8f71-487b-9fa1-e872b4ce9a79/resourceGroups/rg-dcstratmig-prd-003/providers/Microsoft.OffAzure/HyperVSites/HYPV-AZ-MIGVA24225site/clusters/hicp1310-clu-olcc-lan-4fb0bd14-3fa8-4561-ad74-93b04087d47c","2025-02-11T20:30:25.6241673Z","Microsoft.Azure.PowerShell.Cmdlets.Migrate.Models.Api202001.IHyperVDisk[]","HICP2002","Microsoft.Azure.PowerShell.Cmdlets.Migrate.Models.Api202001.IHealthErrorDetails[]","BIOS","1",,,,,"Yes","HICP1319",,"/subscriptions/bc602065-8f71-487b-9fa1-e872b4ce9a79/resourceGroups/rg-dcstratmig-prd-003/providers/Microsoft.OffAzure/HyperVSites/HYPV-AZ-MIGVA24225site/machines/30faf464-a960-47fb-99df-71e06279a0fb","30faf464-a960-47fb-99df-71e06279a0fb","False","False","True","Cluster","65536","30faf464-a960-47fb-99df-71e06279a0fb","Microsoft.Azure.PowerShell.Cmdlets.Migrate.Models.Api202001.IHyperVNetworkAdapter[]","-1","2",,"otherguestfamily",,"Running","Microsoft.OffAzure/HyperVSites/machines","2025-02-13T03:22:16.0760250Z","C:\ClusterStorage\Volume13\HICP2002\Virtual Machines\30FAF464-A960-47FB-99DF-71E06279A0FB.VMCX","","9.0"
"8192",,,,,,,,,,"7B0503A4-A773-419B-AB90-83D9D29B1A45","8918-0169-7165-0267-8908-7828-31","HICP1310_Clu.olcc.lan","/subscriptions/bc602065-8f71-487b-9fa1-e872b4ce9a79/resourceGroups/rg-dcstratmig-prd-003/providers/Microsoft.OffAzure/HyperVSites/HYPV-AZ-MIGVA24225site/clusters/hicp1310-clu-olcc-lan-4fb0bd14-3fa8-4561-ad74-93b04087d47c","2025-02-11T20:30:25.8742072Z","Microsoft.Azure.PowerShell.Cmdlets.Migrate.Models.Api202001.IHyperVDisk[]","DC01-StdRootCA","Microsoft.Azure.PowerShell.Cmdlets.Migrate.Models.Api202001.IHealthErrorDetails[]","BIOS","1",,,,,"Yes","HICP1313",,"/subscriptions/bc602065-8f71-487b-9fa1-e872b4ce9a79/resourceGroups/rg-dcstratmig-prd-003/providers/Microsoft.OffAzure/HyperVSites/HYPV-AZ-MIGVA24225site/machines/98ca24da-22f9-4d3d-aa30-d1b068d73432","98ca24da-22f9-4d3d-aa30-d1b068d73432","False","False","True","Cluster","65536","98ca24da-22f9-4d3d-aa30-d1b068d73432","Microsoft.Azure.PowerShell.Cmdlets.Migrate.Models.Api202001.IHyperVNetworkAdapter[]","-1","4",,"otherguestfamily",,"PowerOff","Microsoft.OffAzure/HyperVSites/machines","2025-02-13T03:21:37.0077819Z","C:\ClusterStorage\Volume14\DC01-StdRootCA\Virtual Machines\98CA24DA-22F9-4D3D-AA30-D1B068D73432.VMCX","","9.0"
"16384",,,,,,,,,,"8043ADAE-8552-40DA-B859-D68F4B284FF3","5398-4220-4785-3644-3142-9451-29","HICP1326_CLU.olcc.lan","/subscriptions/bc602065-8f71-487b-9fa1-e872b4ce9a79/resourceGroups/rg-dcstratmig-prd-003/providers/Microsoft.OffAzure/HyperVSites/HYPV-AZ-MIGVA24225site/clusters/hicp1326-clu-olcc-lan-dfe304fe-4c9c-4a21-8ab7-565af1ada800","2025-02-11T20:30:26.1242138Z","Microsoft.Azure.PowerShell.Cmdlets.Migrate.Models.Api202001.IHyperVDisk[]","FLOLVSQLQA09","Microsoft.Azure.PowerShell.Cmdlets.Migrate.Models.Api202001.IHealthErrorDetails[]","UEFI","2","2/13/2025 3:19:24 AM","Microsoft Windows Server 2012 R2 Standard","Windows","6.3.9600","Yes","HICP1326B",,"/subscriptions/bc602065-8f71-487b-9fa1-e872b4ce9a79/resourceGroups/rg-dcstratmig-prd-003/providers/Microsoft.OffAzure/HyperVSites/HYPV-AZ-MIGVA24225site/machines/74d68a88-72fe-48e6-bd67-cf576ea2002c","74d68a88-72fe-48e6-bd67-cf576ea2002c","False","False","False","Cluster","1048576","74d68a88-72fe-48e6-bd67-cf576ea2002c","Microsoft.Azure.PowerShell.Cmdlets.Migrate.Models.Api202001.IHyperVNetworkAdapter[]","88","2","Windows Server 2012 R2 Standard","windowsguest","6.3.9600","Running","Microsoft.OffAzure/HyperVSites/machines","2025-02-13T03:22:42.4369350Z","C:\ClusterStorage\Volume1\Hyper-V Replica\Virtual Machines\74D68A88-72FE-48E6-BD67-CF576EA2002C.VMCX","FLOLVSQLQA09.olcc.lan","9.0"
"16384",,,,,,,,,,"235EAD39-3B4A-486C-B0ED-C92B4B17821D","4060-4866-7681-2955-7518-6037-07","HICP1310_Clu.olcc.lan","/subscriptions/bc602065-8f71-487b-9fa1-e872b4ce9a79/resourceGroups/rg-dcstratmig-prd-003/providers/Microsoft.OffAzure/HyperVSites/HYPV-AZ-MIGVA24225site/clusters/hicp1310-clu-olcc-lan-4fb0bd14-3fa8-4561-ad74-93b04087d47c","2025-02-11T20:30:26.3742404Z","Microsoft.Azure.PowerShell.Cmdlets.Migrate.Models.Api202001.IHyperVDisk[]","HICP7700","Microsoft.Azure.PowerShell.Cmdlets.Migrate.Models.Api202001.IHealthErrorDetails[]","BIOS","1","2/13/2025 3:20:21 AM","Microsoft Windows Server 2019 Standard","Windows","10.0.17763","Yes","HICP1311",,"/subscriptions/bc602065-8f71-487b-9fa1-e872b4ce9a79/resourceGroups/rg-dcstratmig-prd-003/providers/Microsoft.OffAzure/HyperVSites/HYPV-AZ-MIGVA24225site/machines/7bdd6297-ad57-4cab-b0f7-ecd223d55ffd","7bdd6297-ad57-4cab-b0f7-ecd223d55ffd","False","False","False","Cluster","65536","7bdd6297-ad57-4cab-b0f7-ecd223d55ffd","Microsoft.Azure.PowerShell.Cmdlets.Migrate.Models.Api202001.IHyperVNetworkAdapter[]","68","6","Windows Server 2019 Standard","windowsguest","10.0.17763","Running","Microsoft.OffAzure/HyperVSites/machines","2025-02-13T03:22:03.0651362Z","C:\ClusterStorage\Volume14\HICP7700\Virtual Machines\7BDD6297-AD57-4CAB-B0F7-ECD223D55FFD.VMCX","HICP7700.olcc.lan","9.0"
"32768",,,,,,,,,,"05A57EF3-5199-40E9-B80E-EB75B1344432","7594-9072-7131-5203-2236-0127-67","HICP1310_Clu.olcc.lan","/subscriptions/bc602065-8f71-487b-9fa1-e872b4ce9a79/resourceGroups/rg-dcstratmig-prd-003/providers/Microsoft.OffAzure/HyperVSites/HYPV-AZ-MIGVA24225site/clusters/hicp1310-clu-olcc-lan-4fb0bd14-3fa8-4561-ad74-93b04087d47c","2025-02-11T20:30:26.6242233Z","Microsoft.Azure.PowerShell.Cmdlets.Migrate.Models.Api202001.IHyperVDisk[]","HICP2441","Microsoft.Azure.PowerShell.Cmdlets.Migrate.Models.Api202001.IHealthErrorDetails[]","UEFI","2","2/13/2025 3:19:52 AM","Microsoft Windows Server 2022 Standard","Windows","10.0.20348","Yes","HICP1312",,"/subscriptions/bc602065-8f71-487b-9fa1-e872b4ce9a79/resourceGroups/rg-dcstratmig-prd-003/providers/Microsoft.OffAzure/HyperVSites/HYPV-AZ-MIGVA24225site/machines/d6274be5-7c34-4f28-a0d3-5916b1fa7809","d6274be5-7c34-4f28-a0d3-5916b1fa7809","False","False","False","Cluster","1048576","d6274be5-7c34-4f28-a0d3-5916b1fa7809","Microsoft.Azure.PowerShell.Cmdlets.Migrate.Models.Api202001.IHyperVNetworkAdapter[]","4","4","Windows Server 2022 Standard","windowsguest","10.0.20348","Running","Microsoft.OffAzure/HyperVSites/machines","2025-02-13T03:19:52.7032676Z","C:\ClusterStorage\Volume14\HICP2441\Virtual Machines\D6274BE5-7C34-4F28-A0D3-5916B1FA7809.VMCX","HICP2441.olcc.lan","9.0"
"4096",,,,,,,,,,"FB5AB6B1-0149-4CE5-A9E7-756FEE278423","6934-7129-7483-9589-0718-5872-82","HICP1323_CLU.olcc.lan","/subscriptions/bc602065-8f71-487b-9fa1-e872b4ce9a79/resourceGroups/rg-dcstratmig-prd-003/providers/Microsoft.OffAzure/HyperVSites/HYPV-AZ-MIGVA24225site/clusters/hicp1323-clu-olcc-lan-fe5137bc-e3d8-415b-9d54-c2debea3ef5d","2025-02-11T20:30:26.8742085Z","Microsoft.Azure.PowerShell.Cmdlets.Migrate.Models.Api202001.IHyperVDisk[]","HICP3701","Microsoft.Azure.PowerShell.Cmdlets.Migrate.Models.Api202001.IHealthErrorDetails[]","UEFI","2",,,,,"Yes","HICP1323A",,"/subscriptions/bc602065-8f71-487b-9fa1-e872b4ce9a79/resourceGroups/rg-dcstratmig-prd-003/providers/Microsoft.OffAzure/HyperVSites/HYPV-AZ-MIGVA24225site/machines/6c702e4d-df52-4259-a263-916c62d3f8a8","6c702e4d-df52-4259-a263-916c62d3f8a8","False","False","True","Cluster","1048576","6c702e4d-df52-4259-a263-916c62d3f8a8","Microsoft.Azure.PowerShell.Cmdlets.Migrate.Models.Api202001.IHyperVNetworkAdapter[]","-1","2","Rocky Linux","linuxguest","5.14.0","Running","Microsoft.OffAzure/HyperVSites/machines","2025-02-13T03:47:02.6258368Z","C:\ClusterStorage\Volume2\HICP3504-1\Virtual Machines\6C702E4D-DF52-4259-A263-916C62D3F8A8.VMCX","hicp3701.orangelake.com","9.0"
"4096",,,,,,,,,,"28F5F597-EAFA-4BB9-8D58-DE06AA0216D9","4932-6270-2175-0405-4252-6210-64","HICP1310_Clu.olcc.lan","/subscriptions/bc602065-8f71-487b-9fa1-e872b4ce9a79/resourceGroups/rg-dcstratmig-prd-003/providers/Microsoft.OffAzure/HyperVSites/HYPV-AZ-MIGVA24225site/clusters/hicp1310-clu-olcc-lan-4fb0bd14-3fa8-4561-ad74-93b04087d47c","2025-02-11T20:30:27.1274204Z","Microsoft.Azure.PowerShell.Cmdlets.Migrate.Models.Api202001.IHyperVDisk[]","HICP3510","Microsoft.Azure.PowerShell.Cmdlets.Migrate.Models.Api202001.IHealthErrorDetails[]","UEFI","2",,,,,"Yes","HICP1310",,"/subscriptions/bc602065-8f71-487b-9fa1-e872b4ce9a79/resourceGroups/rg-dcstratmig-prd-003/providers/Microsoft.OffAzure/HyperVSites/HYPV-AZ-MIGVA24225site/machines/0def0f88-6abf-4d92-b71b-44ee1d31acec","0def0f88-6abf-4d92-b71b-44ee1d31acec","False","False","True","Cluster","1048576","0def0f88-6abf-4d92-b71b-44ee1d31acec","Microsoft.Azure.PowerShell.Cmdlets.Migrate.Models.Api202001.IHyperVNetworkAdapter[]","-1","2","Red Hat Enterprise Linux","linuxguest","4.18.0","Running","Microsoft.OffAzure/HyperVSites/machines","2025-02-13T03:21:46.0236336Z","C:\ClusterStorage\Volume3\HICP3510\Virtual Machines\0DEF0F88-6ABF-4D92-B71B-44EE1D31ACEC.VMCX","hicp3510","9.0"
"8192",,,,,,,,,,"E93B5C02-4875-4567-A86B-F467AE557FCB","2526-4449-8197-3433-7091-9067-14","HICP1326_CLU.olcc.lan","/subscriptions/bc602065-8f71-487b-9fa1-e872b4ce9a79/resourceGroups/rg-dcstratmig-prd-003/providers/Microsoft.OffAzure/HyperVSites/HYPV-AZ-MIGVA24225site/clusters/hicp1326-clu-olcc-lan-dfe304fe-4c9c-4a21-8ab7-565af1ada800","2025-02-11T20:30:27.3774179Z","Microsoft.Azure.PowerShell.Cmdlets.Migrate.Models.Api202001.IHyperVDisk[]","HICU2226F","Microsoft.Azure.PowerShell.Cmdlets.Migrate.Models.Api202001.IHealthErrorDetails[]","UEFI","2","2/13/2025 3:19:59 AM","Microsoft Windows Server 2019 Standard","Windows","10.0.17763","Yes","HICP1326C",,"/subscriptions/bc602065-8f71-487b-9fa1-e872b4ce9a79/resourceGroups/rg-dcstratmig-prd-003/providers/Microsoft.OffAzure/HyperVSites/HYPV-AZ-MIGVA24225site/machines/a6d00446-3239-4d31-b244-0821ea38faed","a6d00446-3239-4d31-b244-0821ea38faed","False","False","False","Cluster","1048576","a6d00446-3239-4d31-b244-0821ea38faed","Microsoft.Azure.PowerShell.Cmdlets.Migrate.Models.Api202001.IHyperVNetworkAdapter[]","5","4","Windows Server 2019 Standard","windowsguest","10.0.17763","Running","Microsoft.OffAzure/HyperVSites/machines","2025-02-13T15:06:03.3406456Z","C:\ClusterStorage\Volume2\HICU2226F\Virtual Machines\A6D00446-3239-4D31-B244-0821EA38FAED.VMCX","HICU2226F.olcc.lan","9.0"
"8192",,,,,,,,,,"304373A8-8C47-4DFA-A3D4-180579AD7463","9547-8988-3701-5618-1732-9357-67","HICP1310_Clu.olcc.lan","/subscriptions/bc602065-8f71-487b-9fa1-e872b4ce9a79/resourceGroups/rg-dcstratmig-prd-003/providers/Microsoft.OffAzure/HyperVSites/HYPV-AZ-MIGVA24225site/clusters/hicp1310-clu-olcc-lan-4fb0bd14-3fa8-4561-ad74-93b04087d47c","2025-02-11T20:30:27.6274248Z","Microsoft.Azure.PowerShell.Cmdlets.Migrate.Models.Api202001.IHyperVDisk[]","HICP7043","Microsoft.Azure.PowerShell.Cmdlets.Migrate.Models.Api202001.IHealthErrorDetails[]","BIOS","1",,,,,"Yes","HICP1315",,"/subscriptions/bc602065-8f71-487b-9fa1-e872b4ce9a79/resourceGroups/rg-dcstratmig-prd-003/providers/Microsoft.OffAzure/HyperVSites/HYPV-AZ-MIGVA24225site/machines/a340ce2e-0800-4418-8591-ed34d8da17ec","a340ce2e-0800-4418-8591-ed34d8da17ec","False","False","True","Cluster","65536","a340ce2e-0800-4418-8591-ed34d8da17ec","Microsoft.Azure.PowerShell.Cmdlets.Migrate.Models.Api202001.IHyperVNetworkAdapter[]","-1","4",,"otherguestfamily",,"Running","Microsoft.OffAzure/HyperVSites/machines","2025-02-13T03:22:16.8104413Z","C:\ClusterStorage\Volume11\HICP7043\Virtual Machines\A340CE2E-0800-4418-8591-ED34D8DA17EC.VMCX","","9.0"
"4096",,,,,,,,,,"242B92DF-1F37-46D5-B8D5-C11850A31407","9889-1906-9623-5360-4076-9187-97","HICP1310_Clu.olcc.lan","/subscriptions/bc602065-8f71-487b-9fa1-e872b4ce9a79/resourceGroups/rg-dcstratmig-prd-003/providers/Microsoft.OffAzure/HyperVSites/HYPV-AZ-MIGVA24225site/clusters/hicp1310-clu-olcc-lan-4fb0bd14-3fa8-4561-ad74-93b04087d47c","2025-02-11T20:30:27.8774558Z","Microsoft.Azure.PowerShell.Cmdlets.Migrate.Models.Api202001.IHyperVDisk[]","DC01-KMS01-SVR","Microsoft.Azure.PowerShell.Cmdlets.Migrate.Models.Api202001.IHealthErrorDetails[]","BIOS","1","2/13/2025 3:20:00 AM","Microsoft Windows Server 2012 R2 Standard","Windows","6.3.9600","Yes","HICP1319",,"/subscriptions/bc602065-8f71-487b-9fa1-e872b4ce9a79/resourceGroups/rg-dcstratmig-prd-003/providers/Microsoft.OffAzure/HyperVSites/HYPV-AZ-MIGVA24225site/machines/98bf3eb8-6493-457c-876d-1aeb3fff4865","98bf3eb8-6493-457c-876d-1aeb3fff4865","False","False","False","Cluster","65536","98bf3eb8-6493-457c-876d-1aeb3fff4865","Microsoft.Azure.PowerShell.Cmdlets.Migrate.Models.Api202001.IHyperVNetworkAdapter[]","57","2","Windows Server 2012 R2 Standard","windowsguest","6.3.9600","Running","Microsoft.OffAzure/HyperVSites/machines","2025-02-13T03:21:41.0235861Z","C:\ClusterStorage\Volume12\DC01-KMS01-SVR\Virtual Machines\98BF3EB8-6493-457C-876D-1AEB3FFF4865.VMCX","DC01-KMS01-SVR.olcc.lan","9.0"
"4096",,,,,,,,,,"EF67D8C8-DDAD-4C73-B25E-27A9B3A70082","0618-9278-0600-2971-7298-6322-89","HICP1310_Clu.olcc.lan","/subscriptions/bc602065-8f71-487b-9fa1-e872b4ce9a79/resourceGroups/rg-dcstratmig-prd-003/providers/Microsoft.OffAzure/HyperVSites/HYPV-AZ-MIGVA24225site/clusters/hicp1310-clu-olcc-lan-4fb0bd14-3fa8-4561-ad74-93b04087d47c","2025-02-11T20:30:28.1274303Z","Microsoft.Azure.PowerShell.Cmdlets.Migrate.Models.Api202001.IHyperVDisk[]","HICP2120","Microsoft.Azure.PowerShell.Cmdlets.Migrate.Models.Api202001.IHealthErrorDetails[]","UEFI","2","2/13/2025 3:19:14 AM","Microsoft Windows Server 2019 Standard","Windows","10.0.17763","Yes","HICP1319",,"/subscriptions/bc602065-8f71-487b-9fa1-e872b4ce9a79/resourceGroups/rg-dcstratmig-prd-003/providers/Microsoft.OffAzure/HyperVSites/HYPV-AZ-MIGVA24225site/machines/7c499462-ff29-4575-ac60-da3a511b42e7","7c499462-ff29-4575-ac60-da3a511b42e7","False","False","False","Cluster","1048576","7c499462-ff29-4575-ac60-da3a511b42e7","Microsoft.Azure.PowerShell.Cmdlets.Migrate.Models.Api202001.IHyperVNetworkAdapter[]","22","2","Windows Server 2019 Standard","windowsguest","10.0.17763","Running","Microsoft.OffAzure/HyperVSites/machines","2025-02-13T15:06:03.4812299Z","C:\ClusterStorage\Volume3\HICP2120-2\Virtual Machines\7C499462-FF29-4575-AC60-DA3A511B42E7.VMCX","HICP2120.olcc.lan","9.0"
"4096",,,,,,,,,,"49A3B013-CC1E-4924-B956-9FC0890CCE8C","3865-5234-2176-5985-7063-4842-10","HICP1310_Clu.olcc.lan","/subscriptions/bc602065-8f71-487b-9fa1-e872b4ce9a79/resourceGroups/rg-dcstratmig-prd-003/providers/Microsoft.OffAzure/HyperVSites/HYPV-AZ-MIGVA24225site/clusters/hicp1310-clu-olcc-lan-4fb0bd14-3fa8-4561-ad74-93b04087d47c","2025-02-11T20:30:28.3774244Z","Microsoft.Azure.PowerShell.Cmdlets.Migrate.Models.Api202001.IHyperVDisk[]","HICP8520","Microsoft.Azure.PowerShell.Cmdlets.Migrate.Models.Api202001.IHealthErrorDetails[]","UEFI","2","2/13/2025 3:19:54 AM","Microsoft Windows Server 2019 Standard","Windows","10.0.17763","Yes","HICP1319",,"/subscriptions/bc602065-8f71-487b-9fa1-e872b4ce9a79/resourceGroups/rg-dcstratmig-prd-003/providers/Microsoft.OffAzure/HyperVSites/HYPV-AZ-MIGVA24225site/machines/1b0284e3-b51c-4553-909c-102de5ec614e","1b0284e3-b51c-4553-909c-102de5ec614e","False","False","False","Cluster","1048576","1b0284e3-b51c-4553-909c-102de5ec614e","Microsoft.Azure.PowerShell.Cmdlets.Migrate.Models.Api202001.IHyperVNetworkAdapter[]","14","2","Windows Server 2019 Standard","windowsguest","10.0.17763","Running","Microsoft.OffAzure/HyperVSites/machines","2025-02-13T15:06:03.6062340Z","C:\ClusterStorage\Volume3\HICP8520\Virtual Machines\1B0284E3-B51C-4553-909C-102DE5EC614E.VMCX","HICP8520.olcc.lan","9.0"
"24576",,,,,,,,,,"393F37A0-D0BF-4E78-992E-5C768C466D83","8802-8527-6929-5853-2777-2331-19","HICP1310_Clu.olcc.lan","/subscriptions/bc602065-8f71-487b-9fa1-e872b4ce9a79/resourceGroups/rg-dcstratmig-prd-003/providers/Microsoft.OffAzure/HyperVSites/HYPV-AZ-MIGVA24225site/clusters/hicp1310-clu-olcc-lan-4fb0bd14-3fa8-4561-ad74-93b04087d47c","2025-02-11T20:30:28.6274408Z","Microsoft.Azure.PowerShell.Cmdlets.Migrate.Models.Api202001.IHyperVDisk[]","HICP3821","Microsoft.Azure.PowerShell.Cmdlets.Migrate.Models.Api202001.IHealthErrorDetails[]","UEFI","2","2/13/2025 3:19:15 AM","Red Hat Enterprise Linux","Linux","8.2","Yes","HICP1314",,"/subscriptions/bc602065-8f71-487b-9fa1-e872b4ce9a79/resourceGroups/rg-dcstratmig-prd-003/providers/Microsoft.OffAzure/HyperVSites/HYPV-AZ-MIGVA24225site/machines/f5e4e425-2177-4bf4-af76-e87dcda42cb1","f5e4e425-2177-4bf4-af76-e87dcda42cb1","False","False","False","Cluster","1048576","f5e4e425-2177-4bf4-af76-e87dcda42cb1","Microsoft.Azure.PowerShell.Cmdlets.Migrate.Models.Api202001.IHyperVNetworkAdapter[]","62","6","Red Hat Enterprise Linux","linuxguest","4.18.0","Running","Microsoft.OffAzure/HyperVSites/machines","2025-02-13T03:19:15.3579756Z","C:\ClusterStorage\Volume11\HICP3821\Virtual Machines\F5E4E425-2177-4BF4-AF76-E87DCDA42CB1.VMCX","HICP3821.olcc.lan","9.0"
"8192",,,,,,,,,,"A77820C8-1511-490E-A267-10723A5E7FFE","9049-7680-2351-8802-8178-4131-58","HICP1326_CLU.olcc.lan","/subscriptions/bc602065-8f71-487b-9fa1-e872b4ce9a79/resourceGroups/rg-dcstratmig-prd-003/providers/Microsoft.OffAzure/HyperVSites/HYPV-AZ-MIGVA24225site/clusters/hicp1326-clu-olcc-lan-dfe304fe-4c9c-4a21-8ab7-565af1ada800","2025-02-11T20:30:28.8774432Z","Microsoft.Azure.PowerShell.Cmdlets.Migrate.Models.Api202001.IHyperVDisk[]","HICU2226E","Microsoft.Azure.PowerShell.Cmdlets.Migrate.Models.Api202001.IHealthErrorDetails[]","UEFI","2","2/13/2025 3:21:17 AM","Microsoft Windows Server 2019 Standard","Windows","10.0.17763","Yes","HICP1326A",,"/subscriptions/bc602065-8f71-487b-9fa1-e872b4ce9a79/resourceGroups/rg-dcstratmig-prd-003/providers/Microsoft.OffAzure/HyperVSites/HYPV-AZ-MIGVA24225site/machines/22f98494-2ea5-41ee-a12e-56a571f3fe5f","22f98494-2ea5-41ee-a12e-56a571f3fe5f","False","False","False","Cluster","1048576","22f98494-2ea5-41ee-a12e-56a571f3fe5f","Microsoft.Azure.PowerShell.Cmdlets.Migrate.Models.Api202001.IHyperVNetworkAdapter[]","5","4","Windows Server 2019 Standard","windowsguest","10.0.17763","Running","Microsoft.OffAzure/HyperVSites/machines","2025-02-13T15:06:03.7312436Z","C:\ClusterStorage\Volume2\HICU2226E\Virtual Machines\22F98494-2EA5-41EE-A12E-56A571F3FE5F.VMCX","HICU2226E.olcc.lan","9.0"
"4096",,,,,,,,,,"FD305715-0A5C-431F-BA2D-63AA4BA7A66E","5592-7223-1873-3444-2431-8500-67","HICP1326_CLU.olcc.lan","/subscriptions/bc602065-8f71-487b-9fa1-e872b4ce9a79/resourceGroups/rg-dcstratmig-prd-003/providers/Microsoft.OffAzure/HyperVSites/HYPV-AZ-MIGVA24225site/clusters/hicp1326-clu-olcc-lan-dfe304fe-4c9c-4a21-8ab7-565af1ada800","2025-02-11T20:30:29.1274010Z","Microsoft.Azure.PowerShell.Cmdlets.Migrate.Models.Api202001.IHyperVDisk[]","NP03-APP01-SHR","Microsoft.Azure.PowerShell.Cmdlets.Migrate.Models.Api202001.IHealthErrorDetails[]","BIOS","1","2/13/2025 2:36:59 AM","Microsoft Windows Server 2019 Standard","Windows","10.0.17763","Yes","HICP1326A",,"/subscriptions/bc602065-8f71-487b-9fa1-e872b4ce9a79/resourceGroups/rg-dcstratmig-prd-003/providers/Microsoft.OffAzure/HyperVSites/HYPV-AZ-MIGVA24225site/machines/5233119f-4ed9-4a68-9136-b3fc0016f169","5233119f-4ed9-4a68-9136-b3fc0016f169","False","False","False","Cluster","65536","5233119f-4ed9-4a68-9136-b3fc0016f169","Microsoft.Azure.PowerShell.Cmdlets.Migrate.Models.Api202001.IHyperVNetworkAdapter[]","47","1","Windows Server 2019 Standard","windowsguest","10.0.17763","Running","Microsoft.OffAzure/HyperVSites/machines","2025-02-13T15:06:18.2485352Z","C:\ClusterStorage\Volume1\NP03-APP01-SHR\Virtual Machines\5233119F-4ED9-4A68-9136-B3FC0016F169.VMCX","NP03-APP01-SHR.olcc.lan","9.0"
"4096",,,,,,,,,,"78FC5F4D-73FE-49CF-A762-C1EDBC3DF03E","5843-8077-5055-7043-5636-0419-75","HICP1310_Clu.olcc.lan","/subscriptions/bc602065-8f71-487b-9fa1-e872b4ce9a79/resourceGroups/rg-dcstratmig-prd-003/providers/Microsoft.OffAzure/HyperVSites/HYPV-AZ-MIGVA24225site/clusters/hicp1310-clu-olcc-lan-4fb0bd14-3fa8-4561-ad74-93b04087d47c","2025-02-11T20:30:29.3930195Z","Microsoft.Azure.PowerShell.Cmdlets.Migrate.Models.Api202001.IHyperVDisk[]","HICP2343A","Microsoft.Azure.PowerShell.Cmdlets.Migrate.Models.Api202001.IHealthErrorDetails[]","UEFI","2","2/13/2025 3:20:07 AM","Microsoft Windows Server 2022 Standard","Windows","10.0.20348","Yes","HICP1319",,"/subscriptions/bc602065-8f71-487b-9fa1-e872b4ce9a79/resourceGroups/rg-dcstratmig-prd-003/providers/Microsoft.OffAzure/HyperVSites/HYPV-AZ-MIGVA24225site/machines/a77ea11e-1fb6-4dba-a0a4-6425ebc35540","a77ea11e-1fb6-4dba-a0a4-6425ebc35540","False","False","False","Cluster","1048576","a77ea11e-1fb6-4dba-a0a4-6425ebc35540","Microsoft.Azure.PowerShell.Cmdlets.Migrate.Models.Api202001.IHyperVNetworkAdapter[]","7","2","Windows Server 2022 Standard","windowsguest","10.0.20348","Running","Microsoft.OffAzure/HyperVSites/machines","2025-02-13T03:21:52.0236954Z","C:\ClusterStorage\Volume11\HICP2343A\Virtual Machines\A77EA11E-1FB6-4DBA-A0A4-6425EBC35540.VMCX","HICP2343A.olcc.lan","9.0"
"4096",,,,,,,,,,"76E8BF09-D4AE-4772-AE2A-FFDC0ED2322E","6835-9789-1232-9367-9660-2617-87","HICP1326_CLU.olcc.lan","/subscriptions/bc602065-8f71-487b-9fa1-e872b4ce9a79/resourceGroups/rg-dcstratmig-prd-003/providers/Microsoft.OffAzure/HyperVSites/HYPV-AZ-MIGVA24225site/clusters/hicp1326-clu-olcc-lan-dfe304fe-4c9c-4a21-8ab7-565af1ada800","2025-02-11T20:30:29.6274247Z","Microsoft.Azure.PowerShell.Cmdlets.Migrate.Models.Api202001.IHyperVDisk[]","FLOLVAPPSTG","Microsoft.Azure.PowerShell.Cmdlets.Migrate.Models.Api202001.IHealthErrorDetails[]","BIOS","1","2/13/2025 3:21:24 AM","Microsoft Windows Server 2019 Standard","Windows","10.0.17763","Yes","HICP1326B",,"/subscriptions/bc602065-8f71-487b-9fa1-e872b4ce9a79/resourceGroups/rg-dcstratmig-prd-003/providers/Microsoft.OffAzure/HyperVSites/HYPV-AZ-MIGVA24225site/machines/24d5a230-d9a1-47a1-af2b-eeceea04f349","24d5a230-d9a1-47a1-af2b-eeceea04f349","False","False","False","Cluster","65536","24d5a230-d9a1-47a1-af2b-eeceea04f349","Microsoft.Azure.PowerShell.Cmdlets.Migrate.Models.Api202001.IHyperVNetworkAdapter[]","42","2","Windows Server 2019 Standard","windowsguest","10.0.17763","Running","Microsoft.OffAzure/HyperVSites/machines","2025-02-13T15:06:03.8562318Z","C:\ClusterStorage\Volume1\FLOLVAPPSTG\Virtual Machines\24D5A230-D9A1-47A1-AF2B-EECEEA04F349.VMCX","FLOLVAPPSTG.olcc.lan","9.0"
"8192",,,,,,,,,,"D5A836D4-416F-4B34-8ADE-7A0F92A89B58","1688-6719-4519-5946-8143-3592-03","HICP1300_CLU.olcc.lan","/subscriptions/bc602065-8f71-487b-9fa1-e872b4ce9a79/resourceGroups/rg-dcstratmig-prd-003/providers/Microsoft.OffAzure/HyperVSites/HYPV-AZ-MIGVA24225site/clusters/hicp1300-clu-olcc-lan-716a4cd7-b6bf-44a4-8728-f1576ad575ee","2025-02-11T20:30:29.8774251Z","Microsoft.Azure.PowerShell.Cmdlets.Migrate.Models.Api202001.IHyperVDisk[]","HICP1205B","Microsoft.Azure.PowerShell.Cmdlets.Migrate.Models.Api202001.IHealthErrorDetails[]","UEFI","2","2/13/2025 3:19:16 AM","Microsoft Windows Server 2019 Datacenter","Windows","10.0.17763","Yes","HICP1300A",,"/subscriptions/bc602065-8f71-487b-9fa1-e872b4ce9a79/resourceGroups/rg-dcstratmig-prd-003/providers/Microsoft.OffAzure/HyperVSites/HYPV-AZ-MIGVA24225site/machines/04c1388b-c89e-4821-9760-e97ef58c1510","04c1388b-c89e-4821-9760-e97ef58c1510","False","False","False","Cluster","1048576","04c1388b-c89e-4821-9760-e97ef58c1510","Microsoft.Azure.PowerShell.Cmdlets.Migrate.Models.Api202001.IHyperVNetworkAdapter[]","28","4","Windows Server 2019 Datacenter","windowsguest","10.0.17763","Running","Microsoft.OffAzure/HyperVSites/machines","2025-02-13T15:06:03.9812764Z","C:\ClusterStorage\Volume11\HICP1205B\Virtual Machines\04C1388B-C89E-4821-9760-E97EF58C1510.VMCX","HICP1205B.olcc.lan","9.0"
"4096",,,,,,,,,,"B02E1522-3C4F-4FD7-87E4-CB2B2E794C56","2287-6785-3487-6471-8361-5505-20","HICP1310_Clu.olcc.lan","/subscriptions/bc602065-8f71-487b-9fa1-e872b4ce9a79/resourceGroups/rg-dcstratmig-prd-003/providers/Microsoft.OffAzure/HyperVSites/HYPV-AZ-MIGVA24225site/clusters/hicp1310-clu-olcc-lan-4fb0bd14-3fa8-4561-ad74-93b04087d47c","2025-02-11T20:30:30.1274354Z","Microsoft.Azure.PowerShell.Cmdlets.Migrate.Models.Api202001.IHyperVDisk[]","HICP8526B","Microsoft.Azure.PowerShell.Cmdlets.Migrate.Models.Api202001.IHealthErrorDetails[]","UEFI","2","2/13/2025 3:21:01 AM","Microsoft Windows Server 2019 Standard","Windows","10.0.17763","Yes","HICP1310",,"/subscriptions/bc602065-8f71-487b-9fa1-e872b4ce9a79/resourceGroups/rg-dcstratmig-prd-003/providers/Microsoft.OffAzure/HyperVSites/HYPV-AZ-MIGVA24225site/machines/06b17962-2523-451c-87fd-424d19550a64","06b17962-2523-451c-87fd-424d19550a64","False","False","False","Cluster","1048576","06b17962-2523-451c-87fd-424d19550a64","Microsoft.Azure.PowerShell.Cmdlets.Migrate.Models.Api202001.IHyperVNetworkAdapter[]","108","2","Windows Server 2019 Standard","windowsguest","10.0.17763","Running","Microsoft.OffAzure/HyperVSites/machines","2025-02-13T15:06:04.0906343Z","C:\ClusterStorage\Volume2\HICP8526B\Virtual Machines\06B17962-2523-451C-87FD-424D19550A64.VMCX","HICP8526B.olcc.lan","9.0"
"34816",,,,,,,,,,"C6180D66-1C16-4ADA-A9F1-A0CE17EF3D7D","1414-6384-4166-6642-2355-0762-67","HICP1326_CLU.olcc.lan","/subscriptions/bc602065-8f71-487b-9fa1-e872b4ce9a79/resourceGroups/rg-dcstratmig-prd-003/providers/Microsoft.OffAzure/HyperVSites/HYPV-AZ-MIGVA24225site/clusters/hicp1326-clu-olcc-lan-dfe304fe-4c9c-4a21-8ab7-565af1ada800","2025-02-11T20:30:30.5024963Z","Microsoft.Azure.PowerShell.Cmdlets.Migrate.Models.Api202001.IHyperVDisk[]","HICU3823","Microsoft.Azure.PowerShell.Cmdlets.Migrate.Models.Api202001.IHealthErrorDetails[]","UEFI","2","2/13/2025 3:21:32 AM","Red Hat Enterprise Linux","Linux","8.4","Yes","HICP1326D",,"/subscriptions/bc602065-8f71-487b-9fa1-e872b4ce9a79/resourceGroups/rg-dcstratmig-prd-003/providers/Microsoft.OffAzure/HyperVSites/HYPV-AZ-MIGVA24225site/machines/d99923f2-870e-4062-95ef-966ec3852402","d99923f2-870e-4062-95ef-966ec3852402","False","False","False","Cluster","1048576","d99923f2-870e-4062-95ef-966ec3852402","Microsoft.Azure.PowerShell.Cmdlets.Migrate.Models.Api202001.IHyperVNetworkAdapter[]","76","3","Red Hat Enterprise Linux","linuxguest","4.18.0","Running","Microsoft.OffAzure/HyperVSites/machines","2025-02-13T03:21:32.3576179Z","C:\ClusterStorage\Volume2\HICU3823\Virtual Machines\D99923F2-870E-4062-95EF-966EC3852402.VMCX","HICU3823.olcc.lan","9.0"
"8192",,,,,,,,,,"E3C7DA76-4BED-41B0-A5CC-ABBE0CED2CE0","2884-7188-3844-6924-5941-3912-98","HICP1310_Clu.olcc.lan","/subscriptions/bc602065-8f71-487b-9fa1-e872b4ce9a79/resourceGroups/rg-dcstratmig-prd-003/providers/Microsoft.OffAzure/HyperVSites/HYPV-AZ-MIGVA24225site/clusters/hicp1310-clu-olcc-lan-4fb0bd14-3fa8-4561-ad74-93b04087d47c","2025-02-11T20:30:30.7524351Z","Microsoft.Azure.PowerShell.Cmdlets.Migrate.Models.Api202001.IHyperVDisk[]","HICP2225A","Microsoft.Azure.PowerShell.Cmdlets.Migrate.Models.Api202001.IHealthErrorDetails[]","UEFI","2","2/13/2025 3:20:08 AM","Microsoft Windows Server 2019 Standard","Windows","10.0.17763","Yes","HICP1319",,"/subscriptions/bc602065-8f71-487b-9fa1-e872b4ce9a79/resourceGroups/rg-dcstratmig-prd-003/providers/Microsoft.OffAzure/HyperVSites/HYPV-AZ-MIGVA24225site/machines/d5e9d2dd-28e9-43d6-9b4f-b80cfbddf009","d5e9d2dd-28e9-43d6-9b4f-b80cfbddf009","False","False","False","Cluster","1048576","d5e9d2dd-28e9-43d6-9b4f-b80cfbddf009","Microsoft.Azure.PowerShell.Cmdlets.Migrate.Models.Api202001.IHyperVNetworkAdapter[]","21","4","Windows Server 2019 Standard","windowsguest","10.0.17763","Running","Microsoft.OffAzure/HyperVSites/machines","2025-02-13T03:21:52.7736715Z","C:\ClusterStorage\Volume14\HICP2225A\Virtual Machines\D5E9D2DD-28E9-43D6-9B4F-B80CFBDDF009.VMCX","HICP2225A.olcc.lan","9.0"
"8192",,,,,,,,,,"81DF8636-BFDA-4C02-A899-C0E017E4967D","5907-6902-0380-4342-2291-9524-18","HICP1326_CLU.olcc.lan","/subscriptions/bc602065-8f71-487b-9fa1-e872b4ce9a79/resourceGroups/rg-dcstratmig-prd-003/providers/Microsoft.OffAzure/HyperVSites/HYPV-AZ-MIGVA24225site/clusters/hicp1326-clu-olcc-lan-dfe304fe-4c9c-4a21-8ab7-565af1ada800","2025-02-11T20:30:31.0024495Z","Microsoft.Azure.PowerShell.Cmdlets.Migrate.Models.Api202001.IHyperVDisk[]","HICT2318A","Microsoft.Azure.PowerShell.Cmdlets.Migrate.Models.Api202001.IHealthErrorDetails[]","UEFI","2","2/13/2025 3:20:41 AM","Microsoft Windows Server 2019 Standard","Windows","10.0.17763","Yes","HICP1326B",,"/subscriptions/bc602065-8f71-487b-9fa1-e872b4ce9a79/resourceGroups/rg-dcstratmig-prd-003/providers/Microsoft.OffAzure/HyperVSites/HYPV-AZ-MIGVA24225site/machines/9eeef674-94e3-49bd-b3f9-06b646d20922","9eeef674-94e3-49bd-b3f9-06b646d20922","False","False","False","Cluster","1048576","9eeef674-94e3-49bd-b3f9-06b646d20922","Microsoft.Azure.PowerShell.Cmdlets.Migrate.Models.Api202001.IHyperVNetworkAdapter[]","26","6","Windows Server 2019 Standard","windowsguest","10.0.17763","Running","Microsoft.OffAzure/HyperVSites/machines","2025-02-13T03:22:14.0760786Z","C:\ClusterStorage\Volume1\HICT2318A\Virtual Machines\9EEEF674-94E3-49BD-B3F9-06B646D20922.VMCX","HICD2360.olcc.lan","9.0"
"12288",,,,,,,,,,"2587BF18-82D0-4250-81B7-61A53322C041","8451-0460-2036-8198-2898-7937-09","HICP1310_Clu.olcc.lan","/subscriptions/bc602065-8f71-487b-9fa1-e872b4ce9a79/resourceGroups/rg-dcstratmig-prd-003/providers/Microsoft.OffAzure/HyperVSites/HYPV-AZ-MIGVA24225site/clusters/hicp1310-clu-olcc-lan-4fb0bd14-3fa8-4561-ad74-93b04087d47c","2025-02-11T20:30:31.2524430Z","Microsoft.Azure.PowerShell.Cmdlets.Migrate.Models.Api202001.IHyperVDisk[]","DC01-ESB02-SMART","Microsoft.Azure.PowerShell.Cmdlets.Migrate.Models.Api202001.IHealthErrorDetails[]","BIOS","1","2/13/2025 2:36:24 AM","Microsoft Windows Server 2012 R2 Standard","Windows","6.3.9600","Yes","HICP1316",,"/subscriptions/bc602065-8f71-487b-9fa1-e872b4ce9a79/resourceGroups/rg-dcstratmig-prd-003/providers/Microsoft.OffAzure/HyperVSites/HYPV-AZ-MIGVA24225site/machines/8a2aa465-7b11-4a9f-9544-9dcc326ebab5","8a2aa465-7b11-4a9f-9544-9dcc326ebab5","False","False","False","Cluster","65536","8a2aa465-7b11-4a9f-9544-9dcc326ebab5","Microsoft.Azure.PowerShell.Cmdlets.Migrate.Models.Api202001.IHyperVNetworkAdapter[]","41","4","Windows Server 2012 R2 Standard","windowsguest","6.3.9600","Running","Microsoft.OffAzure/HyperVSites/machines","2025-02-13T03:21:34.7326610Z","C:\ClusterStorage\Volume14\DC01-ESB02-SMART\Virtual Machines\8A2AA465-7B11-4A9F-9544-9DCC326EBAB5.VMCX","DC01-ESB02-SMART.olcc.lan","9.0"
"4096",,,,,,,,,,"2026E997-46CE-4944-BB05-2A154E0A8F56","4099-9511-8609-0032-3582-1905-11","HICP1326_CLU.olcc.lan","/subscriptions/bc602065-8f71-487b-9fa1-e872b4ce9a79/resourceGroups/rg-dcstratmig-prd-003/providers/Microsoft.OffAzure/HyperVSites/HYPV-AZ-MIGVA24225site/clusters/hicp1326-clu-olcc-lan-dfe304fe-4c9c-4a21-8ab7-565af1ada800","2025-02-11T20:30:31.5024322Z","Microsoft.Azure.PowerShell.Cmdlets.Migrate.Models.Api202001.IHyperVDisk[]","HICU2224A","Microsoft.Azure.PowerShell.Cmdlets.Migrate.Models.Api202001.IHealthErrorDetails[]","UEFI","2","2/13/2025 3:20:46 AM","Microsoft Windows Server 2019 Standard","Windows","10.0.17763","Yes","HICP1326A",,"/subscriptions/bc602065-8f71-487b-9fa1-e872b4ce9a79/resourceGroups/rg-dcstratmig-prd-003/providers/Microsoft.OffAzure/HyperVSites/HYPV-AZ-MIGVA24225site/machines/198edc62-96cb-4db2-bfca-91dd5c4f7f77","198edc62-96cb-4db2-bfca-91dd5c4f7f77","False","False","False","Cluster","1048576","198edc62-96cb-4db2-bfca-91dd5c4f7f77","Microsoft.Azure.PowerShell.Cmdlets.Migrate.Models.Api202001.IHyperVNetworkAdapter[]","42","4","Windows Server 2019 Standard","windowsguest","10.0.17763","Running","Microsoft.OffAzure/HyperVSites/machines","2025-02-13T15:06:04.2156541Z","C:\ClusterStorage\Volume2\HICU2224A\Virtual Machines\198EDC62-96CB-4DB2-BFCA-91DD5C4F7F77.VMCX","HICU2224A.olcc.lan","9.0"
"16384",,,,,,,,,,"93AC9D3F-923B-4D23-BFAA-2E4EB1471C8C","2722-1638-8383-7909-1200-0608-51","HICP1326_CLU.olcc.lan","/subscriptions/bc602065-8f71-487b-9fa1-e872b4ce9a79/resourceGroups/rg-dcstratmig-prd-003/providers/Microsoft.OffAzure/HyperVSites/HYPV-AZ-MIGVA24225site/clusters/hicp1326-clu-olcc-lan-dfe304fe-4c9c-4a21-8ab7-565af1ada800","2025-02-11T20:30:31.7524329Z","Microsoft.Azure.PowerShell.Cmdlets.Migrate.Models.Api202001.IHyperVDisk[]","HICU2383","Microsoft.Azure.PowerShell.Cmdlets.Migrate.Models.Api202001.IHealthErrorDetails[]","UEFI","2","2/13/2025 3:21:20 AM","Microsoft Windows Server 2019 Standard","Windows","10.0.17763","Yes","HICP1326C",,"/subscriptions/bc602065-8f71-487b-9fa1-e872b4ce9a79/resourceGroups/rg-dcstratmig-prd-003/providers/Microsoft.OffAzure/HyperVSites/HYPV-AZ-MIGVA24225site/machines/617fd8a4-d3eb-4039-ba36-e19614fe74f1","617fd8a4-d3eb-4039-ba36-e19614fe74f1","False","False","False","Cluster","1048576","617fd8a4-d3eb-4039-ba36-e19614fe74f1","Microsoft.Azure.PowerShell.Cmdlets.Migrate.Models.Api202001.IHyperVNetworkAdapter[]","25","8","Windows Server 2019 Standard","windowsguest","10.0.17763","Running","Microsoft.OffAzure/HyperVSites/machines","2025-02-13T03:21:20.7167572Z","C:\ClusterStorage\Volume2\HICU2383\Virtual Machines\617FD8A4-D3EB-4039-BA36-E19614FE74F1.VMCX","HICU2383.olcc.lan","9.0"
"16384",,,,,,,,,,"C24A8A27-9F84-488A-A945-FC58233C6464","1467-2193-4713-3495-6234-2570-08","HICP1326_CLU.olcc.lan","/subscriptions/bc602065-8f71-487b-9fa1-e872b4ce9a79/resourceGroups/rg-dcstratmig-prd-003/providers/Microsoft.OffAzure/HyperVSites/HYPV-AZ-MIGVA24225site/clusters/hicp1326-clu-olcc-lan-dfe304fe-4c9c-4a21-8ab7-565af1ada800","2025-02-11T20:30:32.0024388Z","Microsoft.Azure.PowerShell.Cmdlets.Migrate.Models.Api202001.IHyperVDisk[]","HICU2390A","Microsoft.Azure.PowerShell.Cmdlets.Migrate.Models.Api202001.IHealthErrorDetails[]","UEFI","2",,,,,"Yes","HICP1326B",,"/subscriptions/bc602065-8f71-487b-9fa1-e872b4ce9a79/resourceGroups/rg-dcstratmig-prd-003/providers/Microsoft.OffAzure/HyperVSites/HYPV-AZ-MIGVA24225site/machines/4c8e0c77-70ca-42bf-af3b-1700be0e01a7","4c8e0c77-70ca-42bf-af3b-1700be0e01a7","False","False","True","Cluster","1048576","4c8e0c77-70ca-42bf-af3b-1700be0e01a7","Microsoft.Azure.PowerShell.Cmdlets.Migrate.Models.Api202001.IHyperVNetworkAdapter[]","-1","8",,"otherguestfamily",,"PowerOff","Microsoft.OffAzure/HyperVSites/machines","2025-02-13T03:21:59.8050737Z","C:\ClusterStorage\Volume2\HICU2390A\Virtual Machines\4C8E0C77-70CA-42BF-AF3B-1700BE0E01A7.VMCX","","9.0"
"4096",,,,,,,,,,"FB5AB6B1-0149-4CE5-A9E7-756FEE278423","6934-7129-7483-9589-0718-5872-82","HICP1323_CLU.olcc.lan","/subscriptions/bc602065-8f71-487b-9fa1-e872b4ce9a79/resourceGroups/rg-dcstratmig-prd-003/providers/Microsoft.OffAzure/HyperVSites/HYPV-AZ-MIGVA24225site/clusters/hicp1323-clu-olcc-lan-fe5137bc-e3d8-415b-9d54-c2debea3ef5d","2025-02-11T20:30:32.2524054Z","Microsoft.Azure.PowerShell.Cmdlets.Migrate.Models.Api202001.IHyperVDisk[]","ATL_DMZ_Rocky9_CloneTemplate","Microsoft.Azure.PowerShell.Cmdlets.Migrate.Models.Api202001.IHealthErrorDetails[]","UEFI","2",,,,,"Yes","HICP1323B",,"/subscriptions/bc602065-8f71-487b-9fa1-e872b4ce9a79/resourceGroups/rg-dcstratmig-prd-003/providers/Microsoft.OffAzure/HyperVSites/HYPV-AZ-MIGVA24225site/machines/55b67e0a-53ce-4caf-8e62-fee0951b0af1","55b67e0a-53ce-4caf-8e62-fee0951b0af1","False","False","True","Cluster","1048576","55b67e0a-53ce-4caf-8e62-fee0951b0af1","Microsoft.Azure.PowerShell.Cmdlets.Migrate.Models.Api202001.IHyperVNetworkAdapter[]","-1","2",,"otherguestfamily",,"PowerOff","Microsoft.OffAzure/HyperVSites/machines","2025-02-13T03:22:29.2168448Z","C:\ClusterStorage\Volume2\ATL_DMZ_CENTOS_CloneTemplate\Virtual Machines\55B67E0A-53CE-4CAF-8E62-FEE0951B0AF1.VMCX","","9.0"
"8192",,,,,,,,,,"6DA2B4CD-64A3-417D-99D5-48601817E7EC","7773-0956-4755-1744-0276-7842-14",,"/subscriptions/bc602065-8f71-487b-9fa1-e872b4ce9a79/resourceGroups/rg-dcstratmig-prd-003/providers/Microsoft.OffAzure/HyperVSites/HYPV-AZ-MIGVA24225site/clusters/hicp1310-clu-olcc-lan-4fb0bd14-3fa8-4561-ad74-93b04087d47c","2025-02-11T20:30:32.5024560Z","Microsoft.Azure.PowerShell.Cmdlets.Migrate.Models.Api202001.IHyperVDisk[]","HICP2128","Microsoft.Azure.PowerShell.Cmdlets.Migrate.Models.Api202001.IHealthErrorDetails[]","UEFI","2","2/13/2025 3:19:57 AM","Microsoft Windows Server 2022 Standard","Windows","10.0.20348","No","HICP1315",,"/subscriptions/bc602065-8f71-487b-9fa1-e872b4ce9a79/resourceGroups/rg-dcstratmig-prd-003/providers/Microsoft.OffAzure/HyperVSites/HYPV-AZ-MIGVA24225site/machines/49c24a12-375f-47da-a99b-e2298b7b2547","49c24a12-375f-47da-a99b-e2298b7b2547","False","False","False","Cluster","1048576","49c24a12-375f-47da-a99b-e2298b7b2547","Microsoft.Azure.PowerShell.Cmdlets.Migrate.Models.Api202001.IHyperVNetworkAdapter[]","45","4","Windows Server 2022 Standard","windowsguest","10.0.20348","Running","Microsoft.OffAzure/HyperVSites/machines","2025-02-13T15:06:04.3562764Z","C:\ClusterStorage\Volume11\HICP2128-Res2\Virtual Machines\49C24A12-375F-47DA-A99B-E2298B7B2547.VMCX","HICP2128.olcc.lan","9.0"
"8192",,,,,,,,,,"07CC946E-4558-4088-BAA7-FD4B5D1A386F","4430-0725-9984-6093-9966-0187-35","HICP1310_Clu.olcc.lan","/subscriptions/bc602065-8f71-487b-9fa1-e872b4ce9a79/resourceGroups/rg-dcstratmig-prd-003/providers/Microsoft.OffAzure/HyperVSites/HYPV-AZ-MIGVA24225site/clusters/hicp1310-clu-olcc-lan-4fb0bd14-3fa8-4561-ad74-93b04087d47c","2025-02-11T20:30:32.7524502Z","Microsoft.Azure.PowerShell.Cmdlets.Migrate.Models.Api202001.IHyperVDisk[]","HICP2434","Microsoft.Azure.PowerShell.Cmdlets.Migrate.Models.Api202001.IHealthErrorDetails[]","BIOS","1",,,,,"Yes","HICP1315",,"/subscriptions/bc602065-8f71-487b-9fa1-e872b4ce9a79/resourceGroups/rg-dcstratmig-prd-003/providers/Microsoft.OffAzure/HyperVSites/HYPV-AZ-MIGVA24225site/machines/8b099653-08c6-40df-835a-460628296aae","8b099653-08c6-40df-835a-460628296aae","False","False","True","Cluster","1048576","8b099653-08c6-40df-835a-460628296aae","Microsoft.Azure.PowerShell.Cmdlets.Migrate.Models.Api202001.IHyperVNetworkAdapter[]","-1","2",,"otherguestfamily",,"Running","Microsoft.OffAzure/HyperVSites/machines","2025-02-13T03:22:26.4668512Z","C:\ClusterStorage\Volume13\HICP2434\Virtual Machines\8B099653-08C6-40DF-835A-460628296AAE.VMCX","","9.0"
"6144",,,,,,,,,,"637B3FE1-E4FE-4912-8D1B-5268733C0710","5567-2104-2462-5231-9283-6524-13","HICP1310_Clu.olcc.lan","/subscriptions/bc602065-8f71-487b-9fa1-e872b4ce9a79/resourceGroups/rg-dcstratmig-prd-003/providers/Microsoft.OffAzure/HyperVSites/HYPV-AZ-MIGVA24225site/clusters/hicp1310-clu-olcc-lan-4fb0bd14-3fa8-4561-ad74-93b04087d47c","2025-02-11T20:30:33.0024708Z","Microsoft.Azure.PowerShell.Cmdlets.Migrate.Models.Api202001.IHyperVDisk[]","HICP5513A","Microsoft.Azure.PowerShell.Cmdlets.Migrate.Models.Api202001.IHealthErrorDetails[]","UEFI","2","2/13/2025 3:19:25 AM","Microsoft Windows Server 2022 Standard","Windows","10.0.20348","Yes","HICP1319",,"/subscriptions/bc602065-8f71-487b-9fa1-e872b4ce9a79/resourceGroups/rg-dcstratmig-prd-003/providers/Microsoft.OffAzure/HyperVSites/HYPV-AZ-MIGVA24225site/machines/f13e2685-0b43-4662-a2c1-a2f2b9433446","f13e2685-0b43-4662-a2c1-a2f2b9433446","False","False","False","Cluster","1048576","f13e2685-0b43-4662-a2c1-a2f2b9433446","Microsoft.Azure.PowerShell.Cmdlets.Migrate.Models.Api202001.IHyperVNetworkAdapter[]","26","2","Windows Server 2022 Standard","windowsguest","10.0.20348","Running","Microsoft.OffAzure/HyperVSites/machines","2025-02-13T03:19:25.4362546Z","C:\ClusterStorage\Volume14\HICP5513A\Virtual Machines\F13E2685-0B43-4662-A2C1-A2F2B9433446.VMCX","HICP5513A.olcc.lan","9.0"
"16384",,,,,,,,,,"3D7BD7A2-4B82-487A-B1BB-CD22E8D118A9","2290-8197-3651-3415-9394-0255-58","HICP1310_Clu.olcc.lan","/subscriptions/bc602065-8f71-487b-9fa1-e872b4ce9a79/resourceGroups/rg-dcstratmig-prd-003/providers/Microsoft.OffAzure/HyperVSites/HYPV-AZ-MIGVA24225site/clusters/hicp1310-clu-olcc-lan-4fb0bd14-3fa8-4561-ad74-93b04087d47c","2025-02-11T20:30:33.2524468Z","Microsoft.Azure.PowerShell.Cmdlets.Migrate.Models.Api202001.IHyperVDisk[]","HICP2170B","Microsoft.Azure.PowerShell.Cmdlets.Migrate.Models.Api202001.IHealthErrorDetails[]","UEFI","2","2/13/2025 3:21:28 AM","Microsoft Windows Server 2016 Standard","Windows","10.0.14393","Yes","HICP1312",,"/subscriptions/bc602065-8f71-487b-9fa1-e872b4ce9a79/resourceGroups/rg-dcstratmig-prd-003/providers/Microsoft.OffAzure/HyperVSites/HYPV-AZ-MIGVA24225site/machines/0a050c18-6a2e-4349-8215-27a1264a3129","0a050c18-6a2e-4349-8215-27a1264a3129","False","False","False","Cluster","1048576","0a050c18-6a2e-4349-8215-27a1264a3129","Microsoft.Azure.PowerShell.Cmdlets.Migrate.Models.Api202001.IHyperVNetworkAdapter[]","24","8","Windows Server 2016 Standard","windowsguest","10.0.14393","Running","Microsoft.OffAzure/HyperVSites/machines","2025-02-13T03:23:02.4646122Z","C:\ClusterStorage\Volume2\HICP2170B\Virtual Machines\0A050C18-6A2E-4349-8215-27A1264A3129.VMCX","HICP2170B.olcc.lan","9.0"
"8192",,,,,,,,,,"E0F1DE48-4356-4239-9801-29097D29A2B4","7129-3024-1096-3737-8737-3555-54","HICP1310_Clu.olcc.lan","/subscriptions/bc602065-8f71-487b-9fa1-e872b4ce9a79/resourceGroups/rg-dcstratmig-prd-003/providers/Microsoft.OffAzure/HyperVSites/HYPV-AZ-MIGVA24225site/clusters/hicp1310-clu-olcc-lan-4fb0bd14-3fa8-4561-ad74-93b04087d47c","2025-02-11T20:30:33.5180345Z","Microsoft.Azure.PowerShell.Cmdlets.Migrate.Models.Api202001.IHyperVDisk[]","HICP2124","Microsoft.Azure.PowerShell.Cmdlets.Migrate.Models.Api202001.IHealthErrorDetails[]","UEFI","2","2/13/2025 3:20:33 AM","Microsoft Windows Server 2022 Standard","Windows","10.0.20348","Yes","HICP1319",,"/subscriptions/bc602065-8f71-487b-9fa1-e872b4ce9a79/resourceGroups/rg-dcstratmig-prd-003/providers/Microsoft.OffAzure/HyperVSites/HYPV-AZ-MIGVA24225site/machines/1505f445-5d7b-4527-bb15-6c911ab23e90","1505f445-5d7b-4527-bb15-6c911ab23e90","False","False","False","Cluster","1048576","1505f445-5d7b-4527-bb15-6c911ab23e90","Microsoft.Azure.PowerShell.Cmdlets.Migrate.Models.Api202001.IHyperVNetworkAdapter[]","19","2","Windows Server 2022 Standard","windowsguest","10.0.20348","Running","Microsoft.OffAzure/HyperVSites/machines","2025-02-13T03:22:10.8248914Z","C:\ClusterStorage\Volume11\HICP2124\Virtual Machines\1505F445-5D7B-4527-BB15-6C911AB23E90.VMCX","HICP2124.olcc.lan","9.0"
"12288",,,,,,,,,,"2E3E547C-C456-4F2F-A763-3688F37C6F51","9683-3064-8476-9954-2611-9582-61","HICP1310_Clu.olcc.lan","/subscriptions/bc602065-8f71-487b-9fa1-e872b4ce9a79/resourceGroups/rg-dcstratmig-prd-003/providers/Microsoft.OffAzure/HyperVSites/HYPV-AZ-MIGVA24225site/clusters/hicp1310-clu-olcc-lan-4fb0bd14-3fa8-4561-ad74-93b04087d47c","2025-02-11T20:30:33.7524388Z","Microsoft.Azure.PowerShell.Cmdlets.Migrate.Models.Api202001.IHyperVDisk[]","HICP1211A","Microsoft.Azure.PowerShell.Cmdlets.Migrate.Models.Api202001.IHealthErrorDetails[]","UEFI","2","2/13/2025 3:20:10 AM","Microsoft Windows Server 2019 Datacenter","Windows","10.0.17763","Yes","HICP1317",,"/subscriptions/bc602065-8f71-487b-9fa1-e872b4ce9a79/resourceGroups/rg-dcstratmig-prd-003/providers/Microsoft.OffAzure/HyperVSites/HYPV-AZ-MIGVA24225site/machines/a27d69d0-7762-45b9-b98e-e71f404bcc86","a27d69d0-7762-45b9-b98e-e71f404bcc86","False","False","False","Cluster","1048576","a27d69d0-7762-45b9-b98e-e71f404bcc86","Microsoft.Azure.PowerShell.Cmdlets.Migrate.Models.Api202001.IHyperVNetworkAdapter[]","28","8","Windows Server 2019 Datacenter","windowsguest","10.0.17763","Running","Microsoft.OffAzure/HyperVSites/machines","2025-02-13T15:06:04.4812400Z","C:\ClusterStorage\Volume14\HICP1211A\Virtual Machines\A27D69D0-7762-45B9-B98E-E71F404BCC86.VMCX","HICP1211A.olcc.lan","9.0"
"4096",,,,,,,,,,"870311E8-9125-4B3E-AE7F-C00D2BC1523A","5963-4236-9771-3739-9274-8169-60","HICP1326_CLU.olcc.lan","/subscriptions/bc602065-8f71-487b-9fa1-e872b4ce9a79/resourceGroups/rg-dcstratmig-prd-003/providers/Microsoft.OffAzure/HyperVSites/HYPV-AZ-MIGVA24225site/clusters/hicp1326-clu-olcc-lan-dfe304fe-4c9c-4a21-8ab7-565af1ada800","2025-02-11T20:30:34.0024497Z","Microsoft.Azure.PowerShell.Cmdlets.Migrate.Models.Api202001.IHyperVDisk[]","HICU3503","Microsoft.Azure.PowerShell.Cmdlets.Migrate.Models.Api202001.IHealthErrorDetails[]","UEFI","2","2/13/2025 3:21:14 AM","Red Hat Enterprise Linux Server","Linux","7.9","Yes","HICP1326A",,"/subscriptions/bc602065-8f71-487b-9fa1-e872b4ce9a79/resourceGroups/rg-dcstratmig-prd-003/providers/Microsoft.OffAzure/HyperVSites/HYPV-AZ-MIGVA24225site/machines/70b9ba37-bc7f-4825-a437-1ab3282f5d79","70b9ba37-bc7f-4825-a437-1ab3282f5d79","False","False","False","Cluster","1048576","70b9ba37-bc7f-4825-a437-1ab3282f5d79","Microsoft.Azure.PowerShell.Cmdlets.Migrate.Models.Api202001.IHyperVNetworkAdapter[]","27","2","Red Hat Enterprise Linux Server","linuxguest","3.10.0","Running","Microsoft.OffAzure/HyperVSites/machines","2025-02-13T03:21:14.5916528Z","C:\ClusterStorage\Volume1\HICU3503\Virtual Machines\70B9BA37-BC7F-4825-A437-1AB3282F5D79.VMCX","hicu3503.olcc.lan","9.0"
"8192",,,,,,,,,,"78A185C1-2ACF-4D59-A12F-33D2289A4FA9","6880-3802-1261-5747-3801-4353-14","HICP1310_Clu.olcc.lan","/subscriptions/bc602065-8f71-487b-9fa1-e872b4ce9a79/resourceGroups/rg-dcstratmig-prd-003/providers/Microsoft.OffAzure/HyperVSites/HYPV-AZ-MIGVA24225site/clusters/hicp1310-clu-olcc-lan-4fb0bd14-3fa8-4561-ad74-93b04087d47c","2025-02-11T20:30:34.2524541Z","Microsoft.Azure.PowerShell.Cmdlets.Migrate.Models.Api202001.IHyperVDisk[]","HICP2756","Microsoft.Azure.PowerShell.Cmdlets.Migrate.Models.Api202001.IHealthErrorDetails[]","UEFI","2","2/13/2025 3:20:27 AM","Microsoft Windows Server 2022 Standard","Windows","10.0.20348","Yes","HICP1315",,"/subscriptions/bc602065-8f71-487b-9fa1-e872b4ce9a79/resourceGroups/rg-dcstratmig-prd-003/providers/Microsoft.OffAzure/HyperVSites/HYPV-AZ-MIGVA24225site/machines/2b66a8c5-41ff-4f0a-8b4d-f1be798f9a21","2b66a8c5-41ff-4f0a-8b4d-f1be798f9a21","False","False","False","Cluster","1048576","2b66a8c5-41ff-4f0a-8b4d-f1be798f9a21","Microsoft.Azure.PowerShell.Cmdlets.Migrate.Models.Api202001.IHyperVNetworkAdapter[]","14","4","Windows Server 2022 Standard","windowsguest","10.0.20348","Running","Microsoft.OffAzure/HyperVSites/machines","2025-02-13T03:22:06.0748215Z","C:\ClusterStorage\Volume3\HICP2756\Virtual Machines\2B66A8C5-41FF-4F0A-8B4D-F1BE798F9A21.VMCX","HICP2756.olcc.lan","9.0"
"24576",,,,,,,,,,"AE4FF30E-BBDC-4A91-9F22-8D49B79F76ED","1695-4718-4911-1498-2272-0854-32","HICP1310_Clu.olcc.lan","/subscriptions/bc602065-8f71-487b-9fa1-e872b4ce9a79/resourceGroups/rg-dcstratmig-prd-003/providers/Microsoft.OffAzure/HyperVSites/HYPV-AZ-MIGVA24225site/clusters/hicp1310-clu-olcc-lan-4fb0bd14-3fa8-4561-ad74-93b04087d47c","2025-02-11T20:30:34.5024439Z","Microsoft.Azure.PowerShell.Cmdlets.Migrate.Models.Api202001.IHyperVDisk[]","HICP1212C","Microsoft.Azure.PowerShell.Cmdlets.Migrate.Models.Api202001.IHealthErrorDetails[]","UEFI","2","2/13/2025 3:20:52 AM","Microsoft Windows Server 2019 Datacenter","Windows","10.0.17763","Yes","HICP1318",,"/subscriptions/bc602065-8f71-487b-9fa1-e872b4ce9a79/resourceGroups/rg-dcstratmig-prd-003/providers/Microsoft.OffAzure/HyperVSites/HYPV-AZ-MIGVA24225site/machines/2f58fb2f-91e3-48b3-a246-a1c70c415575","2f58fb2f-91e3-48b3-a246-a1c70c415575","False","False","False","Cluster","1048576","2f58fb2f-91e3-48b3-a246-a1c70c415575","Microsoft.Azure.PowerShell.Cmdlets.Migrate.Models.Api202001.IHyperVNetworkAdapter[]","16","4","Windows Server 2019 Datacenter","windowsguest","10.0.17763","Running","Microsoft.OffAzure/HyperVSites/machines","2025-02-13T15:06:04.5906240Z","C:\ClusterStorage\Volume3\HICP1212C\Virtual Machines\2F58FB2F-91E3-48B3-A246-A1C70C415575.VMCX","HICP1212C.olcc.lan","9.0"
"4096",,,,,,,,,,"D06AF058-B3C3-4082-902E-439C37CC4B0A","7625-3969-9702-9048-3327-6588-17","HICP1310_Clu.olcc.lan","/subscriptions/bc602065-8f71-487b-9fa1-e872b4ce9a79/resourceGroups/rg-dcstratmig-prd-003/providers/Microsoft.OffAzure/HyperVSites/HYPV-AZ-MIGVA24225site/clusters/hicp1310-clu-olcc-lan-4fb0bd14-3fa8-4561-ad74-93b04087d47c","2025-02-11T20:30:34.7524461Z","Microsoft.Azure.PowerShell.Cmdlets.Migrate.Models.Api202001.IHyperVDisk[]","DC01-APP01-SHR","Microsoft.Azure.PowerShell.Cmdlets.Migrate.Models.Api202001.IHealthErrorDetails[]","BIOS","1","2/13/2025 3:19:35 AM","Microsoft Windows Server 2019 Standard","Windows","10.0.17763","Yes","HICP1319",,"/subscriptions/bc602065-8f71-487b-9fa1-e872b4ce9a79/resourceGroups/rg-dcstratmig-prd-003/providers/Microsoft.OffAzure/HyperVSites/HYPV-AZ-MIGVA24225site/machines/1acd81a4-5ac5-4d60-a899-db2939522564","1acd81a4-5ac5-4d60-a899-db2939522564","False","False","False","Cluster","65536","1acd81a4-5ac5-4d60-a899-db2939522564","Microsoft.Azure.PowerShell.Cmdlets.Migrate.Models.Api202001.IHyperVNetworkAdapter[]","57","2","Windows Server 2019 Standard","windowsguest","10.0.17763","Running","Microsoft.OffAzure/HyperVSites/machines","2025-02-13T15:06:04.7156414Z","C:\ClusterStorage\Volume11\DC01-APP01-SHR\Virtual Machines\1ACD81A4-5AC5-4D60-A899-DB2939522564.VMCX","DC01-APP01-SHR.olcc.lan","9.0"
"8192",,,,,,,,,,"B6BEB39A-1E1E-4170-BC19-560725CE05A7","1596-4310-9314-3998-0754-5246-39","HICP1326_CLU.olcc.lan","/subscriptions/bc602065-8f71-487b-9fa1-e872b4ce9a79/resourceGroups/rg-dcstratmig-prd-003/providers/Microsoft.OffAzure/HyperVSites/HYPV-AZ-MIGVA24225site/clusters/hicp1326-clu-olcc-lan-dfe304fe-4c9c-4a21-8ab7-565af1ada800","2025-02-11T20:30:35.0024684Z","Microsoft.Azure.PowerShell.Cmdlets.Migrate.Models.Api202001.IHyperVDisk[]","NP05-WEB01A-TSW","Microsoft.Azure.PowerShell.Cmdlets.Migrate.Models.Api202001.IHealthErrorDetails[]","BIOS","1","2/13/2025 3:19:57 AM","Microsoft Windows Server 2019 Standard","Windows","10.0.17763","Yes","HICP1326A",,"/subscriptions/bc602065-8f71-487b-9fa1-e872b4ce9a79/resourceGroups/rg-dcstratmig-prd-003/providers/Microsoft.OffAzure/HyperVSites/HYPV-AZ-MIGVA24225site/machines/e3e71352-71ab-4815-b6cc-c84420c128c2","e3e71352-71ab-4815-b6cc-c84420c128c2","False","False","False","Cluster","65536","e3e71352-71ab-4815-b6cc-c84420c128c2","Microsoft.Azure.PowerShell.Cmdlets.Migrate.Models.Api202001.IHyperVNetworkAdapter[]","54","2","Windows Server 2019 Standard","windowsguest","10.0.17763","Running","Microsoft.OffAzure/HyperVSites/machines","2025-02-13T15:06:04.8562773Z","C:\ClusterStorage\Volume1\NP05-WEB01A-TSW\Virtual Machines\E3E71352-71AB-4815-B6CC-C84420C128C2.VMCX","NP05-WEB01A-TSW.olcc.lan","9.0"
"8192",,,,,,,,,,"373B53C6-CD9A-411C-A821-0BDDA2345405","3090-7451-1346-7436-8376-3273-54","HICP1310_Clu.olcc.lan","/subscriptions/bc602065-8f71-487b-9fa1-e872b4ce9a79/resourceGroups/rg-dcstratmig-prd-003/providers/Microsoft.OffAzure/HyperVSites/HYPV-AZ-MIGVA24225site/clusters/hicp1310-clu-olcc-lan-4fb0bd14-3fa8-4561-ad74-93b04087d47c","2025-02-11T20:30:35.2524666Z","Microsoft.Azure.PowerShell.Cmdlets.Migrate.Models.Api202001.IHyperVDisk[]","OLWAVEPRD","Microsoft.Azure.PowerShell.Cmdlets.Migrate.Models.Api202001.IHealthErrorDetails[]","BIOS","1",,,,,"Yes","HICP1318",,"/subscriptions/bc602065-8f71-487b-9fa1-e872b4ce9a79/resourceGroups/rg-dcstratmig-prd-003/providers/Microsoft.OffAzure/HyperVSites/HYPV-AZ-MIGVA24225site/machines/0818fb65-c7c5-434e-b3d5-b94908978439","0818fb65-c7c5-434e-b3d5-b94908978439","False","False","True","Cluster","65536","0818fb65-c7c5-434e-b3d5-b94908978439","Microsoft.Azure.PowerShell.Cmdlets.Migrate.Models.Api202001.IHyperVNetworkAdapter[]","-1","2",,"otherguestfamily",,"Running","Microsoft.OffAzure/HyperVSites/machines","2025-02-13T03:21:38.0078724Z","C:\ClusterStorage\Volume3\OLWAVEPRD\Virtual Machines\0818FB65-C7C5-434E-B3D5-B94908978439.VMCX","","9.0"
"4096",,,,,,,,,,"ADFF952C-5CD4-4C50-8DA5-509801CDD0C2","3406-0566-9533-2164-8437-9607-96","HICP1310_Clu.olcc.lan","/subscriptions/bc602065-8f71-487b-9fa1-e872b4ce9a79/resourceGroups/rg-dcstratmig-prd-003/providers/Microsoft.OffAzure/HyperVSites/HYPV-AZ-MIGVA24225site/clusters/hicp1310-clu-olcc-lan-4fb0bd14-3fa8-4561-ad74-93b04087d47c","2025-02-11T20:30:35.5024569Z","Microsoft.Azure.PowerShell.Cmdlets.Migrate.Models.Api202001.IHyperVDisk[]","HICP8530","Microsoft.Azure.PowerShell.Cmdlets.Migrate.Models.Api202001.IHealthErrorDetails[]","UEFI","2","2/13/2025 3:21:23 AM","Microsoft Windows Server 2022 Standard","Windows","10.0.20348","Yes","HICP1310",,"/subscriptions/bc602065-8f71-487b-9fa1-e872b4ce9a79/resourceGroups/rg-dcstratmig-prd-003/providers/Microsoft.OffAzure/HyperVSites/HYPV-AZ-MIGVA24225site/machines/c99d88fa-9c3a-4017-992a-7d3941d9ef47","c99d88fa-9c3a-4017-992a-7d3941d9ef47","False","False","False","Cluster","1048576","c99d88fa-9c3a-4017-992a-7d3941d9ef47","Microsoft.Azure.PowerShell.Cmdlets.Migrate.Models.Api202001.IHyperVNetworkAdapter[]","13","2","Windows Server 2022 Standard","windowsguest","10.0.20348","Running","Microsoft.OffAzure/HyperVSites/machines","2025-02-13T15:06:04.9656413Z","C:\ClusterStorage\Volume6_ELASTIC\HICP8530\Virtual Machines\C99D88FA-9C3A-4017-992A-7D3941D9EF47.VMCX","HICP8530.olcc.lan","9.0"
"16384",,,,,,,,,,"5DDD06A6-1716-44F2-8652-F04DAFCF1CDB","9088-5021-9782-9573-3434-7476-65","HICP1310_Clu.olcc.lan","/subscriptions/bc602065-8f71-487b-9fa1-e872b4ce9a79/resourceGroups/rg-dcstratmig-prd-003/providers/Microsoft.OffAzure/HyperVSites/HYPV-AZ-MIGVA24225site/clusters/hicp1310-clu-olcc-lan-4fb0bd14-3fa8-4561-ad74-93b04087d47c","2025-02-11T20:30:35.7524505Z","Microsoft.Azure.PowerShell.Cmdlets.Migrate.Models.Api202001.IHyperVDisk[]","DC01-IDEA-01","Microsoft.Azure.PowerShell.Cmdlets.Migrate.Models.Api202001.IHealthErrorDetails[]","BIOS","1","2/13/2025 3:20:29 AM","Microsoft Windows Server 2016 Standard","Windows","10.0.14393","Yes","HICP1314",,"/subscriptions/bc602065-8f71-487b-9fa1-e872b4ce9a79/resourceGroups/rg-dcstratmig-prd-003/providers/Microsoft.OffAzure/HyperVSites/HYPV-AZ-MIGVA24225site/machines/1f9f3554-0704-4133-b77e-10bf0387657d","1f9f3554-0704-4133-b77e-10bf0387657d","False","False","False","Cluster","65536","1f9f3554-0704-4133-b77e-10bf0387657d","Microsoft.Azure.PowerShell.Cmdlets.Migrate.Models.Api202001.IHyperVNetworkAdapter[]","41","2","Windows Server 2016 Standard","windowsguest","10.0.14393","Running","Microsoft.OffAzure/HyperVSites/machines","2025-02-13T03:22:07.8248423Z","C:\ClusterStorage\Volume14\DC01-IDEA-01\Virtual Machines\1F9F3554-0704-4133-B77E-10BF0387657D.VMCX","DC01-IDEA-01.olcc.lan","9.0"
"12288",,,,,,,,,,"8ECF0F3E-2630-4A00-8A18-88CF6E137DBC","5523-5965-8895-0935-6872-6868-41","HICP1310_Clu.olcc.lan","/subscriptions/bc602065-8f71-487b-9fa1-e872b4ce9a79/resourceGroups/rg-dcstratmig-prd-003/providers/Microsoft.OffAzure/HyperVSites/HYPV-AZ-MIGVA24225site/clusters/hicp1310-clu-olcc-lan-4fb0bd14-3fa8-4561-ad74-93b04087d47c","2025-02-11T20:30:36.0024718Z","Microsoft.Azure.PowerShell.Cmdlets.Migrate.Models.Api202001.IHyperVDisk[]","OLWEBCC3","Microsoft.Azure.PowerShell.Cmdlets.Migrate.Models.Api202001.IHealthErrorDetails[]","BIOS","1",,,,,"Yes","HICP1314",,"/subscriptions/bc602065-8f71-487b-9fa1-e872b4ce9a79/resourceGroups/rg-dcstratmig-prd-003/providers/Microsoft.OffAzure/HyperVSites/HYPV-AZ-MIGVA24225site/machines/20400096-3a2d-46e5-bb5b-7b824f615976","20400096-3a2d-46e5-bb5b-7b824f615976","False","False","True","Cluster","65536","20400096-3a2d-46e5-bb5b-7b824f615976","Microsoft.Azure.PowerShell.Cmdlets.Migrate.Models.Api202001.IHyperVNetworkAdapter[]","-1","4",,"otherguestfamily",,"Running","Microsoft.OffAzure/HyperVSites/machines","2025-02-13T03:22:28.4043408Z","C:\ClusterStorage\Volume13\OLWEBCC3\Virtual Machines\20400096-3A2D-46E5-BB5B-7B824F615976.VMCX","","9.0"
"16384",,,,,,,,,,"FB568CDD-48C4-4D7A-8EBD-37A86D023851","1197-8005-3132-5064-5029-6352-10","HICP1310_Clu.olcc.lan","/subscriptions/bc602065-8f71-487b-9fa1-e872b4ce9a79/resourceGroups/rg-dcstratmig-prd-003/providers/Microsoft.OffAzure/HyperVSites/HYPV-AZ-MIGVA24225site/clusters/hicp1310-clu-olcc-lan-4fb0bd14-3fa8-4561-ad74-93b04087d47c","2025-02-11T20:30:36.2524595Z","Microsoft.Azure.PowerShell.Cmdlets.Migrate.Models.Api202001.IHyperVDisk[]","HICP2301","Microsoft.Azure.PowerShell.Cmdlets.Migrate.Models.Api202001.IHealthErrorDetails[]","UEFI","2","2/13/2025 3:21:01 AM","Microsoft Windows Server 2019 Standard","Windows","10.0.17763","Yes","HICP1310C",,"/subscriptions/bc602065-8f71-487b-9fa1-e872b4ce9a79/resourceGroups/rg-dcstratmig-prd-003/providers/Microsoft.OffAzure/HyperVSites/HYPV-AZ-MIGVA24225site/machines/7f4a45bd-121d-4a03-b471-550da5d66ed4","7f4a45bd-121d-4a03-b471-550da5d66ed4","False","False","False","Cluster","1048576","7f4a45bd-121d-4a03-b471-550da5d66ed4","Microsoft.Azure.PowerShell.Cmdlets.Migrate.Models.Api202001.IHyperVNetworkAdapter[]","30","6","Windows Server 2019 Standard","windowsguest","10.0.17763","Running","Microsoft.OffAzure/HyperVSites/machines","2025-02-13T03:21:01.7320851Z","C:\ClusterStorage\Volume2\HICP2301\Virtual Machines\7F4A45BD-121D-4A03-B471-550DA5D66ED4.VMCX","HICP2301.olcc.lan","9.0"
"8192",,,,,,,,,,"854E6699-D29A-4F7F-96F5-FCB05DF143F3","3618-2330-7554-2564-2436-3144-89","HICP1310_Clu.olcc.lan","/subscriptions/bc602065-8f71-487b-9fa1-e872b4ce9a79/resourceGroups/rg-dcstratmig-prd-003/providers/Microsoft.OffAzure/HyperVSites/HYPV-AZ-MIGVA24225site/clusters/hicp1310-clu-olcc-lan-4fb0bd14-3fa8-4561-ad74-93b04087d47c","2025-02-11T20:30:36.5024794Z","Microsoft.Azure.PowerShell.Cmdlets.Migrate.Models.Api202001.IHyperVDisk[]","DC01-SFW-REPO","Microsoft.Azure.PowerShell.Cmdlets.Migrate.Models.Api202001.IHealthErrorDetails[]","BIOS","1",,,,,"Yes","HICP1318",,"/subscriptions/bc602065-8f71-487b-9fa1-e872b4ce9a79/resourceGroups/rg-dcstratmig-prd-003/providers/Microsoft.OffAzure/HyperVSites/HYPV-AZ-MIGVA24225site/machines/c425edd5-f3c7-4e47-884a-34b2f6e8927e","c425edd5-f3c7-4e47-884a-34b2f6e8927e","False","False","True","Cluster","65536","c425edd5-f3c7-4e47-884a-34b2f6e8927e","Microsoft.Azure.PowerShell.Cmdlets.Migrate.Models.Api202001.IHyperVNetworkAdapter[]","-1","4",,"otherguestfamily",,"Running","Microsoft.OffAzure/HyperVSites/machines","2025-02-13T03:22:08.8248233Z","C:\ClusterStorage\Volume13\DC01-SFW-REPO\Virtual Machines\C425EDD5-F3C7-4E47-884A-34B2F6E8927E.VMCX","","9.0"
"16384",,,,,,,,,,"C05829F0-5759-4D32-9F15-F789AAA05F19","4337-9491-6711-7604-4431-0872-85","HICP1326_CLU.olcc.lan","/subscriptions/bc602065-8f71-487b-9fa1-e872b4ce9a79/resourceGroups/rg-dcstratmig-prd-003/providers/Microsoft.OffAzure/HyperVSites/HYPV-AZ-MIGVA24225site/clusters/hicp1326-clu-olcc-lan-dfe304fe-4c9c-4a21-8ab7-565af1ada800","2025-02-11T20:30:36.7524948Z","Microsoft.Azure.PowerShell.Cmdlets.Migrate.Models.Api202001.IHyperVDisk[]","HICU2388","Microsoft.Azure.PowerShell.Cmdlets.Migrate.Models.Api202001.IHealthErrorDetails[]","UEFI","2","2/13/2025 3:20:20 AM","Microsoft Windows Server 2019 Standard","Windows","10.0.17763","Yes","HICP1326A",,"/subscriptions/bc602065-8f71-487b-9fa1-e872b4ce9a79/resourceGroups/rg-dcstratmig-prd-003/providers/Microsoft.OffAzure/HyperVSites/HYPV-AZ-MIGVA24225site/machines/1a05332d-f615-4fdf-9a81-779eb31e3cb5","1a05332d-f615-4fdf-9a81-779eb31e3cb5","False","False","False","Cluster","1048576","1a05332d-f615-4fdf-9a81-779eb31e3cb5","Microsoft.Azure.PowerShell.Cmdlets.Migrate.Models.Api202001.IHyperVNetworkAdapter[]","24","8","Windows Server 2019 Standard","windowsguest","10.0.17763","Running","Microsoft.OffAzure/HyperVSites/machines","2025-02-13T03:22:02.0651466Z","C:\ClusterStorage\Volume2\HICU2388\Virtual Machines\1A05332D-F615-4FDF-9A81-779EB31E3CB5.VMCX","HICU2388.olcc.lan","9.0"
"4096",,,,,,,,,,"6B31D4F1-3ED4-46AB-9468-9463E0153098","6063-1718-0104-1777-0829-0095-50","HICP1326_CLU.olcc.lan","/subscriptions/bc602065-8f71-487b-9fa1-e872b4ce9a79/resourceGroups/rg-dcstratmig-prd-003/providers/Microsoft.OffAzure/HyperVSites/HYPV-AZ-MIGVA24225site/clusters/hicp1326-clu-olcc-lan-dfe304fe-4c9c-4a21-8ab7-565af1ada800","2025-02-11T20:30:37.0024760Z","Microsoft.Azure.PowerShell.Cmdlets.Migrate.Models.Api202001.IHyperVDisk[]","HICU2342","Microsoft.Azure.PowerShell.Cmdlets.Migrate.Models.Api202001.IHealthErrorDetails[]","UEFI","2","2/13/2025 3:21:13 AM","Microsoft Windows Server 2022 Standard","Windows","10.0.20348","Yes","HICP1326A",,"/subscriptions/bc602065-8f71-487b-9fa1-e872b4ce9a79/resourceGroups/rg-dcstratmig-prd-003/providers/Microsoft.OffAzure/HyperVSites/HYPV-AZ-MIGVA24225site/machines/6dbfebb6-a419-419a-8c8c-bdfa34e15eac","6dbfebb6-a419-419a-8c8c-bdfa34e15eac","False","False","False","Cluster","1048576","6dbfebb6-a419-419a-8c8c-bdfa34e15eac","Microsoft.Azure.PowerShell.Cmdlets.Migrate.Models.Api202001.IHyperVNetworkAdapter[]","4","2","Windows Server 2022 Standard","windowsguest","10.0.20348","Running","Microsoft.OffAzure/HyperVSites/machines","2025-02-13T03:21:13.0916273Z","C:\ClusterStorage\Volume2\HICU2342\Virtual Machines\6DBFEBB6-A419-419A-8C8C-BDFA34E15EAC.VMCX","HICU2342.olcc.lan","9.0"
"4096",,,,,,,,,,"BFDDDE18-71C4-4041-B81B-BD3D5CDF724F","7694-9157-3727-9071-9979-2165-84","HICP1326_CLU.olcc.lan","/subscriptions/bc602065-8f71-487b-9fa1-e872b4ce9a79/resourceGroups/rg-dcstratmig-prd-003/providers/Microsoft.OffAzure/HyperVSites/HYPV-AZ-MIGVA24225site/clusters/hicp1326-clu-olcc-lan-dfe304fe-4c9c-4a21-8ab7-565af1ada800","2025-02-11T20:30:37.2524747Z","Microsoft.Azure.PowerShell.Cmdlets.Migrate.Models.Api202001.IHyperVDisk[]","HICT2902B","Microsoft.Azure.PowerShell.Cmdlets.Migrate.Models.Api202001.IHealthErrorDetails[]","UEFI","2","2/13/2025 2:37:21 AM","Microsoft Windows Server 2019 Standard","Windows","10.0.17763","Yes","HICP1326B",,"/subscriptions/bc602065-8f71-487b-9fa1-e872b4ce9a79/resourceGroups/rg-dcstratmig-prd-003/providers/Microsoft.OffAzure/HyperVSites/HYPV-AZ-MIGVA24225site/machines/9d73821b-a878-4aaa-af8d-7646725a35ea","9d73821b-a878-4aaa-af8d-7646725a35ea","False","False","False","Cluster","1048576","9d73821b-a878-4aaa-af8d-7646725a35ea","Microsoft.Azure.PowerShell.Cmdlets.Migrate.Models.Api202001.IHyperVNetworkAdapter[]","21","2","Windows Server 2019 Standard","windowsguest","10.0.17763","Running","Microsoft.OffAzure/HyperVSites/machines","2025-02-13T15:06:05.1062924Z","C:\ClusterStorage\Volume1\HICT2902B\Virtual Machines\9D73821B-A878-4AAA-AF8D-7646725A35EA.VMCX","HICT2902B.olcc.lan","9.0"
"8192",,,,,,,,,,"78845F55-5559-42C6-8190-FFE145E2A138","1448-3620-4771-9553-2775-3461-17","HICP1310_Clu.olcc.lan","/subscriptions/bc602065-8f71-487b-9fa1-e872b4ce9a79/resourceGroups/rg-dcstratmig-prd-003/providers/Microsoft.OffAzure/HyperVSites/HYPV-AZ-MIGVA24225site/clusters/hicp1310-clu-olcc-lan-4fb0bd14-3fa8-4561-ad74-93b04087d47c","2025-02-11T20:30:37.5025217Z","Microsoft.Azure.PowerShell.Cmdlets.Migrate.Models.Api202001.IHyperVDisk[]","FLOLVESBPRD1","Microsoft.Azure.PowerShell.Cmdlets.Migrate.Models.Api202001.IHealthErrorDetails[]","BIOS","1","2/13/2025 3:21:21 AM","Microsoft Windows Server 2016 Standard","Windows","10.0.14393","Yes","HICP1315",,"/subscriptions/bc602065-8f71-487b-9fa1-e872b4ce9a79/resourceGroups/rg-dcstratmig-prd-003/providers/Microsoft.OffAzure/HyperVSites/HYPV-AZ-MIGVA24225site/machines/4accc4af-eebb-432b-8985-8af72cb026e7","4accc4af-eebb-432b-8985-8af72cb026e7","False","False","False","Cluster","65536","4accc4af-eebb-432b-8985-8af72cb026e7","Microsoft.Azure.PowerShell.Cmdlets.Migrate.Models.Api202001.IHyperVNetworkAdapter[]","47","4","Windows Server 2016 Standard","windowsguest","10.0.14393","Running","Microsoft.OffAzure/HyperVSites/machines","2025-02-13T15:02:15.0188186Z","C:\ClusterStorage\Volume11\FLOLVESBPRD1\Virtual Machines\4ACCC4AF-EEBB-432B-8985-8AF72CB026E7.VMCX","FLOLVESBPRD1.olcc.lan","9.0"
"4096",,,,,,,,,,"B650C2BF-6898-47B2-9721-DDE8E9455DB8","1623-2177-4195-3224-9546-2074-16","HICP1310_Clu.olcc.lan","/subscriptions/bc602065-8f71-487b-9fa1-e872b4ce9a79/resourceGroups/rg-dcstratmig-prd-003/providers/Microsoft.OffAzure/HyperVSites/HYPV-AZ-MIGVA24225site/clusters/hicp1310-clu-olcc-lan-4fb0bd14-3fa8-4561-ad74-93b04087d47c","2025-02-11T20:30:37.7524699Z","Microsoft.Azure.PowerShell.Cmdlets.Migrate.Models.Api202001.IHyperVDisk[]","HICP1000","Microsoft.Azure.PowerShell.Cmdlets.Migrate.Models.Api202001.IHealthErrorDetails[]","UEFI","2",,,,,"Yes","HICP1310",,"/subscriptions/bc602065-8f71-487b-9fa1-e872b4ce9a79/resourceGroups/rg-dcstratmig-prd-003/providers/Microsoft.OffAzure/HyperVSites/HYPV-AZ-MIGVA24225site/machines/ae57e29c-2a5a-4ce2-ad77-886cb0d7aaa3","ae57e29c-2a5a-4ce2-ad77-886cb0d7aaa3","False","False","True","Cluster","1048576","ae57e29c-2a5a-4ce2-ad77-886cb0d7aaa3","Microsoft.Azure.PowerShell.Cmdlets.Migrate.Models.Api202001.IHyperVNetworkAdapter[]","-1","2",,"otherguestfamily",,"PowerOff","Microsoft.OffAzure/HyperVSites/machines","2025-02-13T03:22:28.1387188Z","C:\ClusterStorage\Volume13\HICP1000\Virtual Machines\AE57E29C-2A5A-4CE2-AD77-886CB0D7AAA3.VMCX","","9.0"
"8192",,,,,,,,,,"AFA6291C-4300-44FE-A36B-17DDB37891AA","3383-8513-9464-5865-3226-3755-99","HICP1310_Clu.olcc.lan","/subscriptions/bc602065-8f71-487b-9fa1-e872b4ce9a79/resourceGroups/rg-dcstratmig-prd-003/providers/Microsoft.OffAzure/HyperVSites/HYPV-AZ-MIGVA24225site/clusters/hicp1310-clu-olcc-lan-4fb0bd14-3fa8-4561-ad74-93b04087d47c","2025-02-11T20:30:38.0024755Z","Microsoft.Azure.PowerShell.Cmdlets.Migrate.Models.Api202001.IHyperVDisk[]","DC01-RDLI19-SVR","Microsoft.Azure.PowerShell.Cmdlets.Migrate.Models.Api202001.IHealthErrorDetails[]","BIOS","1",,,,,"Yes","HICP1315",,"/subscriptions/bc602065-8f71-487b-9fa1-e872b4ce9a79/resourceGroups/rg-dcstratmig-prd-003/providers/Microsoft.OffAzure/HyperVSites/HYPV-AZ-MIGVA24225site/machines/885f9afa-f7b7-46b2-87c2-2d16d4a5b6b2","885f9afa-f7b7-46b2-87c2-2d16d4a5b6b2","False","False","True","Cluster","65536","885f9afa-f7b7-46b2-87c2-2d16d4a5b6b2","Microsoft.Azure.PowerShell.Cmdlets.Migrate.Models.Api202001.IHyperVNetworkAdapter[]","-1","4",,"otherguestfamily",,"Running","Microsoft.OffAzure/HyperVSites/machines","2025-02-13T03:21:35.4826826Z","C:\ClusterStorage\Volume12\DC01-RDLI19-SVR-R\Virtual Machines\885F9AFA-F7B7-46B2-87C2-2D16D4A5B6B2.VMCX","","9.0"
"4096",,,,,,,,,,"00F90B2E-C9FA-4CD1-8D6A-093E3764DD80","9877-0497-7878-9094-6805-8140-73","HICP1310_Clu.olcc.lan","/subscriptions/bc602065-8f71-487b-9fa1-e872b4ce9a79/resourceGroups/rg-dcstratmig-prd-003/providers/Microsoft.OffAzure/HyperVSites/HYPV-AZ-MIGVA24225site/clusters/hicp1310-clu-olcc-lan-4fb0bd14-3fa8-4561-ad74-93b04087d47c","2025-02-11T20:30:38.2524750Z","Microsoft.Azure.PowerShell.Cmdlets.Migrate.Models.Api202001.IHyperVDisk[]","HICP1003A","Microsoft.Azure.PowerShell.Cmdlets.Migrate.Models.Api202001.IHealthErrorDetails[]","UEFI","2","2/13/2025 3:20:24 AM","Microsoft Windows Server 2022 Standard","Windows","10.0.20348","Yes","HICP1316",,"/subscriptions/bc602065-8f71-487b-9fa1-e872b4ce9a79/resourceGroups/rg-dcstratmig-prd-003/providers/Microsoft.OffAzure/HyperVSites/HYPV-AZ-MIGVA24225site/machines/cc16ca25-2925-4041-916d-6ec7fe64b044","cc16ca25-2925-4041-916d-6ec7fe64b044","False","False","False","Cluster","1048576","cc16ca25-2925-4041-916d-6ec7fe64b044","Microsoft.Azure.PowerShell.Cmdlets.Migrate.Models.Api202001.IHyperVNetworkAdapter[]","16","2","Windows Server 2022 Standard","windowsguest","10.0.20348","Running","Microsoft.OffAzure/HyperVSites/machines","2025-02-13T15:06:05.2156125Z","C:\ClusterStorage\Volume2\HICP1003A\Virtual Machines\CC16CA25-2925-4041-916D-6EC7FE64B044.VMCX","HICP1003A.olcc.lan","9.0"
"2048",,,,,,,,,,"6C410CEC-D2D2-4D53-AE4B-AC00ED9E0D54","5419-3437-0698-8171-6151-5874-38","HICP1310_Clu.olcc.lan","/subscriptions/bc602065-8f71-487b-9fa1-e872b4ce9a79/resourceGroups/rg-dcstratmig-prd-003/providers/Microsoft.OffAzure/HyperVSites/HYPV-AZ-MIGVA24225site/clusters/hicp1310-clu-olcc-lan-4fb0bd14-3fa8-4561-ad74-93b04087d47c","2025-02-11T20:30:38.5024772Z","Microsoft.Azure.PowerShell.Cmdlets.Migrate.Models.Api202001.IHyperVDisk[]","OLJAVASOAPRD","Microsoft.Azure.PowerShell.Cmdlets.Migrate.Models.Api202001.IHealthErrorDetails[]","BIOS","1",,,,,"Yes","HICP1312",,"/subscriptions/bc602065-8f71-487b-9fa1-e872b4ce9a79/resourceGroups/rg-dcstratmig-prd-003/providers/Microsoft.OffAzure/HyperVSites/HYPV-AZ-MIGVA24225site/machines/03b22d3e-1dc2-45be-a415-efba19553d43","03b22d3e-1dc2-45be-a415-efba19553d43","False","False","True","Cluster","65536","03b22d3e-1dc2-45be-a415-efba19553d43","Microsoft.Azure.PowerShell.Cmdlets.Migrate.Models.Api202001.IHyperVNetworkAdapter[]","-1","1",,"otherguestfamily",,"Running","Microsoft.OffAzure/HyperVSites/machines","2025-02-13T03:22:23.6543126Z","C:\ClusterStorage\Volume3\OLJAVASOAPRD\Virtual Machines\03B22D3E-1DC2-45BE-A415-EFBA19553D43.VMCX","","9.0"
"4096",,,,,,,,,,"E29721ED-E1D7-4546-8839-51748EED42F7","1558-1826-3649-0969-7365-7160-04","HICP1310_Clu.olcc.lan","/subscriptions/bc602065-8f71-487b-9fa1-e872b4ce9a79/resourceGroups/rg-dcstratmig-prd-003/providers/Microsoft.OffAzure/HyperVSites/HYPV-AZ-MIGVA24225site/clusters/hicp1310-clu-olcc-lan-4fb0bd14-3fa8-4561-ad74-93b04087d47c","2025-02-11T20:30:38.7524763Z","Microsoft.Azure.PowerShell.Cmdlets.Migrate.Models.Api202001.IHyperVDisk[]","HICP1001D","Microsoft.Azure.PowerShell.Cmdlets.Migrate.Models.Api202001.IHealthErrorDetails[]","UEFI","2","2/13/2025 2:37:45 AM","Microsoft Windows Server 2022 Standard","Windows","10.0.20348","Yes","HICP1310",,"/subscriptions/bc602065-8f71-487b-9fa1-e872b4ce9a79/resourceGroups/rg-dcstratmig-prd-003/providers/Microsoft.OffAzure/HyperVSites/HYPV-AZ-MIGVA24225site/machines/ef8d06bd-338a-4efe-b0d0-bdd5bb880a9c","ef8d06bd-338a-4efe-b0d0-bdd5bb880a9c","False","False","False","Cluster","1048576","ef8d06bd-338a-4efe-b0d0-bdd5bb880a9c","Microsoft.Azure.PowerShell.Cmdlets.Migrate.Models.Api202001.IHyperVNetworkAdapter[]","15","2","Windows Server 2022 Standard","windowsguest","10.0.20348","Running","Microsoft.OffAzure/HyperVSites/machines","2025-02-13T15:06:05.3562438Z","C:\ClusterStorage\Volume14\HICP1001D\Virtual Machines\EF8D06BD-338A-4EFE-B0D0-BDD5BB880A9C.VMCX","HICP1001D.olcc.lan","9.0"
"8192",,,,,,,,,,"DD1339EA-EACC-4C2F-83E0-2C1840836010","5528-0246-1352-0901-3768-5855-90","HICP1330_CLU.olcc.lan","/subscriptions/bc602065-8f71-487b-9fa1-e872b4ce9a79/resourceGroups/rg-dcstratmig-prd-003/providers/Microsoft.OffAzure/HyperVSites/HYPV-AZ-MIGVA24225site/clusters/hicp1330-clu-olcc-lan-6b758d3a-0903-4f3f-80a9-2f9a8f5f8e7f","2025-02-11T20:30:39.0024741Z","Microsoft.Azure.PowerShell.Cmdlets.Migrate.Models.Api202001.IHyperVDisk[]","HICP2430 (Qualys Scanner)","Microsoft.Azure.PowerShell.Cmdlets.Migrate.Models.Api202001.IHealthErrorDetails[]","BIOS","1",,,,,"Yes","HICP1330B",,"/subscriptions/bc602065-8f71-487b-9fa1-e872b4ce9a79/resourceGroups/rg-dcstratmig-prd-003/providers/Microsoft.OffAzure/HyperVSites/HYPV-AZ-MIGVA24225site/machines/dff481b0-706a-460d-aef3-ee9a6b2087b2","dff481b0-706a-460d-aef3-ee9a6b2087b2","False","False","True","Cluster","1048576","dff481b0-706a-460d-aef3-ee9a6b2087b2","Microsoft.Azure.PowerShell.Cmdlets.Migrate.Models.Api202001.IHyperVNetworkAdapter[]","-1","4",,"otherguestfamily",,"Running","Microsoft.OffAzure/HyperVSites/machines","2025-02-13T03:46:59.1414559Z","C:\ClusterStorage\Volume1\HICP2422 (Qualys Scanner)\Virtual Machines\DFF481B0-706A-460D-AEF3-EE9A6B2087B2.VMCX","","9.0"
"4096",,,,,,,,,,"CF488035-58DE-4B5E-8F1E-5C3981D34A96","0539-5462-3748-5991-6718-7886-31","HICP1310_Clu.olcc.lan","/subscriptions/bc602065-8f71-487b-9fa1-e872b4ce9a79/resourceGroups/rg-dcstratmig-prd-003/providers/Microsoft.OffAzure/HyperVSites/HYPV-AZ-MIGVA24225site/clusters/hicp1310-clu-olcc-lan-4fb0bd14-3fa8-4561-ad74-93b04087d47c","2025-02-11T20:30:39.2525017Z","Microsoft.Azure.PowerShell.Cmdlets.Migrate.Models.Api202001.IHyperVDisk[]","DC01-WEB02-PCI","Microsoft.Azure.PowerShell.Cmdlets.Migrate.Models.Api202001.IHealthErrorDetails[]","BIOS","1","2/13/2025 3:20:31 AM","Microsoft Windows Server 2019 Standard","Windows","10.0.17763","Yes","HICP1312",,"/subscriptions/bc602065-8f71-487b-9fa1-e872b4ce9a79/resourceGroups/rg-dcstratmig-prd-003/providers/Microsoft.OffAzure/HyperVSites/HYPV-AZ-MIGVA24225site/machines/8bf5aded-77cb-4915-bee6-92ac56b871f9","8bf5aded-77cb-4915-bee6-92ac56b871f9","False","False","False","Cluster","65536","8bf5aded-77cb-4915-bee6-92ac56b871f9","Microsoft.Azure.PowerShell.Cmdlets.Migrate.Models.Api202001.IHyperVNetworkAdapter[]","40","2","Windows Server 2019 Standard","windowsguest","10.0.17763","Running","Microsoft.OffAzure/HyperVSites/machines","2025-02-13T15:02:15.1438140Z","C:\ClusterStorage\Volume13\DC01-WEB02-PCI\Virtual Machines\8BF5ADED-77CB-4915-BEE6-92AC56B871F9.VMCX","DC01-WEB02-PCI.olcc.lan","9.0"
"16384",,,,,,,,,,"AEC4F651-B63D-4C4F-9BF5-64518E385782","5186-9455-6434-0068-2072-8102-75","HICP1326_CLU.olcc.lan","/subscriptions/bc602065-8f71-487b-9fa1-e872b4ce9a79/resourceGroups/rg-dcstratmig-prd-003/providers/Microsoft.OffAzure/HyperVSites/HYPV-AZ-MIGVA24225site/clusters/hicp1326-clu-olcc-lan-dfe304fe-4c9c-4a21-8ab7-565af1ada800","2025-02-11T20:30:39.5024742Z","Microsoft.Azure.PowerShell.Cmdlets.Migrate.Models.Api202001.IHyperVDisk[]","HICU2389","Microsoft.Azure.PowerShell.Cmdlets.Migrate.Models.Api202001.IHealthErrorDetails[]","UEFI","2","2/13/2025 3:20:12 AM","Microsoft Windows Server 2019 Standard","Windows","10.0.17763","Yes","HICP1326A",,"/subscriptions/bc602065-8f71-487b-9fa1-e872b4ce9a79/resourceGroups/rg-dcstratmig-prd-003/providers/Microsoft.OffAzure/HyperVSites/HYPV-AZ-MIGVA24225site/machines/f417dab5-58f5-409c-8207-cbd6eb4e3f3e","f417dab5-58f5-409c-8207-cbd6eb4e3f3e","False","False","False","Cluster","1048576","f417dab5-58f5-409c-8207-cbd6eb4e3f3e","Microsoft.Azure.PowerShell.Cmdlets.Migrate.Models.Api202001.IHyperVNetworkAdapter[]","25","8","Windows Server 2019 Standard","windowsguest","10.0.17763","Running","Microsoft.OffAzure/HyperVSites/machines","2025-02-13T03:21:56.3050494Z","C:\ClusterStorage\Volume2\HICU2389\Virtual Machines\F417DAB5-58F5-409C-8207-CBD6EB4E3F3E.VMCX","HICU2389.olcc.lan","9.0"
"34816",,,,,,,,,,"C6180D66-1C16-4ADA-A9F1-A0CE17EF3D7D","1414-6384-4166-6642-2355-0762-67","HICP1326_CLU.olcc.lan","/subscriptions/bc602065-8f71-487b-9fa1-e872b4ce9a79/resourceGroups/rg-dcstratmig-prd-003/providers/Microsoft.OffAzure/HyperVSites/HYPV-AZ-MIGVA24225site/clusters/hicp1326-clu-olcc-lan-dfe304fe-4c9c-4a21-8ab7-565af1ada800","2025-02-11T20:30:39.7524713Z","Microsoft.Azure.PowerShell.Cmdlets.Migrate.Models.Api202001.IHyperVDisk[]","HICU3811","Microsoft.Azure.PowerShell.Cmdlets.Migrate.Models.Api202001.IHealthErrorDetails[]","UEFI","2","2/13/2025 3:19:48 AM","Red Hat Enterprise Linux","Linux","8.4","Yes","HICP1326D",,"/subscriptions/bc602065-8f71-487b-9fa1-e872b4ce9a79/resourceGroups/rg-dcstratmig-prd-003/providers/Microsoft.OffAzure/HyperVSites/HYPV-AZ-MIGVA24225site/machines/48a8793c-57f1-4977-8669-dbff578c1570","48a8793c-57f1-4977-8669-dbff578c1570","False","False","False","Cluster","1048576","48a8793c-57f1-4977-8669-dbff578c1570","Microsoft.Azure.PowerShell.Cmdlets.Migrate.Models.Api202001.IHyperVNetworkAdapter[]","76","3","Red Hat Enterprise Linux","linuxguest","4.18.0","Running","Microsoft.OffAzure/HyperVSites/machines","2025-02-13T03:19:48.4366681Z","C:\ClusterStorage\Volume1\HICU3811\Virtual Machines\48A8793C-57F1-4977-8669-DBFF578C1570.VMCX","hicu3811.olcc.lan","9.0"
"8196",,,,,,,,,,"334AF551-DFE7-40C3-B87B-73B3E81E85AB","2936-0561-9522-3729-3992-3867-99","HICP1310_Clu.olcc.lan","/subscriptions/bc602065-8f71-487b-9fa1-e872b4ce9a79/resourceGroups/rg-dcstratmig-prd-003/providers/Microsoft.OffAzure/HyperVSites/HYPV-AZ-MIGVA24225site/clusters/hicp1310-clu-olcc-lan-4fb0bd14-3fa8-4561-ad74-93b04087d47c","2025-02-11T20:30:40.0024767Z","Microsoft.Azure.PowerShell.Cmdlets.Migrate.Models.Api202001.IHyperVDisk[]","DC01-PRNT-SVR01","Microsoft.Azure.PowerShell.Cmdlets.Migrate.Models.Api202001.IHealthErrorDetails[]","UEFI","2","2/13/2025 3:20:49 AM","Microsoft Windows Server 2019 Standard","Windows","10.0.17763","Yes","HICP1310",,"/subscriptions/bc602065-8f71-487b-9fa1-e872b4ce9a79/resourceGroups/rg-dcstratmig-prd-003/providers/Microsoft.OffAzure/HyperVSites/HYPV-AZ-MIGVA24225site/machines/d7f34cb2-795d-42c0-ad12-8f23f2accd5c","d7f34cb2-795d-42c0-ad12-8f23f2accd5c","False","False","False","Cluster","1048576","d7f34cb2-795d-42c0-ad12-8f23f2accd5c","Microsoft.Azure.PowerShell.Cmdlets.Migrate.Models.Api202001.IHyperVNetworkAdapter[]","15","4","Windows Server 2019 Standard","windowsguest","10.0.17763","Running","Microsoft.OffAzure/HyperVSites/machines","2025-02-13T15:06:05.4812688Z","C:\ClusterStorage\Volume13\DC01-PRNT-SVR01\Virtual Machines\D7F34CB2-795D-42C0-AD12-8F23F2ACCD5C.VMCX","DC01-PRNT-SVR01.olcc.lan","9.0"
"12288",,,,,,,,,,"E19993B1-E2E7-4903-866F-E9A6EC726D3C","5783-9555-7609-7173-5302-4248-35","HICP1310_Clu.olcc.lan","/subscriptions/bc602065-8f71-487b-9fa1-e872b4ce9a79/resourceGroups/rg-dcstratmig-prd-003/providers/Microsoft.OffAzure/HyperVSites/HYPV-AZ-MIGVA24225site/clusters/hicp1310-clu-olcc-lan-4fb0bd14-3fa8-4561-ad74-93b04087d47c","2025-02-11T20:30:40.2524769Z","Microsoft.Azure.PowerShell.Cmdlets.Migrate.Models.Api202001.IHyperVDisk[]","HICP1150","Microsoft.Azure.PowerShell.Cmdlets.Migrate.Models.Api202001.IHealthErrorDetails[]","UEFI","2","2/13/2025 3:21:00 AM","Microsoft Windows Server 2019 Standard","Windows","10.0.17763","Yes","HICP1311",,"/subscriptions/bc602065-8f71-487b-9fa1-e872b4ce9a79/resourceGroups/rg-dcstratmig-prd-003/providers/Microsoft.OffAzure/HyperVSites/HYPV-AZ-MIGVA24225site/machines/4698b241-8e4e-409e-8888-72ef126c61bc","4698b241-8e4e-409e-8888-72ef126c61bc","False","False","False","Cluster","1048576","4698b241-8e4e-409e-8888-72ef126c61bc","Microsoft.Azure.PowerShell.Cmdlets.Migrate.Models.Api202001.IHyperVNetworkAdapter[]","114","6","Windows Server 2019 Standard","windowsguest","10.0.17763","Running","Microsoft.OffAzure/HyperVSites/machines","2025-02-13T15:06:05.7156563Z","C:\ClusterStorage\Volume12\HICP1150\Virtual Machines\4698B241-8E4E-409E-8888-72EF126C61BC.VMCX","HICP1150.olcc.lan","9.0"
"4096",,,,,,,,,,"50699450-10A5-40A3-8D40-43B1A8EFE4BF","5098-6218-5688-2257-8581-8065-42","HICP1310_Clu.olcc.lan","/subscriptions/bc602065-8f71-487b-9fa1-e872b4ce9a79/resourceGroups/rg-dcstratmig-prd-003/providers/Microsoft.OffAzure/HyperVSites/HYPV-AZ-MIGVA24225site/clusters/hicp1310-clu-olcc-lan-4fb0bd14-3fa8-4561-ad74-93b04087d47c","2025-02-11T20:30:40.5024784Z","Microsoft.Azure.PowerShell.Cmdlets.Migrate.Models.Api202001.IHyperVDisk[]","FLOLVINTWEB","Microsoft.Azure.PowerShell.Cmdlets.Migrate.Models.Api202001.IHealthErrorDetails[]","BIOS","1","2/13/2025 3:19:11 AM","Microsoft Windows Server 2008 R2 Standard ","Windows","6.1.7601","Yes","HICP1319",,"/subscriptions/bc602065-8f71-487b-9fa1-e872b4ce9a79/resourceGroups/rg-dcstratmig-prd-003/providers/Microsoft.OffAzure/HyperVSites/HYPV-AZ-MIGVA24225site/machines/55d7a3f1-673a-402f-9000-d45ac36c73a9","55d7a3f1-673a-402f-9000-d45ac36c73a9","False","False","False","Cluster","65536","55d7a3f1-673a-402f-9000-d45ac36c73a9","Microsoft.Azure.PowerShell.Cmdlets.Migrate.Models.Api202001.IHyperVNetworkAdapter[]","42","2","Windows Server 2008 R2 Standard","windowsguest","6.1.7601","Running","Microsoft.OffAzure/HyperVSites/machines","2025-02-19T20:19:11.0739408Z","C:\ClusterStorage\Volume13\FLOLVINTWEB\Virtual Machines\55D7A3F1-673A-402F-9000-D45AC36C73A9.VMCX","FLOLVINTWEB.olcc.lan","9.0"
"8192",,,,,,,,,,"EC5FB998-3419-4FBD-8A7A-A97FD81FD9DC","8055-6061-4326-7940-9605-9885-35","HICP1310_Clu.olcc.lan","/subscriptions/bc602065-8f71-487b-9fa1-e872b4ce9a79/resourceGroups/rg-dcstratmig-prd-003/providers/Microsoft.OffAzure/HyperVSites/HYPV-AZ-MIGVA24225site/clusters/hicp1310-clu-olcc-lan-4fb0bd14-3fa8-4561-ad74-93b04087d47c","2025-02-11T20:30:40.7524896Z","Microsoft.Azure.PowerShell.Cmdlets.Migrate.Models.Api202001.IHyperVDisk[]","DC01-PRNT-SVR03","Microsoft.Azure.PowerShell.Cmdlets.Migrate.Models.Api202001.IHealthErrorDetails[]","UEFI","2","2/13/2025 3:20:52 AM","Microsoft Windows Server 2019 Standard","Windows","10.0.17763","Yes","HICP1319",,"/subscriptions/bc602065-8f71-487b-9fa1-e872b4ce9a79/resourceGroups/rg-dcstratmig-prd-003/providers/Microsoft.OffAzure/HyperVSites/HYPV-AZ-MIGVA24225site/machines/1ea5f772-0e5f-456b-b7f7-af18f2ae2c6f","1ea5f772-0e5f-456b-b7f7-af18f2ae2c6f","False","False","False","Cluster","1048576","1ea5f772-0e5f-456b-b7f7-af18f2ae2c6f","Microsoft.Azure.PowerShell.Cmdlets.Migrate.Models.Api202001.IHyperVNetworkAdapter[]","23","4","Windows Server 2019 Standard","windowsguest","10.0.17763","Running","Microsoft.OffAzure/HyperVSites/machines","2025-02-13T15:06:05.8562766Z","C:\ClusterStorage\Volume11\DC01-PRNT-SVR03\Virtual Machines\1EA5F772-0E5F-456B-B7F7-AF18F2AE2C6F.VMCX","dc01-prnt-svr03.olcc.lan","9.0"
"16384",,,,,,,,,,"A3AF2A67-61AE-4E1D-8CEF-4AA7B5895C3A","0928-2914-1793-1030-4736-6700-49","HICP1310_Clu.olcc.lan","/subscriptions/bc602065-8f71-487b-9fa1-e872b4ce9a79/resourceGroups/rg-dcstratmig-prd-003/providers/Microsoft.OffAzure/HyperVSites/HYPV-AZ-MIGVA24225site/clusters/hicp1310-clu-olcc-lan-4fb0bd14-3fa8-4561-ad74-93b04087d47c","2025-02-11T20:30:41.0024410Z","Microsoft.Azure.PowerShell.Cmdlets.Migrate.Models.Api202001.IHyperVDisk[]","HICP7010","Microsoft.Azure.PowerShell.Cmdlets.Migrate.Models.Api202001.IHealthErrorDetails[]","BIOS","1",,,,,"Yes","HICP1316",,"/subscriptions/bc602065-8f71-487b-9fa1-e872b4ce9a79/resourceGroups/rg-dcstratmig-prd-003/providers/Microsoft.OffAzure/HyperVSites/HYPV-AZ-MIGVA24225site/machines/efd16539-a681-4a73-9d31-a255cc3c0e92","efd16539-a681-4a73-9d31-a255cc3c0e92","False","False","True","Cluster","65536","efd16539-a681-4a73-9d31-a255cc3c0e92","Microsoft.Azure.PowerShell.Cmdlets.Migrate.Models.Api202001.IHyperVNetworkAdapter[]","-1","4",,"otherguestfamily",,"Running","Microsoft.OffAzure/HyperVSites/machines","2025-02-13T03:46:57.5789756Z","C:\ClusterStorage\Volume11\HICP7010\Virtual Machines\EFD16539-A681-4A73-9D31-A255CC3C0E92.VMCX","","9.0"
"16384",,,,,,,,,,"28F5F597-EAFA-4BB9-8D58-DE06AA0216D9","4932-6270-2175-0405-4252-6210-64","HICP1310_Clu.olcc.lan","/subscriptions/bc602065-8f71-487b-9fa1-e872b4ce9a79/resourceGroups/rg-dcstratmig-prd-003/providers/Microsoft.OffAzure/HyperVSites/HYPV-AZ-MIGVA24225site/clusters/hicp1310-clu-olcc-lan-4fb0bd14-3fa8-4561-ad74-93b04087d47c","2025-02-11T20:30:41.2524714Z","Microsoft.Azure.PowerShell.Cmdlets.Migrate.Models.Api202001.IHyperVDisk[]","HICP3601","Microsoft.Azure.PowerShell.Cmdlets.Migrate.Models.Api202001.IHealthErrorDetails[]","UEFI","2","2/13/2025 3:20:31 AM","Red Hat Enterprise Linux","Linux","8.10","Yes","HICP1310C",,"/subscriptions/bc602065-8f71-487b-9fa1-e872b4ce9a79/resourceGroups/rg-dcstratmig-prd-003/providers/Microsoft.OffAzure/HyperVSites/HYPV-AZ-MIGVA24225site/machines/fa07cb3b-91e6-4844-a3d3-93be27ac2fac","fa07cb3b-91e6-4844-a3d3-93be27ac2fac","False","False","False","Cluster","1048576","fa07cb3b-91e6-4844-a3d3-93be27ac2fac","Microsoft.Azure.PowerShell.Cmdlets.Migrate.Models.Api202001.IHyperVNetworkAdapter[]","42","4","Red Hat Enterprise Linux","linuxguest","4.18.0","Running","Microsoft.OffAzure/HyperVSites/machines","2025-02-13T15:18:25.5620410Z","C:\ClusterStorage\Volume13\HICP3601\Virtual Machines\FA07CB3B-91E6-4844-A3D3-93BE27AC2FAC.VMCX","hicp3601","9.0"
"4096",,,,,,,,,,"870311E8-9125-4B3E-AE7F-C00D2BC1523A","5963-4236-9771-3739-9274-8169-60","HICP1326_CLU.olcc.lan","/subscriptions/bc602065-8f71-487b-9fa1-e872b4ce9a79/resourceGroups/rg-dcstratmig-prd-003/providers/Microsoft.OffAzure/HyperVSites/HYPV-AZ-MIGVA24225site/clusters/hicp1326-clu-olcc-lan-dfe304fe-4c9c-4a21-8ab7-565af1ada800","2025-02-11T20:30:41.5024830Z","Microsoft.Azure.PowerShell.Cmdlets.Migrate.Models.Api202001.IHyperVDisk[]","HICU3501","Microsoft.Azure.PowerShell.Cmdlets.Migrate.Models.Api202001.IHealthErrorDetails[]","UEFI","2",,,,,"Yes","HICP1326B",,"/subscriptions/bc602065-8f71-487b-9fa1-e872b4ce9a79/resourceGroups/rg-dcstratmig-prd-003/providers/Microsoft.OffAzure/HyperVSites/HYPV-AZ-MIGVA24225site/machines/aae56c96-dfa1-4d86-8304-99c17016c37c","aae56c96-dfa1-4d86-8304-99c17016c37c","False","False","True","Cluster","1048576","aae56c96-dfa1-4d86-8304-99c17016c37c","Microsoft.Azure.PowerShell.Cmdlets.Migrate.Models.Api202001.IHyperVNetworkAdapter[]","-1","2",,"otherguestfamily",,"PowerOff","Microsoft.OffAzure/HyperVSites/machines","2025-02-13T03:22:28.6699719Z","C:\ClusterStorage\Volume1\HICU3501\Virtual Machines\AAE56C96-DFA1-4D86-8304-99C17016C37C.VMCX","","9.0"
"16384",,,,,,,,,,"28F5F597-EAFA-4BB9-8D58-DE06AA0216D9","4932-6270-2175-0405-4252-6210-64","HICP1310_Clu.olcc.lan","/subscriptions/bc602065-8f71-487b-9fa1-e872b4ce9a79/resourceGroups/rg-dcstratmig-prd-003/providers/Microsoft.OffAzure/HyperVSites/HYPV-AZ-MIGVA24225site/clusters/hicp1310-clu-olcc-lan-4fb0bd14-3fa8-4561-ad74-93b04087d47c","2025-02-11T20:30:41.7524686Z","Microsoft.Azure.PowerShell.Cmdlets.Migrate.Models.Api202001.IHyperVDisk[]","HICP3602","Microsoft.Azure.PowerShell.Cmdlets.Migrate.Models.Api202001.IHealthErrorDetails[]","UEFI","2","2/13/2025 3:20:14 AM","Red Hat Enterprise Linux","Linux","8.10","Yes","HICP1312",,"/subscriptions/bc602065-8f71-487b-9fa1-e872b4ce9a79/resourceGroups/rg-dcstratmig-prd-003/providers/Microsoft.OffAzure/HyperVSites/HYPV-AZ-MIGVA24225site/machines/d42e4cfa-113d-46ce-a842-dd3f183a9d56","d42e4cfa-113d-46ce-a842-dd3f183a9d56","False","False","False","Cluster","1048576","d42e4cfa-113d-46ce-a842-dd3f183a9d56","Microsoft.Azure.PowerShell.Cmdlets.Migrate.Models.Api202001.IHyperVNetworkAdapter[]","42","4","Red Hat Enterprise Linux","linuxguest","4.18.0","Running","Microsoft.OffAzure/HyperVSites/machines","2025-02-13T15:18:24.8120336Z","C:\ClusterStorage\Volume12\HICP3602\Virtual Machines\D42E4CFA-113D-46CE-A842-DD3F183A9D56.VMCX","hicp3602","9.0"
"4096",,,,,,,,,,"704830BD-3632-44C4-B1F8-5FE6F67A36E9","1284-2538-2620-8250-4242-6552-43","HICP1310_Clu.olcc.lan","/subscriptions/bc602065-8f71-487b-9fa1-e872b4ce9a79/resourceGroups/rg-dcstratmig-prd-003/providers/Microsoft.OffAzure/HyperVSites/HYPV-AZ-MIGVA24225site/clusters/hicp1310-clu-olcc-lan-4fb0bd14-3fa8-4561-ad74-93b04087d47c","2025-02-11T20:30:42.0024965Z","Microsoft.Azure.PowerShell.Cmdlets.Migrate.Models.Api202001.IHyperVDisk[]","HICP2412","Microsoft.Azure.PowerShell.Cmdlets.Migrate.Models.Api202001.IHealthErrorDetails[]","BIOS","1","2/13/2025 3:20:45 AM","CentOS Linux","Linux","7.9.2009","Yes","HICP1319",,"/subscriptions/bc602065-8f71-487b-9fa1-e872b4ce9a79/resourceGroups/rg-dcstratmig-prd-003/providers/Microsoft.OffAzure/HyperVSites/HYPV-AZ-MIGVA24225site/machines/763e2943-2ff7-4a5a-86a7-d0c2d04f21bb","763e2943-2ff7-4a5a-86a7-d0c2d04f21bb","False","False","False","Cluster","1048576","763e2943-2ff7-4a5a-86a7-d0c2d04f21bb","Microsoft.Azure.PowerShell.Cmdlets.Migrate.Models.Api202001.IHyperVNetworkAdapter[]","172","2","CentOS Linux","linuxguest","3.10.0","Running","Microsoft.OffAzure/HyperVSites/machines","2025-02-13T03:22:15.0760142Z","C:\ClusterStorage\Volume14\HICP2412\Virtual Machines\763E2943-2FF7-4A5A-86A7-D0C2D04F21BB.VMCX","HICP2412.olcc.lan","9.0"
"12288",,,,,,,,,,"197FF3AD-4184-46F3-B29F-5E018336D82A","8088-2114-4524-0235-7186-0728-10","HICP1330_CLU.olcc.lan","/subscriptions/bc602065-8f71-487b-9fa1-e872b4ce9a79/resourceGroups/rg-dcstratmig-prd-003/providers/Microsoft.OffAzure/HyperVSites/HYPV-AZ-MIGVA24225site/clusters/hicp1330-clu-olcc-lan-6b758d3a-0903-4f3f-80a9-2f9a8f5f8e7f","2025-02-11T20:30:42.2524865Z","Microsoft.Azure.PowerShell.Cmdlets.Migrate.Models.Api202001.IHyperVDisk[]","HICP1215B","Microsoft.Azure.PowerShell.Cmdlets.Migrate.Models.Api202001.IHealthErrorDetails[]","UEFI","2",,,,,"Yes","HICP1330A",,"/subscriptions/bc602065-8f71-487b-9fa1-e872b4ce9a79/resourceGroups/rg-dcstratmig-prd-003/providers/Microsoft.OffAzure/HyperVSites/HYPV-AZ-MIGVA24225site/machines/0bb43c80-5194-40a1-8e14-7a8ed731a45a","0bb43c80-5194-40a1-8e14-7a8ed731a45a","False","False","True","Cluster","1048576","0bb43c80-5194-40a1-8e14-7a8ed731a45a","Microsoft.Azure.PowerShell.Cmdlets.Migrate.Models.Api202001.IHyperVNetworkAdapter[]","-1","4","Windows Server 2019 Datacenter","windowsguest","10.0.17763","Running","Microsoft.OffAzure/HyperVSites/machines","2025-02-13T03:22:15.5916741Z","C:\ClusterStorage\Volume1\HICP1215B\Virtual Machines\0BB43C80-5194-40A1-8E14-7A8ED731A45A.VMCX","HICP1215B.olcc.lan","9.0"
"4096",,,,,,,,,,"C6180D66-1C16-4ADA-A9F1-A0CE17EF3D7D","1414-6384-4166-6642-2355-0762-67","HICP1326_CLU.olcc.lan","/subscriptions/bc602065-8f71-487b-9fa1-e872b4ce9a79/resourceGroups/rg-dcstratmig-prd-003/providers/Microsoft.OffAzure/HyperVSites/HYPV-AZ-MIGVA24225site/clusters/hicp1326-clu-olcc-lan-dfe304fe-4c9c-4a21-8ab7-565af1ada800","2025-02-11T20:30:42.5024748Z","Microsoft.Azure.PowerShell.Cmdlets.Migrate.Models.Api202001.IHyperVDisk[]","ATL_RHEL85_CloneTemplate","Microsoft.Azure.PowerShell.Cmdlets.Migrate.Models.Api202001.IHealthErrorDetails[]","UEFI","2",,,,,"Yes","HICP1326B",,"/subscriptions/bc602065-8f71-487b-9fa1-e872b4ce9a79/resourceGroups/rg-dcstratmig-prd-003/providers/Microsoft.OffAzure/HyperVSites/HYPV-AZ-MIGVA24225site/machines/2a0bc2e0-699c-4e95-8653-7af2b777f603","2a0bc2e0-699c-4e95-8653-7af2b777f603","False","False","True","Cluster","1048576","2a0bc2e0-699c-4e95-8653-7af2b777f603","Microsoft.Azure.PowerShell.Cmdlets.Migrate.Models.Api202001.IHyperVNetworkAdapter[]","-1","2",,"otherguestfamily",,"PowerOff","Microsoft.OffAzure/HyperVSites/machines","2025-02-13T03:22:07.0748417Z","C:\ClusterStorage\Volume1\ATL_RHEL85_CloneTemplate\Virtual Machines\2A0BC2E0-699C-4E95-8653-7AF2B777F603.VMCX","","9.0"
"4096",,,,,,,,,,"2F2D6B4C-BDC1-4F56-8871-1053D96117B0","4040-4591-6962-4980-5366-6821-02","HICP1326_CLU.olcc.lan","/subscriptions/bc602065-8f71-487b-9fa1-e872b4ce9a79/resourceGroups/rg-dcstratmig-prd-003/providers/Microsoft.OffAzure/HyperVSites/HYPV-AZ-MIGVA24225site/clusters/hicp1326-clu-olcc-lan-dfe304fe-4c9c-4a21-8ab7-565af1ada800","2025-02-11T20:30:42.7524975Z","Microsoft.Azure.PowerShell.Cmdlets.Migrate.Models.Api202001.IHyperVDisk[]","NP03-APP01B-ROP","Microsoft.Azure.PowerShell.Cmdlets.Migrate.Models.Api202001.IHealthErrorDetails[]","BIOS","1","2/13/2025 2:36:01 AM","Microsoft Windows Server 2019 Standard","Windows","10.0.17763","Yes","HICP1326A",,"/subscriptions/bc602065-8f71-487b-9fa1-e872b4ce9a79/resourceGroups/rg-dcstratmig-prd-003/providers/Microsoft.OffAzure/HyperVSites/HYPV-AZ-MIGVA24225site/machines/fde9be59-bb2d-40eb-abbc-442dded0ff9e","fde9be59-bb2d-40eb-abbc-442dded0ff9e","False","False","False","Cluster","65536","fde9be59-bb2d-40eb-abbc-442dded0ff9e","Microsoft.Azure.PowerShell.Cmdlets.Migrate.Models.Api202001.IHyperVNetworkAdapter[]","47","1","Windows Server 2019 Standard","windowsguest","10.0.17763","Running","Microsoft.OffAzure/HyperVSites/machines","2025-02-13T15:06:05.9812697Z","C:\ClusterStorage\Volume1\NP03-APP01B-ROP\Virtual Machines\FDE9BE59-BB2D-40EB-ABBC-442DDED0FF9E.VMCX","NP03-APP01B-ROP.olcc.lan","9.0"
"24576",,,,,,,,,,"EF18D6B0-A0DF-4EDA-B898-1758279F170D","8468-4654-7741-7708-2115-5663-11","HICP1310_Clu.olcc.lan","/subscriptions/bc602065-8f71-487b-9fa1-e872b4ce9a79/resourceGroups/rg-dcstratmig-prd-003/providers/Microsoft.OffAzure/HyperVSites/HYPV-AZ-MIGVA24225site/clusters/hicp1310-clu-olcc-lan-4fb0bd14-3fa8-4561-ad74-93b04087d47c","2025-02-11T20:30:43.0024990Z","Microsoft.Azure.PowerShell.Cmdlets.Migrate.Models.Api202001.IHyperVDisk[]","HICP2360","Microsoft.Azure.PowerShell.Cmdlets.Migrate.Models.Api202001.IHealthErrorDetails[]","UEFI","2","2/13/2025 3:20:08 AM","Microsoft Windows Server 2019 Standard","Windows","10.0.17763","Yes","HICP1310B",,"/subscriptions/bc602065-8f71-487b-9fa1-e872b4ce9a79/resourceGroups/rg-dcstratmig-prd-003/providers/Microsoft.OffAzure/HyperVSites/HYPV-AZ-MIGVA24225site/machines/60cb4136-6ffb-42b6-b17d-ff5a47047a0b","60cb4136-6ffb-42b6-b17d-ff5a47047a0b","False","False","False","Cluster","1048576","60cb4136-6ffb-42b6-b17d-ff5a47047a0b","Microsoft.Azure.PowerShell.Cmdlets.Migrate.Models.Api202001.IHyperVNetworkAdapter[]","24","12","Windows Server 2019 Standard","windowsguest","10.0.17763","Running","Microsoft.OffAzure/HyperVSites/machines","2025-02-13T03:21:52.5237036Z","C:\ClusterStorage\Volume14\HICP2360\Virtual Machines\60CB4136-6FFB-42B6-B17D-FF5A47047A0B.VMCX","HICP2360.olcc.lan","9.0"
"8192",,,,,,,,,,"E3C7DA76-4BED-41B0-A5CC-ABBE0CED2CE0","2884-7188-3844-6924-5941-3912-98","HICP1326_CLU.olcc.lan","/subscriptions/bc602065-8f71-487b-9fa1-e872b4ce9a79/resourceGroups/rg-dcstratmig-prd-003/providers/Microsoft.OffAzure/HyperVSites/HYPV-AZ-MIGVA24225site/clusters/hicp1326-clu-olcc-lan-dfe304fe-4c9c-4a21-8ab7-565af1ada800","2025-02-11T20:30:43.2524803Z","Microsoft.Azure.PowerShell.Cmdlets.Migrate.Models.Api202001.IHyperVDisk[]","HICU2222B","Microsoft.Azure.PowerShell.Cmdlets.Migrate.Models.Api202001.IHealthErrorDetails[]","UEFI","2","2/13/2025 3:20:31 AM","Microsoft Windows Server 2019 Standard","Windows","10.0.17763","Yes","HICP1326A",,"/subscriptions/bc602065-8f71-487b-9fa1-e872b4ce9a79/resourceGroups/rg-dcstratmig-prd-003/providers/Microsoft.OffAzure/HyperVSites/HYPV-AZ-MIGVA24225site/machines/13c610da-faf8-49ed-9164-5b7f05ef43f2","13c610da-faf8-49ed-9164-5b7f05ef43f2","False","False","False","Cluster","1048576","13c610da-faf8-49ed-9164-5b7f05ef43f2","Microsoft.Azure.PowerShell.Cmdlets.Migrate.Models.Api202001.IHyperVNetworkAdapter[]","39","4","Windows Server 2019 Standard","windowsguest","10.0.17763","Running","Microsoft.OffAzure/HyperVSites/machines","2025-02-13T15:06:06.1062439Z","C:\ClusterStorage\Volume1\HICU2222B\Virtual Machines\13C610DA-FAF8-49ED-9164-5B7F05EF43F2.VMCX","HICU2222B.olcc.lan","9.0"
"16384",,,,,,,,,,"870311E8-9125-4B3E-AE7F-C00D2BC1523A","5963-4236-9771-3739-9274-8169-60","HICP1326_CLU.olcc.lan","/subscriptions/bc602065-8f71-487b-9fa1-e872b4ce9a79/resourceGroups/rg-dcstratmig-prd-003/providers/Microsoft.OffAzure/HyperVSites/HYPV-AZ-MIGVA24225site/clusters/hicp1326-clu-olcc-lan-dfe304fe-4c9c-4a21-8ab7-565af1ada800","2025-02-11T20:30:43.5024913Z","Microsoft.Azure.PowerShell.Cmdlets.Migrate.Models.Api202001.IHyperVDisk[]","HICU3904","Microsoft.Azure.PowerShell.Cmdlets.Migrate.Models.Api202001.IHealthErrorDetails[]","UEFI","2","2/13/2025 3:20:34 AM","Red Hat Enterprise Linux","Linux","8.10","Yes","HICP1326B",,"/subscriptions/bc602065-8f71-487b-9fa1-e872b4ce9a79/resourceGroups/rg-dcstratmig-prd-003/providers/Microsoft.OffAzure/HyperVSites/HYPV-AZ-MIGVA24225site/machines/d84eb1a7-3c3c-4e8f-a4b0-cbde2cce99dc","d84eb1a7-3c3c-4e8f-a4b0-cbde2cce99dc","False","False","False","Cluster","1048576","d84eb1a7-3c3c-4e8f-a4b0-cbde2cce99dc","Microsoft.Azure.PowerShell.Cmdlets.Migrate.Models.Api202001.IHyperVNetworkAdapter[]","73","4","Red Hat Enterprise Linux","linuxguest","4.18.0","Running","Microsoft.OffAzure/HyperVSites/machines","2025-02-13T15:18:25.0620488Z","C:\ClusterStorage\Volume1\HICU3904\Virtual Machines\D84EB1A7-3C3C-4E8F-A4B0-CBDE2CCE99DC.VMCX","hicu3904","9.0"
"4096",,,,,,,,,,"4D34D9D5-9F76-4AEA-AD18-010B4777DD10","0561-9961-4268-7451-9040-6691-93","HICP1310_Clu.olcc.lan","/subscriptions/bc602065-8f71-487b-9fa1-e872b4ce9a79/resourceGroups/rg-dcstratmig-prd-003/providers/Microsoft.OffAzure/HyperVSites/HYPV-AZ-MIGVA24225site/clusters/hicp1310-clu-olcc-lan-4fb0bd14-3fa8-4561-ad74-93b04087d47c","2025-02-11T20:30:43.7524889Z","Microsoft.Azure.PowerShell.Cmdlets.Migrate.Models.Api202001.IHyperVDisk[]","HICP2300","Microsoft.Azure.PowerShell.Cmdlets.Migrate.Models.Api202001.IHealthErrorDetails[]","UEFI","2","2/13/2025 3:20:17 AM","Microsoft Windows Server 2019 Standard","Windows","10.0.17763","Yes","HICP1319",,"/subscriptions/bc602065-8f71-487b-9fa1-e872b4ce9a79/resourceGroups/rg-dcstratmig-prd-003/providers/Microsoft.OffAzure/HyperVSites/HYPV-AZ-MIGVA24225site/machines/1b7c36f3-e5f1-4e4c-bd6c-1619071ba609","1b7c36f3-e5f1-4e4c-bd6c-1619071ba609","False","False","False","Cluster","1048576","1b7c36f3-e5f1-4e4c-bd6c-1619071ba609","Microsoft.Azure.PowerShell.Cmdlets.Migrate.Models.Api202001.IHyperVNetworkAdapter[]","35","2","Windows Server 2019 Standard","windowsguest","10.0.17763","Running","Microsoft.OffAzure/HyperVSites/machines","2025-02-13T03:21:59.5550496Z","C:\ClusterStorage\Volume14\HICP2300\Virtual Machines\1B7C36F3-E5F1-4E4C-BD6C-1619071BA609.VMCX","HICP2300.olcc.lan","9.0"
"8192",,,,,,,,,,"DDB9A33F-CA3D-4899-A7ED-A01F5F4A13DA","8120-6945-6260-6451-1581-8366-97","HICP1310_Clu.olcc.lan","/subscriptions/bc602065-8f71-487b-9fa1-e872b4ce9a79/resourceGroups/rg-dcstratmig-prd-003/providers/Microsoft.OffAzure/HyperVSites/HYPV-AZ-MIGVA24225site/clusters/hicp1310-clu-olcc-lan-4fb0bd14-3fa8-4561-ad74-93b04087d47c","2025-02-11T20:30:44.0024977Z","Microsoft.Azure.PowerShell.Cmdlets.Migrate.Models.Api202001.IHyperVDisk[]","HICP0051A","Microsoft.Azure.PowerShell.Cmdlets.Migrate.Models.Api202001.IHealthErrorDetails[]","UEFI","2","2/13/2025 3:19:09 AM","Microsoft Windows Server 2019 Standard","Windows","10.0.17763","Yes","HICP1314",,"/subscriptions/bc602065-8f71-487b-9fa1-e872b4ce9a79/resourceGroups/rg-dcstratmig-prd-003/providers/Microsoft.OffAzure/HyperVSites/HYPV-AZ-MIGVA24225site/machines/690668f0-4348-4055-942e-f8e7d01f0c52","690668f0-4348-4055-942e-f8e7d01f0c52","False","False","False","Cluster","1048576","690668f0-4348-4055-942e-f8e7d01f0c52","Microsoft.Azure.PowerShell.Cmdlets.Migrate.Models.Api202001.IHyperVNetworkAdapter[]","21","4","Windows Server 2019 Standard","windowsguest","10.0.17763","Running","Microsoft.OffAzure/HyperVSites/machines","2025-02-13T03:22:39.6868843Z","C:\ClusterStorage\Volume11\HICP0051A\Virtual Machines\690668F0-4348-4055-942E-F8E7D01F0C52.VMCX","HICP0051A.olcc.lan","9.0"
"12288",,,,,,,,,,"E05FFC57-C189-483C-A27B-4EA705E82549","5732-5892-4594-2919-9556-7296-08","HICP1326_CLU.olcc.lan","/subscriptions/bc602065-8f71-487b-9fa1-e872b4ce9a79/resourceGroups/rg-dcstratmig-prd-003/providers/Microsoft.OffAzure/HyperVSites/HYPV-AZ-MIGVA24225site/clusters/hicp1326-clu-olcc-lan-dfe304fe-4c9c-4a21-8ab7-565af1ada800","2025-02-11T20:30:44.2524953Z","Microsoft.Azure.PowerShell.Cmdlets.Migrate.Models.Api202001.IHyperVDisk[]","OLWEBUATADM","Microsoft.Azure.PowerShell.Cmdlets.Migrate.Models.Api202001.IHealthErrorDetails[]","BIOS","1",,,,,"Yes","HICP1326B",,"/subscriptions/bc602065-8f71-487b-9fa1-e872b4ce9a79/resourceGroups/rg-dcstratmig-prd-003/providers/Microsoft.OffAzure/HyperVSites/HYPV-AZ-MIGVA24225site/machines/0a19ab24-f0fb-4d4d-a128-0e908c2ff701","0a19ab24-f0fb-4d4d-a128-0e908c2ff701","False","False","True","Cluster","65536","0a19ab24-f0fb-4d4d-a128-0e908c2ff701","Microsoft.Azure.PowerShell.Cmdlets.Migrate.Models.Api202001.IHyperVNetworkAdapter[]","-1","4",,"otherguestfamily",,"PowerOff","Microsoft.OffAzure/HyperVSites/machines","2025-02-13T03:21:33.7326605Z","C:\ClusterStorage\Volume1\OLWEBUATADM\Virtual Machines\0A19AB24-F0FB-4D4D-A128-0E908C2FF701.VMCX","","9.0"
"8192",,,,,,,,,,"946D6042-D9CA-4AEB-987D-5FE336ED58F0","2793-3632-9552-1402-1548-6239-02","HICP1310_Clu.olcc.lan","/subscriptions/bc602065-8f71-487b-9fa1-e872b4ce9a79/resourceGroups/rg-dcstratmig-prd-003/providers/Microsoft.OffAzure/HyperVSites/HYPV-AZ-MIGVA24225site/clusters/hicp1310-clu-olcc-lan-4fb0bd14-3fa8-4561-ad74-93b04087d47c","2025-02-11T20:30:44.5024884Z","Microsoft.Azure.PowerShell.Cmdlets.Migrate.Models.Api202001.IHyperVDisk[]","HICP2127","Microsoft.Azure.PowerShell.Cmdlets.Migrate.Models.Api202001.IHealthErrorDetails[]","UEFI","2","2/13/2025 3:21:18 AM","Microsoft Windows Server 2022 Standard","Windows","10.0.20348","Yes","HICP1310",,"/subscriptions/bc602065-8f71-487b-9fa1-e872b4ce9a79/resourceGroups/rg-dcstratmig-prd-003/providers/Microsoft.OffAzure/HyperVSites/HYPV-AZ-MIGVA24225site/machines/df4ad85e-85ee-4b8e-87b4-09306dd98dd5","df4ad85e-85ee-4b8e-87b4-09306dd98dd5","False","False","False","Cluster","1048576","df4ad85e-85ee-4b8e-87b4-09306dd98dd5","Microsoft.Azure.PowerShell.Cmdlets.Migrate.Models.Api202001.IHyperVNetworkAdapter[]","13","2","Windows Server 2022 Standard","windowsguest","10.0.20348","Running","Microsoft.OffAzure/HyperVSites/machines","2025-02-13T03:22:59.5680651Z","C:\ClusterStorage\Volume14\HICP2127\Virtual Machines\DF4AD85E-85EE-4B8E-87B4-09306DD98DD5.VMCX","HICP2127.olcc.lan","9.0"
"8192",,,,,,,,,,"57C7D594-226D-41E5-AC36-98FF521CFC71","8004-6582-6640-5343-0333-9519-66","HICP1310_Clu.olcc.lan","/subscriptions/bc602065-8f71-487b-9fa1-e872b4ce9a79/resourceGroups/rg-dcstratmig-prd-003/providers/Microsoft.OffAzure/HyperVSites/HYPV-AZ-MIGVA24225site/clusters/hicp1310-clu-olcc-lan-4fb0bd14-3fa8-4561-ad74-93b04087d47c","2025-02-11T20:30:44.7524983Z","Microsoft.Azure.PowerShell.Cmdlets.Migrate.Models.Api202001.IHyperVDisk[]","HICP2226F","Microsoft.Azure.PowerShell.Cmdlets.Migrate.Models.Api202001.IHealthErrorDetails[]","UEFI","2","2/13/2025 1:28:08 AM","Microsoft Windows Server 2019 Standard","Windows","10.0.17763","Yes","HICP1310",,"/subscriptions/bc602065-8f71-487b-9fa1-e872b4ce9a79/resourceGroups/rg-dcstratmig-prd-003/providers/Microsoft.OffAzure/HyperVSites/HYPV-AZ-MIGVA24225site/machines/29a8aaa7-35cd-4ce9-ac8e-9295f8aeac3a","29a8aaa7-35cd-4ce9-ac8e-9295f8aeac3a","False","False","False","Cluster","1048576","29a8aaa7-35cd-4ce9-ac8e-9295f8aeac3a","Microsoft.Azure.PowerShell.Cmdlets.Migrate.Models.Api202001.IHyperVNetworkAdapter[]","5","4","Windows Server 2019 Standard","windowsguest","10.0.17763","Running","Microsoft.OffAzure/HyperVSites/machines","2025-02-13T15:06:06.2312620Z","C:\ClusterStorage\Volume13\HICP2226F\Virtual Machines\29A8AAA7-35CD-4CE9-AC8E-9295F8AEAC3A.VMCX","HICP2226F.olcc.lan","9.0"
"8192",,,,,,,,,,"023DECF2-0EDA-4922-B39B-EB338D9BF7E9","9696-6374-0571-4892-7901-0672-99","HICP1310_Clu.olcc.lan","/subscriptions/bc602065-8f71-487b-9fa1-e872b4ce9a79/resourceGroups/rg-dcstratmig-prd-003/providers/Microsoft.OffAzure/HyperVSites/HYPV-AZ-MIGVA24225site/clusters/hicp1310-clu-olcc-lan-4fb0bd14-3fa8-4561-ad74-93b04087d47c","2025-02-11T20:30:45.0024967Z","Microsoft.Azure.PowerShell.Cmdlets.Migrate.Models.Api202001.IHyperVDisk[]","FLOLVRMQPRD1","Microsoft.Azure.PowerShell.Cmdlets.Migrate.Models.Api202001.IHealthErrorDetails[]","BIOS","1","2/13/2025 3:21:11 AM","Microsoft Windows Server 2016 Standard","Windows","10.0.14393","Yes","HICP1318",,"/subscriptions/bc602065-8f71-487b-9fa1-e872b4ce9a79/resourceGroups/rg-dcstratmig-prd-003/providers/Microsoft.OffAzure/HyperVSites/HYPV-AZ-MIGVA24225site/machines/28cc1004-ded8-40fc-8a0c-2ca11db2fb1a","28cc1004-ded8-40fc-8a0c-2ca11db2fb1a","False","False","False","Cluster","65536","28cc1004-ded8-40fc-8a0c-2ca11db2fb1a","Microsoft.Azure.PowerShell.Cmdlets.Migrate.Models.Api202001.IHyperVNetworkAdapter[]","49","4","Windows Server 2016 Standard","windowsguest","10.0.14393","Running","Microsoft.OffAzure/HyperVSites/machines","2025-02-13T15:06:06.3406888Z","C:\ClusterStorage\Volume11\FLOLVRMQPRD1\Virtual Machines\28CC1004-DED8-40FC-8A0C-2CA11DB2FB1A.VMCX","FLOLVRMQPRD1.olcc.lan","9.0"
"20480",,,,,,,,,,"3D7BD7A2-4B82-487A-B1BB-CD22E8D118A9","2290-8197-3651-3415-9394-0255-58","HICP1310_Clu.olcc.lan","/subscriptions/bc602065-8f71-487b-9fa1-e872b4ce9a79/resourceGroups/rg-dcstratmig-prd-003/providers/Microsoft.OffAzure/HyperVSites/HYPV-AZ-MIGVA24225site/clusters/hicp1310-clu-olcc-lan-4fb0bd14-3fa8-4561-ad74-93b04087d47c","2025-02-11T20:30:45.6274981Z","Microsoft.Azure.PowerShell.Cmdlets.Migrate.Models.Api202001.IHyperVDisk[]","HICP2180B","Microsoft.Azure.PowerShell.Cmdlets.Migrate.Models.Api202001.IHealthErrorDetails[]","UEFI","2","2/13/2025 3:20:39 AM","Microsoft Windows Server 2016 Standard","Windows","10.0.14393","Yes","HICP1316",,"/subscriptions/bc602065-8f71-487b-9fa1-e872b4ce9a79/resourceGroups/rg-dcstratmig-prd-003/providers/Microsoft.OffAzure/HyperVSites/HYPV-AZ-MIGVA24225site/machines/882f0d6e-271c-443f-9700-3751cda94efe","882f0d6e-271c-443f-9700-3751cda94efe","False","False","False","Cluster","1048576","882f0d6e-271c-443f-9700-3751cda94efe","Microsoft.Azure.PowerShell.Cmdlets.Migrate.Models.Api202001.IHyperVNetworkAdapter[]","24","8","Windows Server 2016 Standard","windowsguest","10.0.14393","Running","Microsoft.OffAzure/HyperVSites/machines","2025-02-13T03:22:51.0620782Z","C:\ClusterStorage\Volume13\HICP2180B\Virtual Machines\882F0D6E-271C-443F-9700-3751CDA94EFE.VMCX","HICP2180B.olcc.lan","9.0"
"8192",,,,,,,,,,"C7243C36-D6B8-4212-AC3C-A625719FAA18","5187-3713-2613-1928-0115-3749-45","HICP1310_Clu.olcc.lan","/subscriptions/bc602065-8f71-487b-9fa1-e872b4ce9a79/resourceGroups/rg-dcstratmig-prd-003/providers/Microsoft.OffAzure/HyperVSites/HYPV-AZ-MIGVA24225site/clusters/hicp1310-clu-olcc-lan-4fb0bd14-3fa8-4561-ad74-93b04087d47c","2025-02-11T20:30:45.8775020Z","Microsoft.Azure.PowerShell.Cmdlets.Migrate.Models.Api202001.IHyperVDisk[]","DC01-F2F-RP","Microsoft.Azure.PowerShell.Cmdlets.Migrate.Models.Api202001.IHealthErrorDetails[]","BIOS","1",,,,,"Yes","HICP1310C",,"/subscriptions/bc602065-8f71-487b-9fa1-e872b4ce9a79/resourceGroups/rg-dcstratmig-prd-003/providers/Microsoft.OffAzure/HyperVSites/HYPV-AZ-MIGVA24225site/machines/0065da83-5f46-47be-8d12-f1e07ffd5e33","0065da83-5f46-47be-8d12-f1e07ffd5e33","False","False","True","Cluster","65536","0065da83-5f46-47be-8d12-f1e07ffd5e33","Microsoft.Azure.PowerShell.Cmdlets.Migrate.Models.Api202001.IHyperVNetworkAdapter[]","-1","2",,"otherguestfamily",,"PowerOff","Microsoft.OffAzure/HyperVSites/machines","2025-02-13T03:22:00.5651263Z","C:\ClusterStorage\Volume13\DC01-F2F-RP\Virtual Machines\0065DA83-5F46-47BE-8D12-F1E07FFD5E33.VMCX","","9.0"
"16384",,,,,,,,,,"12A0A85A-EF5F-4CD8-AD3F-BACA7E1D05DE","4755-6891-3143-3118-3282-6038-70","HICP1310_Clu.olcc.lan","/subscriptions/bc602065-8f71-487b-9fa1-e872b4ce9a79/resourceGroups/rg-dcstratmig-prd-003/providers/Microsoft.OffAzure/HyperVSites/HYPV-AZ-MIGVA24225site/clusters/hicp1310-clu-olcc-lan-4fb0bd14-3fa8-4561-ad74-93b04087d47c","2025-02-11T20:30:46.1275201Z","Microsoft.Azure.PowerShell.Cmdlets.Migrate.Models.Api202001.IHyperVDisk[]","HICP2752","Microsoft.Azure.PowerShell.Cmdlets.Migrate.Models.Api202001.IHealthErrorDetails[]","UEFI","2","2/13/2025 3:19:45 AM","Microsoft Windows Server 2019 Standard","Windows","10.0.17763","Yes","HICP1310",,"/subscriptions/bc602065-8f71-487b-9fa1-e872b4ce9a79/resourceGroups/rg-dcstratmig-prd-003/providers/Microsoft.OffAzure/HyperVSites/HYPV-AZ-MIGVA24225site/machines/d75f9291-c147-44ea-9e08-dc56b5e2e74e","d75f9291-c147-44ea-9e08-dc56b5e2e74e","False","False","False","Cluster","1048576","d75f9291-c147-44ea-9e08-dc56b5e2e74e","Microsoft.Azure.PowerShell.Cmdlets.Migrate.Models.Api202001.IHyperVNetworkAdapter[]","23","4","Windows Server 2019 Standard","windowsguest","10.0.17763","Running","Microsoft.OffAzure/HyperVSites/machines","2025-02-13T03:19:45.1866376Z","C:\ClusterStorage\Volume2\HICP2752\Virtual Machines\D75F9291-C147-44EA-9E08-DC56B5E2E74E.VMCX","HICP2752.olcc.lan","9.0"
"16384",,,,,,,,,,"7EE1D077-D192-4F29-B590-62568951135A","7023-9318-7140-9538-7310-9592-18","HICP1310_Clu.olcc.lan","/subscriptions/bc602065-8f71-487b-9fa1-e872b4ce9a79/resourceGroups/rg-dcstratmig-prd-003/providers/Microsoft.OffAzure/HyperVSites/HYPV-AZ-MIGVA24225site/clusters/hicp1310-clu-olcc-lan-4fb0bd14-3fa8-4561-ad74-93b04087d47c","2025-02-11T20:30:46.6274941Z","Microsoft.Azure.PowerShell.Cmdlets.Migrate.Models.Api202001.IHyperVDisk[]","HICP2940","Microsoft.Azure.PowerShell.Cmdlets.Migrate.Models.Api202001.IHealthErrorDetails[]","UEFI","2","2/13/2025 3:20:26 AM","Microsoft Windows Server 2019 Standard","Windows","10.0.17763","Yes","HICP1317",,"/subscriptions/bc602065-8f71-487b-9fa1-e872b4ce9a79/resourceGroups/rg-dcstratmig-prd-003/providers/Microsoft.OffAzure/HyperVSites/HYPV-AZ-MIGVA24225site/machines/a0312ea8-779a-4855-a625-072825b6e05c","a0312ea8-779a-4855-a625-072825b6e05c","False","False","False","Cluster","1048576","a0312ea8-779a-4855-a625-072825b6e05c","Microsoft.Azure.PowerShell.Cmdlets.Migrate.Models.Api202001.IHyperVNetworkAdapter[]","48","6","Windows Server 2019 Standard","windowsguest","10.0.17763","Running","Microsoft.OffAzure/HyperVSites/machines","2025-02-13T03:22:05.5686595Z","C:\ClusterStorage\Volume14\HICP2940-2-2\HICP2940-2\Virtual Machines\A0312EA8-779A-4855-A625-072825B6E05C.VMCX","HICP2940.olcc.lan","9.0"
"16384",,,,,,,,,,"EDAB255B-B4C4-4367-8BC1-36D7520EB90E","5104-1794-3538-5859-3621-3534-80","HICP1310_Clu.olcc.lan","/subscriptions/bc602065-8f71-487b-9fa1-e872b4ce9a79/resourceGroups/rg-dcstratmig-prd-003/providers/Microsoft.OffAzure/HyperVSites/HYPV-AZ-MIGVA24225site/clusters/hicp1310-clu-olcc-lan-4fb0bd14-3fa8-4561-ad74-93b04087d47c","2025-02-11T20:30:46.8774916Z","Microsoft.Azure.PowerShell.Cmdlets.Migrate.Models.Api202001.IHyperVDisk[]","HICP5504A","Microsoft.Azure.PowerShell.Cmdlets.Migrate.Models.Api202001.IHealthErrorDetails[]","UEFI","2",,,,,"Yes","HICP1318",,"/subscriptions/bc602065-8f71-487b-9fa1-e872b4ce9a79/resourceGroups/rg-dcstratmig-prd-003/providers/Microsoft.OffAzure/HyperVSites/HYPV-AZ-MIGVA24225site/machines/0c3035d2-1a56-4552-ada9-f802c4894a78","0c3035d2-1a56-4552-ada9-f802c4894a78","False","False","True","Cluster","1048576","0c3035d2-1a56-4552-ada9-f802c4894a78","Microsoft.Azure.PowerShell.Cmdlets.Migrate.Models.Api202001.IHyperVNetworkAdapter[]","-1","6","Windows Server 2022 Standard","windowsguest","10.0.20348","Running","Microsoft.OffAzure/HyperVSites/machines","2025-02-13T03:21:40.2579497Z","C:\ClusterStorage\Volume12\HICP5504A\Virtual Machines\0C3035D2-1A56-4552-ADA9-F802C4894A78.VMCX","HICP5504A.olcc.lan","9.0"
"12288",,,,,,,,,,"4A4B4AF2-57C1-4A67-9E21-55AE43CDB36A","9418-7736-6551-7219-1166-8359-62","HICP1310_Clu.olcc.lan","/subscriptions/bc602065-8f71-487b-9fa1-e872b4ce9a79/resourceGroups/rg-dcstratmig-prd-003/providers/Microsoft.OffAzure/HyperVSites/HYPV-AZ-MIGVA24225site/clusters/hicp1310-clu-olcc-lan-4fb0bd14-3fa8-4561-ad74-93b04087d47c","2025-02-11T20:30:47.1274710Z","Microsoft.Azure.PowerShell.Cmdlets.Migrate.Models.Api202001.IHyperVDisk[]","HICP2751","Microsoft.Azure.PowerShell.Cmdlets.Migrate.Models.Api202001.IHealthErrorDetails[]","UEFI","2","2/13/2025 3:21:17 AM","Microsoft Windows Server 2019 Standard","Windows","10.0.17763","Yes","HICP1314",,"/subscriptions/bc602065-8f71-487b-9fa1-e872b4ce9a79/resourceGroups/rg-dcstratmig-prd-003/providers/Microsoft.OffAzure/HyperVSites/HYPV-AZ-MIGVA24225site/machines/ab06fc49-ddb4-45a9-a7d3-e3d3c640117e","ab06fc49-ddb4-45a9-a7d3-e3d3c640117e","False","False","False","Cluster","1048576","ab06fc49-ddb4-45a9-a7d3-e3d3c640117e","Microsoft.Azure.PowerShell.Cmdlets.Migrate.Models.Api202001.IHyperVNetworkAdapter[]","23","4","Windows Server 2019 Standard","windowsguest","10.0.17763","Running","Microsoft.OffAzure/HyperVSites/machines","2025-02-13T15:06:06.4812586Z","C:\ClusterStorage\Volume10_ISYN\HICP2751\Virtual Machines\AB06FC49-DDB4-45A9-A7D3-E3D3C640117E.VMCX","HICP2751.olcc.lan","9.0"
"32768",,,,,,,,,,"4A4B4AF2-57C1-4A67-9E21-55AE43CDB36A","9418-7736-6551-7219-1166-8359-62","HICP1310_Clu.olcc.lan","/subscriptions/bc602065-8f71-487b-9fa1-e872b4ce9a79/resourceGroups/rg-dcstratmig-prd-003/providers/Microsoft.OffAzure/HyperVSites/HYPV-AZ-MIGVA24225site/clusters/hicp1310-clu-olcc-lan-4fb0bd14-3fa8-4561-ad74-93b04087d47c","2025-02-11T20:30:47.3774989Z","Microsoft.Azure.PowerShell.Cmdlets.Migrate.Models.Api202001.IHyperVDisk[]","HICP2103","Microsoft.Azure.PowerShell.Cmdlets.Migrate.Models.Api202001.IHealthErrorDetails[]","UEFI","2","2/13/2025 3:19:21 AM","Microsoft Windows Server 2019 Standard","Windows","10.0.17763","Yes","HICP1317",,"/subscriptions/bc602065-8f71-487b-9fa1-e872b4ce9a79/resourceGroups/rg-dcstratmig-prd-003/providers/Microsoft.OffAzure/HyperVSites/HYPV-AZ-MIGVA24225site/machines/e5437ae8-a8d8-4320-999b-9ab1c385a0fe","e5437ae8-a8d8-4320-999b-9ab1c385a0fe","False","False","False","Cluster","1048576","e5437ae8-a8d8-4320-999b-9ab1c385a0fe","Microsoft.Azure.PowerShell.Cmdlets.Migrate.Models.Api202001.IHyperVNetworkAdapter[]","146","8","Windows Server 2019 Standard","windowsguest","10.0.17763","Running","Microsoft.OffAzure/HyperVSites/machines","2025-02-13T15:06:06.5906598Z","C:\ClusterStorage\Volume13\HICP2103\Virtual Machines\E5437AE8-A8D8-4320-999B-9AB1C385A0FE.VMCX","HICP2103.olcc.lan","9.0"
"4096",,,,,,,,,,"CC943063-B6C8-4401-9A6F-2237F1A4D74C","4370-6605-3322-5783-2824-2470-82","HICP1310_Clu.olcc.lan","/subscriptions/bc602065-8f71-487b-9fa1-e872b4ce9a79/resourceGroups/rg-dcstratmig-prd-003/providers/Microsoft.OffAzure/HyperVSites/HYPV-AZ-MIGVA24225site/clusters/hicp1310-clu-olcc-lan-4fb0bd14-3fa8-4561-ad74-93b04087d47c","2025-02-11T20:30:47.6275305Z","Microsoft.Azure.PowerShell.Cmdlets.Migrate.Models.Api202001.IHyperVDisk[]","HICP1006","Microsoft.Azure.PowerShell.Cmdlets.Migrate.Models.Api202001.IHealthErrorDetails[]","UEFI","2","2/13/2025 3:20:40 AM","Microsoft Windows Server 2022 Standard","Windows","10.0.20348","Yes","HICP1319",,"/subscriptions/bc602065-8f71-487b-9fa1-e872b4ce9a79/resourceGroups/rg-dcstratmig-prd-003/providers/Microsoft.OffAzure/HyperVSites/HYPV-AZ-MIGVA24225site/machines/a1f219eb-21a4-459b-8456-70bce7e6ecc9","a1f219eb-21a4-459b-8456-70bce7e6ecc9","False","False","False","Cluster","1048576","a1f219eb-21a4-459b-8456-70bce7e6ecc9","Microsoft.Azure.PowerShell.Cmdlets.Migrate.Models.Api202001.IHyperVNetworkAdapter[]","15","2","Windows Server 2022 Standard","windowsguest","10.0.20348","Running","Microsoft.OffAzure/HyperVSites/machines","2025-02-13T03:20:40.2159951Z","C:\ClusterStorage\Volume12\HICP1006\Virtual Machines\A1F219EB-21A4-459B-8456-70BCE7E6ECC9.VMCX","HICP1006.olcc.lan","9.0"
"20480",,,,,,,,,,"2D9D755F-B407-47DC-BA15-E9579D721928","9509-1797-9962-6592-0078-0929-15","HICP1310_Clu.olcc.lan","/subscriptions/bc602065-8f71-487b-9fa1-e872b4ce9a79/resourceGroups/rg-dcstratmig-prd-003/providers/Microsoft.OffAzure/HyperVSites/HYPV-AZ-MIGVA24225site/clusters/hicp1310-clu-olcc-lan-4fb0bd14-3fa8-4561-ad74-93b04087d47c","2025-02-11T20:30:47.8775067Z","Microsoft.Azure.PowerShell.Cmdlets.Migrate.Models.Api202001.IHyperVDisk[]","HICP2180C","Microsoft.Azure.PowerShell.Cmdlets.Migrate.Models.Api202001.IHealthErrorDetails[]","UEFI","2","2/13/2025 3:20:49 AM","Microsoft Windows Server 2016 Standard","Windows","10.0.14393","Yes","HICP1310C",,"/subscriptions/bc602065-8f71-487b-9fa1-e872b4ce9a79/resourceGroups/rg-dcstratmig-prd-003/providers/Microsoft.OffAzure/HyperVSites/HYPV-AZ-MIGVA24225site/machines/29b0e6b0-f577-4bd8-a42c-abf991f8c221","29b0e6b0-f577-4bd8-a42c-abf991f8c221","False","False","False","Cluster","1048576","29b0e6b0-f577-4bd8-a42c-abf991f8c221","Microsoft.Azure.PowerShell.Cmdlets.Migrate.Models.Api202001.IHyperVNetworkAdapter[]","17","8","Windows Server 2016 Standard","windowsguest","10.0.14393","Running","Microsoft.OffAzure/HyperVSites/machines","2025-02-13T03:20:49.8412321Z","C:\ClusterStorage\Volume2\HICP2180C\Virtual Machines\29B0E6B0-F577-4BD8-A42C-ABF991F8C221.VMCX","HICP2180C.olcc.lan","9.0"
"16384",,,,,,,,,,"A951BA3D-4E50-49BB-B33E-0077152FB4BC","6789-1486-0642-7483-4926-0133-30","HICP1310_Clu.olcc.lan","/subscriptions/bc602065-8f71-487b-9fa1-e872b4ce9a79/resourceGroups/rg-dcstratmig-prd-003/providers/Microsoft.OffAzure/HyperVSites/HYPV-AZ-MIGVA24225site/clusters/hicp1310-clu-olcc-lan-4fb0bd14-3fa8-4561-ad74-93b04087d47c","2025-02-11T20:30:48.1282888Z","Microsoft.Azure.PowerShell.Cmdlets.Migrate.Models.Api202001.IHyperVDisk[]","DC01-SEC-EPOPRD","Microsoft.Azure.PowerShell.Cmdlets.Migrate.Models.Api202001.IHealthErrorDetails[]","BIOS","1","2/13/2025 3:20:03 AM","Microsoft Windows Server 2016 Standard","Windows","10.0.14393","Yes","HICP1311",,"/subscriptions/bc602065-8f71-487b-9fa1-e872b4ce9a79/resourceGroups/rg-dcstratmig-prd-003/providers/Microsoft.OffAzure/HyperVSites/HYPV-AZ-MIGVA24225site/machines/402eaca1-4f88-4964-8334-1f02b2fe28c8","402eaca1-4f88-4964-8334-1f02b2fe28c8","False","False","False","Cluster","65536","402eaca1-4f88-4964-8334-1f02b2fe28c8","Microsoft.Azure.PowerShell.Cmdlets.Migrate.Models.Api202001.IHyperVNetworkAdapter[]","52","2","Windows Server 2016 Standard","windowsguest","10.0.14393","Running","Microsoft.OffAzure/HyperVSites/machines","2025-02-13T03:21:46.7736099Z","C:\ClusterStorage\Volume11\DC01-SEC-EPOPRD\Virtual Machines\402EACA1-4F88-4964-8334-1F02B2FE28C8.VMCX","DC01-SEC-EPOPRD.olcc.lan","9.0"
"8192",,,,,,,,,,"3C52BB4B-0E51-4E46-93C5-2A66BC8AD54A","7199-4662-4341-5695-4897-4637-05","HICP1310_Clu.olcc.lan","/subscriptions/bc602065-8f71-487b-9fa1-e872b4ce9a79/resourceGroups/rg-dcstratmig-prd-003/providers/Microsoft.OffAzure/HyperVSites/HYPV-AZ-MIGVA24225site/clusters/hicp1310-clu-olcc-lan-4fb0bd14-3fa8-4561-ad74-93b04087d47c","2025-02-11T20:30:48.3774773Z","Microsoft.Azure.PowerShell.Cmdlets.Migrate.Models.Api202001.IHyperVDisk[]","HICP2386","Microsoft.Azure.PowerShell.Cmdlets.Migrate.Models.Api202001.IHealthErrorDetails[]","UEFI","2","2/13/2025 3:21:29 AM","Microsoft Windows Server 2019 Standard","Windows","10.0.17763","Yes","HICP1310",,"/subscriptions/bc602065-8f71-487b-9fa1-e872b4ce9a79/resourceGroups/rg-dcstratmig-prd-003/providers/Microsoft.OffAzure/HyperVSites/HYPV-AZ-MIGVA24225site/machines/7eb1093a-f5de-4452-a82f-c36b991301f4","7eb1093a-f5de-4452-a82f-c36b991301f4","False","False","False","Cluster","1048576","7eb1093a-f5de-4452-a82f-c36b991301f4","Microsoft.Azure.PowerShell.Cmdlets.Migrate.Models.Api202001.IHyperVNetworkAdapter[]","486","4","Windows Server 2019 Standard","windowsguest","10.0.17763","Running","Microsoft.OffAzure/HyperVSites/machines","2025-02-13T03:23:02.7146118Z","C:\ClusterStorage\Volume14\HICP2386\Virtual Machines\7EB1093A-F5DE-4452-A82F-C36B991301F4.VMCX","HICP2386.olcc.lan","9.0"
"8192",,,,,,,,,,"FB3856CE-A040-47A9-B268-817D05A5E34C","5862-6560-7404-9496-7305-5182-25","HICP1310_Clu.olcc.lan","/subscriptions/bc602065-8f71-487b-9fa1-e872b4ce9a79/resourceGroups/rg-dcstratmig-prd-003/providers/Microsoft.OffAzure/HyperVSites/HYPV-AZ-MIGVA24225site/clusters/hicp1310-clu-olcc-lan-4fb0bd14-3fa8-4561-ad74-93b04087d47c","2025-02-11T20:30:48.6274895Z","Microsoft.Azure.PowerShell.Cmdlets.Migrate.Models.Api202001.IHyperVDisk[]","DC01-SEC-COL","Microsoft.Azure.PowerShell.Cmdlets.Migrate.Models.Api202001.IHealthErrorDetails[]","BIOS","1","2/13/2025 3:19:12 AM","Microsoft Windows Server 2016 Standard","Windows","10.0.14393","Yes","HICP1310",,"/subscriptions/bc602065-8f71-487b-9fa1-e872b4ce9a79/resourceGroups/rg-dcstratmig-prd-003/providers/Microsoft.OffAzure/HyperVSites/HYPV-AZ-MIGVA24225site/machines/ab3add55-6738-46fd-85ca-7e00a1637512","ab3add55-6738-46fd-85ca-7e00a1637512","False","False","False","Cluster","65536","ab3add55-6738-46fd-85ca-7e00a1637512","Microsoft.Azure.PowerShell.Cmdlets.Migrate.Models.Api202001.IHyperVNetworkAdapter[]","41","4","Windows Server 2016 Standard","windowsguest","10.0.14393","Running","Microsoft.OffAzure/HyperVSites/machines","2025-02-13T03:22:40.4369100Z","C:\ClusterStorage\Volume13\DC01-SEC-COL\Virtual Machines\AB3ADD55-6738-46FD-85CA-7E00A1637512.VMCX","DC01-SEC-COL.olcc.lan","9.0"
"4096",,,,,,,,,,"DD6249A5-7B76-423C-8DD9-D66250DA13E2","1057-2821-2112-7406-6305-0352-04","HICP1310_Clu.olcc.lan","/subscriptions/bc602065-8f71-487b-9fa1-e872b4ce9a79/resourceGroups/rg-dcstratmig-prd-003/providers/Microsoft.OffAzure/HyperVSites/HYPV-AZ-MIGVA24225site/clusters/hicp1310-clu-olcc-lan-4fb0bd14-3fa8-4561-ad74-93b04087d47c","2025-02-11T20:30:48.8775287Z","Microsoft.Azure.PowerShell.Cmdlets.Migrate.Models.Api202001.IHyperVDisk[]","OLPRDSOA1","Microsoft.Azure.PowerShell.Cmdlets.Migrate.Models.Api202001.IHealthErrorDetails[]","BIOS","1","2/13/2025 3:21:05 AM","Microsoft Windows Server 2019 Standard","Windows","10.0.17763","Yes","HICP1310",,"/subscriptions/bc602065-8f71-487b-9fa1-e872b4ce9a79/resourceGroups/rg-dcstratmig-prd-003/providers/Microsoft.OffAzure/HyperVSites/HYPV-AZ-MIGVA24225site/machines/3500ec14-acef-4371-b769-b714d6630db8","3500ec14-acef-4371-b769-b714d6630db8","False","False","False","Cluster","65536","3500ec14-acef-4371-b769-b714d6630db8","Microsoft.Azure.PowerShell.Cmdlets.Migrate.Models.Api202001.IHyperVNetworkAdapter[]","44","2","Windows Server 2019 Standard","windowsguest","10.0.17763","Running","Microsoft.OffAzure/HyperVSites/machines","2025-02-13T15:06:06.7313085Z","C:\ClusterStorage\Volume14\OLPRDSOA1-2-2\OLPRDSOA1-2\Virtual Machines\3500EC14-ACEF-4371-B769-B714D6630DB8.VMCX","OLPRDSOA1.olcc.lan","9.0"
"12288",,,,,,,,,,"AB691D6B-C607-4540-974A-79D8901EE196","2288-3841-1548-1315-9443-9368-50","HICP1310_Clu.olcc.lan","/subscriptions/bc602065-8f71-487b-9fa1-e872b4ce9a79/resourceGroups/rg-dcstratmig-prd-003/providers/Microsoft.OffAzure/HyperVSites/HYPV-AZ-MIGVA24225site/clusters/hicp1310-clu-olcc-lan-4fb0bd14-3fa8-4561-ad74-93b04087d47c","2025-02-11T20:30:49.1275121Z","Microsoft.Azure.PowerShell.Cmdlets.Migrate.Models.Api202001.IHyperVDisk[]","HICP5574C","Microsoft.Azure.PowerShell.Cmdlets.Migrate.Models.Api202001.IHealthErrorDetails[]","UEFI","2","2/13/2025 3:19:29 AM","Microsoft Windows Server 2019 Standard","Windows","10.0.17763","Yes","HICP1310C",,"/subscriptions/bc602065-8f71-487b-9fa1-e872b4ce9a79/resourceGroups/rg-dcstratmig-prd-003/providers/Microsoft.OffAzure/HyperVSites/HYPV-AZ-MIGVA24225site/machines/1910d69f-dc04-45f0-9ff7-c6c8c688ca15","1910d69f-dc04-45f0-9ff7-c6c8c688ca15","False","False","False","Cluster","1048576","1910d69f-dc04-45f0-9ff7-c6c8c688ca15","Microsoft.Azure.PowerShell.Cmdlets.Migrate.Models.Api202001.IHyperVNetworkAdapter[]","17","6","Windows Server 2019 Standard","windowsguest","10.0.17763","Running","Microsoft.OffAzure/HyperVSites/machines","2025-02-13T03:22:43.6869393Z","C:\ClusterStorage\Volume14\HICP5574C\Virtual Machines\1910D69F-DC04-45F0-9FF7-C6C8C688CA15.VMCX","HICP5574C.olcc.lan","9.0"
"8192",,,,,,,,,,"E3C7DA76-4BED-41B0-A5CC-ABBE0CED2CE0","2884-7188-3844-6924-5941-3912-98","HICP1310_Clu.olcc.lan","/subscriptions/bc602065-8f71-487b-9fa1-e872b4ce9a79/resourceGroups/rg-dcstratmig-prd-003/providers/Microsoft.OffAzure/HyperVSites/HYPV-AZ-MIGVA24225site/clusters/hicp1310-clu-olcc-lan-4fb0bd14-3fa8-4561-ad74-93b04087d47c","2025-02-11T20:30:49.3775289Z","Microsoft.Azure.PowerShell.Cmdlets.Migrate.Models.Api202001.IHyperVDisk[]","HICP2226B","Microsoft.Azure.PowerShell.Cmdlets.Migrate.Models.Api202001.IHealthErrorDetails[]","UEFI","2","2/13/2025 3:20:17 AM","Microsoft Windows Server 2019 Standard","Windows","10.0.17763","Yes","HICP1317",,"/subscriptions/bc602065-8f71-487b-9fa1-e872b4ce9a79/resourceGroups/rg-dcstratmig-prd-003/providers/Microsoft.OffAzure/HyperVSites/HYPV-AZ-MIGVA24225site/machines/0dee585b-3d8c-4a1e-8bb5-0e8ef41f8199","0dee585b-3d8c-4a1e-8bb5-0e8ef41f8199","False","False","False","Cluster","1048576","0dee585b-3d8c-4a1e-8bb5-0e8ef41f8199","Microsoft.Azure.PowerShell.Cmdlets.Migrate.Models.Api202001.IHyperVNetworkAdapter[]","15","4","Windows Server 2019 Standard","windowsguest","10.0.17763","Running","Microsoft.OffAzure/HyperVSites/machines","2025-02-13T15:06:06.8406585Z","C:\ClusterStorage\Volume13\HICP2226B\Virtual Machines\0DEE585B-3D8C-4A1E-8BB5-0E8EF41F8199.VMCX","HICP2226B.olcc.lan","9.0"
"16384",,,,,,,,,,"CE4CF6AF-4A64-478A-9B21-8E3B4C32AEDE","9306-9638-4453-5527-3677-7259-85","HICP1326_CLU.olcc.lan","/subscriptions/bc602065-8f71-487b-9fa1-e872b4ce9a79/resourceGroups/rg-dcstratmig-prd-003/providers/Microsoft.OffAzure/HyperVSites/HYPV-AZ-MIGVA24225site/clusters/hicp1326-clu-olcc-lan-dfe304fe-4c9c-4a21-8ab7-565af1ada800","2025-02-11T20:30:49.6275388Z","Microsoft.Azure.PowerShell.Cmdlets.Migrate.Models.Api202001.IHyperVDisk[]","FLOLPSQLQA1","Microsoft.Azure.PowerShell.Cmdlets.Migrate.Models.Api202001.IHealthErrorDetails[]","UEFI","2","2/13/2025 3:21:05 AM","Microsoft Windows Server 2012 R2 Standard","Windows","6.3.9600","Yes","HICP1326D",,"/subscriptions/bc602065-8f71-487b-9fa1-e872b4ce9a79/resourceGroups/rg-dcstratmig-prd-003/providers/Microsoft.OffAzure/HyperVSites/HYPV-AZ-MIGVA24225site/machines/d4a43d2b-c168-467a-a84e-46752fea0bd1","d4a43d2b-c168-467a-a84e-46752fea0bd1","False","False","False","Cluster","1048576","d4a43d2b-c168-467a-a84e-46752fea0bd1","Microsoft.Azure.PowerShell.Cmdlets.Migrate.Models.Api202001.IHyperVNetworkAdapter[]","88","2","Windows Server 2012 R2 Standard","windowsguest","6.3.9600","Running","Microsoft.OffAzure/HyperVSites/machines","2025-02-13T03:21:05.0915032Z","C:\ClusterStorage\Volume1\FLOLPSQLQA1\Virtual Machines\D4A43D2B-C168-467A-A84E-46752FEA0BD1.VMCX","FLOLPSQLQA1.olcc.lan","9.0"
"16384",,,,,,,,,,"3D7BD7A2-4B82-487A-B1BB-CD22E8D118A9","2290-8197-3651-3415-9394-0255-58","HICP1326_CLU.olcc.lan","/subscriptions/bc602065-8f71-487b-9fa1-e872b4ce9a79/resourceGroups/rg-dcstratmig-prd-003/providers/Microsoft.OffAzure/HyperVSites/HYPV-AZ-MIGVA24225site/clusters/hicp1326-clu-olcc-lan-dfe304fe-4c9c-4a21-8ab7-565af1ada800","2025-02-11T20:30:49.8775206Z","Microsoft.Azure.PowerShell.Cmdlets.Migrate.Models.Api202001.IHyperVDisk[]","HICU2170B","Microsoft.Azure.PowerShell.Cmdlets.Migrate.Models.Api202001.IHealthErrorDetails[]","UEFI","2","2/13/2025 3:21:11 AM","Microsoft Windows Server 2016 Standard","Windows","10.0.14393","Yes","HICP1326D",,"/subscriptions/bc602065-8f71-487b-9fa1-e872b4ce9a79/resourceGroups/rg-dcstratmig-prd-003/providers/Microsoft.OffAzure/HyperVSites/HYPV-AZ-MIGVA24225site/machines/650bb6dd-cb8e-473c-88e4-90ae52a2bf7f","650bb6dd-cb8e-473c-88e4-90ae52a2bf7f","False","False","False","Cluster","1048576","650bb6dd-cb8e-473c-88e4-90ae52a2bf7f","Microsoft.Azure.PowerShell.Cmdlets.Migrate.Models.Api202001.IHyperVNetworkAdapter[]","24","8","Windows Server 2016 Standard","windowsguest","10.0.14393","Running","Microsoft.OffAzure/HyperVSites/machines","2025-02-13T03:21:11.2165893Z","C:\ClusterStorage\Volume1\HICU2170B\Virtual Machines\650BB6DD-CB8E-473C-88E4-90AE52A2BF7F.VMCX","HICU2170B.olcc.lan","9.0"
"8192",,,,,,,,,,"3F81F837-448D-461A-A355-0C40A06A776E","8232-7365-0373-9574-5237-0003-43","HICP1310_Clu.olcc.lan","/subscriptions/bc602065-8f71-487b-9fa1-e872b4ce9a79/resourceGroups/rg-dcstratmig-prd-003/providers/Microsoft.OffAzure/HyperVSites/HYPV-AZ-MIGVA24225site/clusters/hicp1310-clu-olcc-lan-4fb0bd14-3fa8-4561-ad74-93b04087d47c","2025-02-11T20:30:50.1275680Z","Microsoft.Azure.PowerShell.Cmdlets.Migrate.Models.Api202001.IHyperVDisk[]","HICP2411","Microsoft.Azure.PowerShell.Cmdlets.Migrate.Models.Api202001.IHealthErrorDetails[]","UEFI","2",,,,,"Yes","HICP1315",,"/subscriptions/bc602065-8f71-487b-9fa1-e872b4ce9a79/resourceGroups/rg-dcstratmig-prd-003/providers/Microsoft.OffAzure/HyperVSites/HYPV-AZ-MIGVA24225site/machines/8ed32e03-831f-4266-b96a-6ce430dabbbf","8ed32e03-831f-4266-b96a-6ce430dabbbf","False","False","True","Cluster","1048576","8ed32e03-831f-4266-b96a-6ce430dabbbf","Microsoft.Azure.PowerShell.Cmdlets.Migrate.Models.Api202001.IHyperVNetworkAdapter[]","-1","4",,"otherguestfamily",,"Running","Microsoft.OffAzure/HyperVSites/machines","2025-02-13T03:21:58.5550568Z","C:\ClusterStorage\Volume11\HICP2411\Virtual Machines\8ED32E03-831F-4266-B96A-6CE430DABBBF.VMCX","","9.0"
"8192",,,,,,,,,,"A06C1992-1301-4036-B050-E5EA726BA577","8259-5692-7299-7211-8722-5393-08","HICP1310_Clu.olcc.lan","/subscriptions/bc602065-8f71-487b-9fa1-e872b4ce9a79/resourceGroups/rg-dcstratmig-prd-003/providers/Microsoft.OffAzure/HyperVSites/HYPV-AZ-MIGVA24225site/clusters/hicp1310-clu-olcc-lan-4fb0bd14-3fa8-4561-ad74-93b04087d47c","2025-02-11T20:30:50.3775179Z","Microsoft.Azure.PowerShell.Cmdlets.Migrate.Models.Api202001.IHyperVDisk[]","HICP5580","Microsoft.Azure.PowerShell.Cmdlets.Migrate.Models.Api202001.IHealthErrorDetails[]","UEFI","2",,,,,"Yes","HICP1310B",,"/subscriptions/bc602065-8f71-487b-9fa1-e872b4ce9a79/resourceGroups/rg-dcstratmig-prd-003/providers/Microsoft.OffAzure/HyperVSites/HYPV-AZ-MIGVA24225site/machines/566a6dfe-a247-4127-9683-39f6aa47910f","566a6dfe-a247-4127-9683-39f6aa47910f","False","False","True","Cluster","1048576","566a6dfe-a247-4127-9683-39f6aa47910f","Microsoft.Azure.PowerShell.Cmdlets.Migrate.Models.Api202001.IHyperVNetworkAdapter[]","-1","2",,"otherguestfamily",,"Running","Microsoft.OffAzure/HyperVSites/machines","2025-02-13T03:22:28.9356025Z","C:\ClusterStorage\Volume13\HICP5580\Virtual Machines\566A6DFE-A247-4127-9683-39F6AA47910F.VMCX","","9.0"
"4096",,,,,,,,,,"09DB30D1-0FEC-4223-BDDD-38AD1DEEC5C9","4923-3154-2130-2485-9334-3827-06","HICP1310_Clu.olcc.lan","/subscriptions/bc602065-8f71-487b-9fa1-e872b4ce9a79/resourceGroups/rg-dcstratmig-prd-003/providers/Microsoft.OffAzure/HyperVSites/HYPV-AZ-MIGVA24225site/clusters/hicp1310-clu-olcc-lan-4fb0bd14-3fa8-4561-ad74-93b04087d47c","2025-02-11T20:30:50.6275213Z","Microsoft.Azure.PowerShell.Cmdlets.Migrate.Models.Api202001.IHyperVDisk[]","HICP2342A","Microsoft.Azure.PowerShell.Cmdlets.Migrate.Models.Api202001.IHealthErrorDetails[]","UEFI","2","2/13/2025 3:21:07 AM","Microsoft Windows Server 2022 Standard","Windows","10.0.20348","Yes","HICP1319",,"/subscriptions/bc602065-8f71-487b-9fa1-e872b4ce9a79/resourceGroups/rg-dcstratmig-prd-003/providers/Microsoft.OffAzure/HyperVSites/HYPV-AZ-MIGVA24225site/machines/c3a98f43-43bd-4c1b-9cb0-6f22ffc7dd0b","c3a98f43-43bd-4c1b-9cb0-6f22ffc7dd0b","False","False","False","Cluster","1048576","c3a98f43-43bd-4c1b-9cb0-6f22ffc7dd0b","Microsoft.Azure.PowerShell.Cmdlets.Migrate.Models.Api202001.IHyperVNetworkAdapter[]","7","2","Windows Server 2022 Standard","windowsguest","10.0.20348","Running","Microsoft.OffAzure/HyperVSites/machines","2025-02-13T03:22:56.9381439Z","C:\ClusterStorage\Volume14\HICP2342A\Virtual Machines\C3A98F43-43BD-4C1B-9CB0-6F22FFC7DD0B.VMCX","HICP2342A.olcc.lan","9.0"
"2048",,,,,,,,,,"97A315D5-17C6-4003-BC70-A5D58C2C0C41","4985-8845-7923-8837-9093-2052-00","HICP1326_CLU.olcc.lan","/subscriptions/bc602065-8f71-487b-9fa1-e872b4ce9a79/resourceGroups/rg-dcstratmig-prd-003/providers/Microsoft.OffAzure/HyperVSites/HYPV-AZ-MIGVA24225site/clusters/hicp1326-clu-olcc-lan-dfe304fe-4c9c-4a21-8ab7-565af1ada800","2025-02-11T20:30:50.8776695Z","Microsoft.Azure.PowerShell.Cmdlets.Migrate.Models.Api202001.IHyperVDisk[]","OLJAVASOAUAT","Microsoft.Azure.PowerShell.Cmdlets.Migrate.Models.Api202001.IHealthErrorDetails[]","BIOS","1",,,,,"Yes","HICP1326A",,"/subscriptions/bc602065-8f71-487b-9fa1-e872b4ce9a79/resourceGroups/rg-dcstratmig-prd-003/providers/Microsoft.OffAzure/HyperVSites/HYPV-AZ-MIGVA24225site/machines/c7c1b218-e7d8-4268-b228-10c4a7456ff1","c7c1b218-e7d8-4268-b228-10c4a7456ff1","False","False","True","Cluster","65536","c7c1b218-e7d8-4268-b228-10c4a7456ff1","Microsoft.Azure.PowerShell.Cmdlets.Migrate.Models.Api202001.IHyperVNetworkAdapter[]","-1","1",,"otherguestfamily",,"Running","Microsoft.OffAzure/HyperVSites/machines","2025-02-13T03:21:39.0078541Z","C:\ClusterStorage\Volume1\OLJAVASOAUAT\Virtual Machines\C7C1B218-E7D8-4268-B228-10C4A7456FF1.VMCX","","9.0"
"12288",,,,,,,,,,"C6180D66-1C16-4ADA-A9F1-A0CE17EF3D7D","1414-6384-4166-6642-2355-0762-67","HICP1326_CLU.olcc.lan","/subscriptions/bc602065-8f71-487b-9fa1-e872b4ce9a79/resourceGroups/rg-dcstratmig-prd-003/providers/Microsoft.OffAzure/HyperVSites/HYPV-AZ-MIGVA24225site/clusters/hicp1326-clu-olcc-lan-dfe304fe-4c9c-4a21-8ab7-565af1ada800","2025-02-11T20:30:51.1276320Z","Microsoft.Azure.PowerShell.Cmdlets.Migrate.Models.Api202001.IHyperVDisk[]","HICU3802","Microsoft.Azure.PowerShell.Cmdlets.Migrate.Models.Api202001.IHealthErrorDetails[]","UEFI","2","2/13/2025 3:19:29 AM","Red Hat Enterprise Linux","Linux","8.4","Yes","HICP1326A",,"/subscriptions/bc602065-8f71-487b-9fa1-e872b4ce9a79/resourceGroups/rg-dcstratmig-prd-003/providers/Microsoft.OffAzure/HyperVSites/HYPV-AZ-MIGVA24225site/machines/f13507c2-f5d1-4ebf-ba0b-e0f84fc32ebc","f13507c2-f5d1-4ebf-ba0b-e0f84fc32ebc","False","False","False","Cluster","1048576","f13507c2-f5d1-4ebf-ba0b-e0f84fc32ebc","Microsoft.Azure.PowerShell.Cmdlets.Migrate.Models.Api202001.IHyperVNetworkAdapter[]","76","2","Red Hat Enterprise Linux","linuxguest","4.18.0","Running","Microsoft.OffAzure/HyperVSites/machines","2025-02-13T03:19:29.9519582Z","C:\ClusterStorage\Volume1\HICU3802\Virtual Machines\F13507C2-F5D1-4EBF-BA0B-E0F84FC32EBC.VMCX","HICU3802.olcc.lan","9.0"
"16384",,,,,,,,,,"4A4B4AF2-57C1-4A67-9E21-55AE43CDB36A","9418-7736-6551-7219-1166-8359-62","HICP1310_Clu.olcc.lan","/subscriptions/bc602065-8f71-487b-9fa1-e872b4ce9a79/resourceGroups/rg-dcstratmig-prd-003/providers/Microsoft.OffAzure/HyperVSites/HYPV-AZ-MIGVA24225site/clusters/hicp1310-clu-olcc-lan-4fb0bd14-3fa8-4561-ad74-93b04087d47c","2025-02-11T20:30:51.3776145Z","Microsoft.Azure.PowerShell.Cmdlets.Migrate.Models.Api202001.IHyperVDisk[]","HICP2755","Microsoft.Azure.PowerShell.Cmdlets.Migrate.Models.Api202001.IHealthErrorDetails[]","UEFI","2","2/13/2025 3:19:59 AM","Microsoft Windows Server 2019 Standard","Windows","10.0.17763","Yes","HICP1317",,"/subscriptions/bc602065-8f71-487b-9fa1-e872b4ce9a79/resourceGroups/rg-dcstratmig-prd-003/providers/Microsoft.OffAzure/HyperVSites/HYPV-AZ-MIGVA24225site/machines/19926011-5d57-4206-bd2f-18fd866c5b67","19926011-5d57-4206-bd2f-18fd866c5b67","False","False","False","Cluster","1048576","19926011-5d57-4206-bd2f-18fd866c5b67","Microsoft.Azure.PowerShell.Cmdlets.Migrate.Models.Api202001.IHyperVNetworkAdapter[]","33","4","Windows Server 2019 Standard","windowsguest","10.0.17763","Running","Microsoft.OffAzure/HyperVSites/machines","2025-02-13T15:06:06.9812825Z","C:\ClusterStorage\Volume11\HICP2755\Virtual Machines\19926011-5D57-4206-BD2F-18FD866C5B67.VMCX","HICP2755.olcc.lan","9.0"
"4096",,,,,,,,,,"29212A8C-7E54-44C1-B095-5628AC1E72CD","9307-8390-1263-0191-3566-6499-08","HICP1310_Clu.olcc.lan","/subscriptions/bc602065-8f71-487b-9fa1-e872b4ce9a79/resourceGroups/rg-dcstratmig-prd-003/providers/Microsoft.OffAzure/HyperVSites/HYPV-AZ-MIGVA24225site/clusters/hicp1310-clu-olcc-lan-4fb0bd14-3fa8-4561-ad74-93b04087d47c","2025-02-11T20:30:51.6276218Z","Microsoft.Azure.PowerShell.Cmdlets.Migrate.Models.Api202001.IHyperVDisk[]","HICP2410","Microsoft.Azure.PowerShell.Cmdlets.Migrate.Models.Api202001.IHealthErrorDetails[]","UEFI","2",,,,,"Yes","HICP1319",,"/subscriptions/bc602065-8f71-487b-9fa1-e872b4ce9a79/resourceGroups/rg-dcstratmig-prd-003/providers/Microsoft.OffAzure/HyperVSites/HYPV-AZ-MIGVA24225site/machines/5256a62a-3c2d-4007-a2d3-efa24f7a01d2","5256a62a-3c2d-4007-a2d3-efa24f7a01d2","False","False","True","Cluster","1048576","5256a62a-3c2d-4007-a2d3-efa24f7a01d2","Microsoft.Azure.PowerShell.Cmdlets.Migrate.Models.Api202001.IHyperVNetworkAdapter[]","-1","4","Rocky Linux","linuxguest","5.14.0","Running","Microsoft.OffAzure/HyperVSites/machines","2025-02-13T03:22:27.0605624Z","C:\ClusterStorage\Volume3\HICP2410\Virtual Machines\5256A62A-3C2D-4007-A2D3-EFA24F7A01D2.VMCX","HICP2410","9.0"
"8192",,,,,,,,,,"1FE89BB0-1B31-4B88-A9CB-88E7448F22B9","4141-6251-5952-2553-2772-4858-35","HICP1310_Clu.olcc.lan","/subscriptions/bc602065-8f71-487b-9fa1-e872b4ce9a79/resourceGroups/rg-dcstratmig-prd-003/providers/Microsoft.OffAzure/HyperVSites/HYPV-AZ-MIGVA24225site/clusters/hicp1310-clu-olcc-lan-4fb0bd14-3fa8-4561-ad74-93b04087d47c","2025-02-11T20:30:51.8776035Z","Microsoft.Azure.PowerShell.Cmdlets.Migrate.Models.Api202001.IHyperVDisk[]","HICP2268D","Microsoft.Azure.PowerShell.Cmdlets.Migrate.Models.Api202001.IHealthErrorDetails[]","UEFI","2","2/13/2025 2:38:02 AM","Microsoft Windows Server 2022 Standard","Windows","10.0.20348","Yes","HICP1310C",,"/subscriptions/bc602065-8f71-487b-9fa1-e872b4ce9a79/resourceGroups/rg-dcstratmig-prd-003/providers/Microsoft.OffAzure/HyperVSites/HYPV-AZ-MIGVA24225site/machines/1867aa40-aba5-49e0-bca8-bb97349ad4c1","1867aa40-aba5-49e0-bca8-bb97349ad4c1","False","False","False","Cluster","1048576","1867aa40-aba5-49e0-bca8-bb97349ad4c1","Microsoft.Azure.PowerShell.Cmdlets.Migrate.Models.Api202001.IHyperVNetworkAdapter[]","10","8","Windows Server 2022 Standard","windowsguest","10.0.20348","Running","Microsoft.OffAzure/HyperVSites/machines","2025-02-13T15:06:07.1062501Z","C:\ClusterStorage\Volume5_ELASTIC\HICP2268D\Virtual Machines\1867AA40-ABA5-49E0-BCA8-BB97349AD4C1.VMCX","HICP2268D.olcc.lan","9.0"
"4096",,,,,,,,,,"C8D3163A-4D56-4E68-8776-8F6A3C03FAB5","4650-7778-4951-5418-6117-8495-04","HICP1326_CLU.olcc.lan","/subscriptions/bc602065-8f71-487b-9fa1-e872b4ce9a79/resourceGroups/rg-dcstratmig-prd-003/providers/Microsoft.OffAzure/HyperVSites/HYPV-AZ-MIGVA24225site/clusters/hicp1326-clu-olcc-lan-dfe304fe-4c9c-4a21-8ab7-565af1ada800","2025-02-11T20:30:52.1276216Z","Microsoft.Azure.PowerShell.Cmdlets.Migrate.Models.Api202001.IHyperVDisk[]","NP05-APP01B-ROP","Microsoft.Azure.PowerShell.Cmdlets.Migrate.Models.Api202001.IHealthErrorDetails[]","BIOS","1","2/13/2025 3:20:45 AM","Microsoft Windows Server 2019 Standard","Windows","10.0.17763","Yes","HICP1326B",,"/subscriptions/bc602065-8f71-487b-9fa1-e872b4ce9a79/resourceGroups/rg-dcstratmig-prd-003/providers/Microsoft.OffAzure/HyperVSites/HYPV-AZ-MIGVA24225site/machines/676dd3de-0b87-4392-b129-7037bd025b4e","676dd3de-0b87-4392-b129-7037bd025b4e","False","False","False","Cluster","65536","676dd3de-0b87-4392-b129-7037bd025b4e","Microsoft.Azure.PowerShell.Cmdlets.Migrate.Models.Api202001.IHyperVNetworkAdapter[]","58","2","Windows Server 2019 Standard","windowsguest","10.0.17763","Running","Microsoft.OffAzure/HyperVSites/machines","2025-02-13T15:06:07.2312929Z","C:\ClusterStorage\Volume1\NP05-APP01B-ROP\Virtual Machines\676DD3DE-0B87-4392-B129-7037BD025B4E.VMCX","NP05-APP01B-ROP.olcc.lan","9.0"
"8192",,,,,,,,,,"85F769B4-1B9D-426E-9D15-4D00A6BB08DC","6447-5852-6692-6191-1742-9722-80","HICP1310_Clu.olcc.lan","/subscriptions/bc602065-8f71-487b-9fa1-e872b4ce9a79/resourceGroups/rg-dcstratmig-prd-003/providers/Microsoft.OffAzure/HyperVSites/HYPV-AZ-MIGVA24225site/clusters/hicp1310-clu-olcc-lan-4fb0bd14-3fa8-4561-ad74-93b04087d47c","2025-02-11T20:30:52.3776290Z","Microsoft.Azure.PowerShell.Cmdlets.Migrate.Models.Api202001.IHyperVDisk[]","HICP7050","Microsoft.Azure.PowerShell.Cmdlets.Migrate.Models.Api202001.IHealthErrorDetails[]","UEFI","2","2/13/2025 3:19:49 AM","Microsoft Windows Server 2019 Standard","Windows","10.0.17763","Yes","HICP1318",,"/subscriptions/bc602065-8f71-487b-9fa1-e872b4ce9a79/resourceGroups/rg-dcstratmig-prd-003/providers/Microsoft.OffAzure/HyperVSites/HYPV-AZ-MIGVA24225site/machines/7670e755-deb7-42c6-bd3f-742df668690a","7670e755-deb7-42c6-bd3f-742df668690a","False","False","False","Cluster","1048576","7670e755-deb7-42c6-bd3f-742df668690a","Microsoft.Azure.PowerShell.Cmdlets.Migrate.Models.Api202001.IHyperVNetworkAdapter[]","15","4","Windows Server 2019 Standard","windowsguest","10.0.17763","Running","Microsoft.OffAzure/HyperVSites/machines","2025-02-13T03:22:47.3119612Z","C:\ClusterStorage\Volume3\HICP7050\Virtual Machines\7670E755-DEB7-42C6-BD3F-742DF668690A.VMCX","HICP7050.olcc.lan","9.0"
"12288",,,,,,,,,,"72BD9485-CEDE-4C93-A84B-3B67AD560951","8045-4995-9293-8434-4497-5503-36","HICP1310_Clu.olcc.lan","/subscriptions/bc602065-8f71-487b-9fa1-e872b4ce9a79/resourceGroups/rg-dcstratmig-prd-003/providers/Microsoft.OffAzure/HyperVSites/HYPV-AZ-MIGVA24225site/clusters/hicp1310-clu-olcc-lan-4fb0bd14-3fa8-4561-ad74-93b04087d47c","2025-02-11T20:30:52.6276228Z","Microsoft.Azure.PowerShell.Cmdlets.Migrate.Models.Api202001.IHyperVDisk[]","HICP2550","Microsoft.Azure.PowerShell.Cmdlets.Migrate.Models.Api202001.IHealthErrorDetails[]","UEFI","2","2/13/2025 2:38:03 AM","Microsoft Windows Server 2019 Standard","Windows","10.0.17763","Yes","HICP1315",,"/subscriptions/bc602065-8f71-487b-9fa1-e872b4ce9a79/resourceGroups/rg-dcstratmig-prd-003/providers/Microsoft.OffAzure/HyperVSites/HYPV-AZ-MIGVA24225site/machines/0b64efd5-4da7-4a34-b31b-d08d2063a14a","0b64efd5-4da7-4a34-b31b-d08d2063a14a","False","False","False","Cluster","1048576","0b64efd5-4da7-4a34-b31b-d08d2063a14a","Microsoft.Azure.PowerShell.Cmdlets.Migrate.Models.Api202001.IHyperVNetworkAdapter[]","115","4","Windows Server 2019 Standard","windowsguest","10.0.17763","Running","Microsoft.OffAzure/HyperVSites/machines","2025-02-13T15:06:07.3562917Z","C:\ClusterStorage\Volume3\HICP2550\Virtual Machines\0B64EFD5-4DA7-4A34-B31B-D08D2063A14A.VMCX","HICP2550.olcc.lan","9.0"
"16384",,,,,,,,,,"12EECE3F-8B62-412A-9EAC-A7B94A4E0DC6","9618-5665-6606-2112-8636-1487-00","HICP1310_Clu.olcc.lan","/subscriptions/bc602065-8f71-487b-9fa1-e872b4ce9a79/resourceGroups/rg-dcstratmig-prd-003/providers/Microsoft.OffAzure/HyperVSites/HYPV-AZ-MIGVA24225site/clusters/hicp1310-clu-olcc-lan-4fb0bd14-3fa8-4561-ad74-93b04087d47c","2025-02-11T20:30:52.8776597Z","Microsoft.Azure.PowerShell.Cmdlets.Migrate.Models.Api202001.IHyperVDisk[]","HICP2406","Microsoft.Azure.PowerShell.Cmdlets.Migrate.Models.Api202001.IHealthErrorDetails[]","UEFI","2","2/13/2025 3:19:26 AM","Microsoft Windows Server 2019 Standard","Windows","10.0.17763","Yes","HICP1311",,"/subscriptions/bc602065-8f71-487b-9fa1-e872b4ce9a79/resourceGroups/rg-dcstratmig-prd-003/providers/Microsoft.OffAzure/HyperVSites/HYPV-AZ-MIGVA24225site/machines/9d35ab4a-e70a-46cd-9db8-63dbb16d692c","9d35ab4a-e70a-46cd-9db8-63dbb16d692c","False","False","False","Cluster","1048576","9d35ab4a-e70a-46cd-9db8-63dbb16d692c","Microsoft.Azure.PowerShell.Cmdlets.Migrate.Models.Api202001.IHyperVNetworkAdapter[]","16","4","Windows Server 2019 Standard","windowsguest","10.0.17763","Running","Microsoft.OffAzure/HyperVSites/machines","2025-02-13T03:22:43.1869050Z","C:\ClusterStorage\Volume14\HICP2406\Virtual Machines\9D35AB4A-E70A-46CD-9DB8-63DBB16D692C.VMCX","HICP2406.olcc.lan","9.0"
"16384",,,,,,,,,,"4E5E3412-4D2A-432F-A0F4-98E7D43A11CE","4932-1928-6499-2112-7239-9896-20","HICP1326_CLU.olcc.lan","/subscriptions/bc602065-8f71-487b-9fa1-e872b4ce9a79/resourceGroups/rg-dcstratmig-prd-003/providers/Microsoft.OffAzure/HyperVSites/HYPV-AZ-MIGVA24225site/clusters/hicp1326-clu-olcc-lan-dfe304fe-4c9c-4a21-8ab7-565af1ada800","2025-02-11T20:30:53.1276379Z","Microsoft.Azure.PowerShell.Cmdlets.Migrate.Models.Api202001.IHyperVDisk[]","HICU2385","Microsoft.Azure.PowerShell.Cmdlets.Migrate.Models.Api202001.IHealthErrorDetails[]","UEFI","2","2/13/2025 3:20:18 AM","Microsoft Windows Server 2019 Standard","Windows","10.0.17763","Yes","HICP1326A",,"/subscriptions/bc602065-8f71-487b-9fa1-e872b4ce9a79/resourceGroups/rg-dcstratmig-prd-003/providers/Microsoft.OffAzure/HyperVSites/HYPV-AZ-MIGVA24225site/machines/e5c68ce8-a686-4de0-85c4-be2bfceefc32","e5c68ce8-a686-4de0-85c4-be2bfceefc32","False","False","False","Cluster","1048576","e5c68ce8-a686-4de0-85c4-be2bfceefc32","Microsoft.Azure.PowerShell.Cmdlets.Migrate.Models.Api202001.IHyperVNetworkAdapter[]","23","8","Windows Server 2019 Standard","windowsguest","10.0.17763","Running","Microsoft.OffAzure/HyperVSites/machines","2025-02-13T03:22:00.3151312Z","C:\ClusterStorage\Volume2\HICU2385\Virtual Machines\E5C68CE8-A686-4DE0-85C4-BE2BFCEEFC32.VMCX","HICU2385.olcc.lan","9.0"
"8192",,,,,,,,,,"0BAC582D-B4AE-4E0A-A6BB-80A1DF329D38","0421-9527-7304-1968-0386-3909-61","HICP1326_CLU.olcc.lan","/subscriptions/bc602065-8f71-487b-9fa1-e872b4ce9a79/resourceGroups/rg-dcstratmig-prd-003/providers/Microsoft.OffAzure/HyperVSites/HYPV-AZ-MIGVA24225site/clusters/hicp1326-clu-olcc-lan-dfe304fe-4c9c-4a21-8ab7-565af1ada800","2025-02-11T20:30:53.3776430Z","Microsoft.Azure.PowerShell.Cmdlets.Migrate.Models.Api202001.IHyperVDisk[]","HICU2222A","Microsoft.Azure.PowerShell.Cmdlets.Migrate.Models.Api202001.IHealthErrorDetails[]","UEFI","2","2/13/2025 3:20:02 AM","Microsoft Windows Server 2019 Standard","Windows","10.0.17763","Yes","HICP1326A",,"/subscriptions/bc602065-8f71-487b-9fa1-e872b4ce9a79/resourceGroups/rg-dcstratmig-prd-003/providers/Microsoft.OffAzure/HyperVSites/HYPV-AZ-MIGVA24225site/machines/7b5ec8fb-93f0-4b49-8866-dc6a6fe02f25","7b5ec8fb-93f0-4b49-8866-dc6a6fe02f25","False","False","False","Cluster","1048576","7b5ec8fb-93f0-4b49-8866-dc6a6fe02f25","Microsoft.Azure.PowerShell.Cmdlets.Migrate.Models.Api202001.IHyperVNetworkAdapter[]","39","4","Windows Server 2019 Standard","windowsguest","10.0.17763","Running","Microsoft.OffAzure/HyperVSites/machines","2025-02-13T15:06:07.4656631Z","C:\ClusterStorage\Volume1\HICU2222A\Virtual Machines\7B5EC8FB-93F0-4B49-8866-DC6A6FE02F25.VMCX","HICU2222A.olcc.lan","9.0"
"4096",,,,,,,,,,"BFAFD3AA-DA69-45FA-A952-D69BA3056003","8618-0419-3720-0673-8787-1064-81","HICP1310_Clu.olcc.lan","/subscriptions/bc602065-8f71-487b-9fa1-e872b4ce9a79/resourceGroups/rg-dcstratmig-prd-003/providers/Microsoft.OffAzure/HyperVSites/HYPV-AZ-MIGVA24225site/clusters/hicp1310-clu-olcc-lan-4fb0bd14-3fa8-4561-ad74-93b04087d47c","2025-02-11T20:30:53.6276791Z","Microsoft.Azure.PowerShell.Cmdlets.Migrate.Models.Api202001.IHyperVDisk[]","NVDCINFGPRD1","Microsoft.Azure.PowerShell.Cmdlets.Migrate.Models.Api202001.IHealthErrorDetails[]","BIOS","1","2/13/2025 2:35:54 AM","Microsoft Windows Server 2016 Standard","Windows","10.0.14393","Yes","HICP1318",,"/subscriptions/bc602065-8f71-487b-9fa1-e872b4ce9a79/resourceGroups/rg-dcstratmig-prd-003/providers/Microsoft.OffAzure/HyperVSites/HYPV-AZ-MIGVA24225site/machines/e4c4f5cb-eb0d-4213-8b28-d194782865a4","e4c4f5cb-eb0d-4213-8b28-d194782865a4","False","False","False","Cluster","65536","e4c4f5cb-eb0d-4213-8b28-d194782865a4","Microsoft.Azure.PowerShell.Cmdlets.Migrate.Models.Api202001.IHyperVNetworkAdapter[]","41","2","Windows Server 2016 Standard","windowsguest","10.0.14393","Running","Microsoft.OffAzure/HyperVSites/machines","2025-02-13T03:21:45.5235955Z","C:\ClusterStorage\Volume2\NVDCINFGPRD1\Virtual Machines\E4C4F5CB-EB0D-4213-8B28-D194782865A4.VMCX","NVDCINFGPRD1.olcc.lan","9.0"
"8192",,,,,,,,,,"E3C7DA76-4BED-41B0-A5CC-ABBE0CED2CE0","2884-7188-3844-6924-5941-3912-98","HICP1326_CLU.olcc.lan","/subscriptions/bc602065-8f71-487b-9fa1-e872b4ce9a79/resourceGroups/rg-dcstratmig-prd-003/providers/Microsoft.OffAzure/HyperVSites/HYPV-AZ-MIGVA24225site/clusters/hicp1326-clu-olcc-lan-dfe304fe-4c9c-4a21-8ab7-565af1ada800","2025-02-11T20:30:53.8776508Z","Microsoft.Azure.PowerShell.Cmdlets.Migrate.Models.Api202001.IHyperVDisk[]","HICU2226D","Microsoft.Azure.PowerShell.Cmdlets.Migrate.Models.Api202001.IHealthErrorDetails[]","UEFI","2","2/13/2025 3:21:27 AM","Microsoft Windows Server 2019 Standard","Windows","10.0.17763","Yes","HICP1326C",,"/subscriptions/bc602065-8f71-487b-9fa1-e872b4ce9a79/resourceGroups/rg-dcstratmig-prd-003/providers/Microsoft.OffAzure/HyperVSites/HYPV-AZ-MIGVA24225site/machines/8ca8fb70-703c-49de-9621-50f230086a4a","8ca8fb70-703c-49de-9621-50f230086a4a","False","False","False","Cluster","1048576","8ca8fb70-703c-49de-9621-50f230086a4a","Microsoft.Azure.PowerShell.Cmdlets.Migrate.Models.Api202001.IHyperVNetworkAdapter[]","24","4","Windows Server 2019 Standard","windowsguest","10.0.17763","Running","Microsoft.OffAzure/HyperVSites/machines","2025-02-13T15:06:07.6062617Z","C:\ClusterStorage\Volume1\HICU2226D\Virtual Machines\8CA8FB70-703C-49DE-9621-50F230086A4A.VMCX","HICU2226D.olcc.lan","9.0"
"4096",,,,,,,,,,"65B1EFFE-CCE9-4A04-B0EF-786928EA9350","3269-4995-6551-4409-5855-9212-05","HICP1310_Clu.olcc.lan","/subscriptions/bc602065-8f71-487b-9fa1-e872b4ce9a79/resourceGroups/rg-dcstratmig-prd-003/providers/Microsoft.OffAzure/HyperVSites/HYPV-AZ-MIGVA24225site/clusters/hicp1310-clu-olcc-lan-4fb0bd14-3fa8-4561-ad74-93b04087d47c","2025-02-11T20:30:54.1276450Z","Microsoft.Azure.PowerShell.Cmdlets.Migrate.Models.Api202001.IHyperVDisk[]","TXLWINFGPRD1","Microsoft.Azure.PowerShell.Cmdlets.Migrate.Models.Api202001.IHealthErrorDetails[]","BIOS","1","2/13/2025 3:19:42 AM","Microsoft Windows Server 2016 Standard","Windows","10.0.14393","Yes","HICP1310",,"/subscriptions/bc602065-8f71-487b-9fa1-e872b4ce9a79/resourceGroups/rg-dcstratmig-prd-003/providers/Microsoft.OffAzure/HyperVSites/HYPV-AZ-MIGVA24225site/machines/41c20856-d583-42b2-9f9a-b9768d461eeb","41c20856-d583-42b2-9f9a-b9768d461eeb","False","False","False","Cluster","65536","41c20856-d583-42b2-9f9a-b9768d461eeb","Microsoft.Azure.PowerShell.Cmdlets.Migrate.Models.Api202001.IHyperVNetworkAdapter[]","40","2","Windows Server 2016 Standard","windowsguest","10.0.14393","Running","Microsoft.OffAzure/HyperVSites/machines","2025-02-13T03:22:46.3119988Z","C:\ClusterStorage\Volume3\TXLWINFGPRD1\Virtual Machines\41C20856-D583-42B2-9F9A-B9768D461EEB.VMCX","TXLWINFGPRD1.olcc.lan","9.0"
"16384",,,,,,,,,,"A65A4B9F-055C-4ECE-BEF3-4860EEA5301E","6916-3482-3607-0453-4016-6956-34","HICP1326_CLU.olcc.lan","/subscriptions/bc602065-8f71-487b-9fa1-e872b4ce9a79/resourceGroups/rg-dcstratmig-prd-003/providers/Microsoft.OffAzure/HyperVSites/HYPV-AZ-MIGVA24225site/clusters/hicp1326-clu-olcc-lan-dfe304fe-4c9c-4a21-8ab7-565af1ada800","2025-02-11T20:30:54.3776537Z","Microsoft.Azure.PowerShell.Cmdlets.Migrate.Models.Api202001.IHyperVDisk[]","HICU2384","Microsoft.Azure.PowerShell.Cmdlets.Migrate.Models.Api202001.IHealthErrorDetails[]","UEFI","2","2/13/2025 3:20:40 AM","Microsoft Windows Server 2019 Standard","Windows","10.0.17763","Yes","HICP1326D",,"/subscriptions/bc602065-8f71-487b-9fa1-e872b4ce9a79/resourceGroups/rg-dcstratmig-prd-003/providers/Microsoft.OffAzure/HyperVSites/HYPV-AZ-MIGVA24225site/machines/f1b4e0fb-1a1f-4e6e-b6f9-00924d1831d0","f1b4e0fb-1a1f-4e6e-b6f9-00924d1831d0","False","False","False","Cluster","1048576","f1b4e0fb-1a1f-4e6e-b6f9-00924d1831d0","Microsoft.Azure.PowerShell.Cmdlets.Migrate.Models.Api202001.IHyperVNetworkAdapter[]","25","8","Windows Server 2019 Standard","windowsguest","10.0.17763","Running","Microsoft.OffAzure/HyperVSites/machines","2025-02-13T03:20:40.5909699Z","C:\ClusterStorage\Volume2\HICU2384\Virtual Machines\F1B4E0FB-1A1F-4E6E-B6F9-00924D1831D0.VMCX","HICU2384.olcc.lan","9.0"
"4096",,,,,,,,,,"4E87C341-86BD-42B8-A901-44B06ADEEB9A","8721-5127-4639-6494-5915-2810-33","HICP1326_CLU.olcc.lan","/subscriptions/bc602065-8f71-487b-9fa1-e872b4ce9a79/resourceGroups/rg-dcstratmig-prd-003/providers/Microsoft.OffAzure/HyperVSites/HYPV-AZ-MIGVA24225site/clusters/hicp1326-clu-olcc-lan-dfe304fe-4c9c-4a21-8ab7-565af1ada800","2025-02-11T20:30:54.6276484Z","Microsoft.Azure.PowerShell.Cmdlets.Migrate.Models.Api202001.IHyperVDisk[]","HICU8517B","Microsoft.Azure.PowerShell.Cmdlets.Migrate.Models.Api202001.IHealthErrorDetails[]","UEFI","2","2/13/2025 3:20:57 AM","Microsoft Windows Server 2019 Standard","Windows","10.0.17763","Yes","HICP1326B",,"/subscriptions/bc602065-8f71-487b-9fa1-e872b4ce9a79/resourceGroups/rg-dcstratmig-prd-003/providers/Microsoft.OffAzure/HyperVSites/HYPV-AZ-MIGVA24225site/machines/33661281-c0c3-48af-84c0-8fc3781353b1","33661281-c0c3-48af-84c0-8fc3781353b1","False","False","False","Cluster","1048576","33661281-c0c3-48af-84c0-8fc3781353b1","Microsoft.Azure.PowerShell.Cmdlets.Migrate.Models.Api202001.IHyperVNetworkAdapter[]","21","2","Windows Server 2019 Standard","windowsguest","10.0.17763","Running","Microsoft.OffAzure/HyperVSites/machines","2025-02-13T15:06:07.7312611Z","C:\ClusterStorage\Volume1\HICU8517B\Virtual Machines\33661281-C0C3-48AF-84C0-8FC3781353B1.VMCX","HICU8517B.olcc.lan","9.0"
"12288",,,,,,,,,,"3D9AC036-B68D-4A26-9D29-286D80718685","7899-7120-9022-0340-6238-9885-80","HICP1310_Clu.olcc.lan","/subscriptions/bc602065-8f71-487b-9fa1-e872b4ce9a79/resourceGroups/rg-dcstratmig-prd-003/providers/Microsoft.OffAzure/HyperVSites/HYPV-AZ-MIGVA24225site/clusters/hicp1310-clu-olcc-lan-4fb0bd14-3fa8-4561-ad74-93b04087d47c","2025-02-11T20:30:54.8776436Z","Microsoft.Azure.PowerShell.Cmdlets.Migrate.Models.Api202001.IHyperVDisk[]","DC01-CHKMX-MGR1","Microsoft.Azure.PowerShell.Cmdlets.Migrate.Models.Api202001.IHealthErrorDetails[]","BIOS","1","2/13/2025 3:19:14 AM","Microsoft Windows Server 2016 Standard","Windows","10.0.14393","Yes","HICP1317",,"/subscriptions/bc602065-8f71-487b-9fa1-e872b4ce9a79/resourceGroups/rg-dcstratmig-prd-003/providers/Microsoft.OffAzure/HyperVSites/HYPV-AZ-MIGVA24225site/machines/795ce906-ea67-4db1-9525-ea7cf409d7c4","795ce906-ea67-4db1-9525-ea7cf409d7c4","False","False","False","Cluster","65536","795ce906-ea67-4db1-9525-ea7cf409d7c4","Microsoft.Azure.PowerShell.Cmdlets.Migrate.Models.Api202001.IHyperVNetworkAdapter[]","68","4","Windows Server 2016 Standard","windowsguest","10.0.14393","Running","Microsoft.OffAzure/HyperVSites/machines","2025-02-13T15:06:07.8406565Z","C:\ClusterStorage\Volume3\DC01-CHKMX-MGR1 (Applications - Checkmarx)\Virtual Machines\795CE906-EA67-4DB1-9525-EA7CF409D7C4.VMCX","DC01-CHKMX-MGR1.olcc.lan","9.0"
"4096",,,,,,,,,,"BFDDDE18-71C4-4041-B81B-BD3D5CDF724F","7694-9157-3727-9071-9979-2165-84","HICP1326_CLU.olcc.lan","/subscriptions/bc602065-8f71-487b-9fa1-e872b4ce9a79/resourceGroups/rg-dcstratmig-prd-003/providers/Microsoft.OffAzure/HyperVSites/HYPV-AZ-MIGVA24225site/clusters/hicp1326-clu-olcc-lan-dfe304fe-4c9c-4a21-8ab7-565af1ada800","2025-02-11T20:30:55.1301064Z","Microsoft.Azure.PowerShell.Cmdlets.Migrate.Models.Api202001.IHyperVDisk[]","HICT8531A","Microsoft.Azure.PowerShell.Cmdlets.Migrate.Models.Api202001.IHealthErrorDetails[]","UEFI","2","2/13/2025 2:36:15 AM","Microsoft Windows Server 2019 Standard","Windows","10.0.17763","Yes","HICP1326C",,"/subscriptions/bc602065-8f71-487b-9fa1-e872b4ce9a79/resourceGroups/rg-dcstratmig-prd-003/providers/Microsoft.OffAzure/HyperVSites/HYPV-AZ-MIGVA24225site/machines/8771cf64-a3ba-4486-be8c-8109446daf00","8771cf64-a3ba-4486-be8c-8109446daf00","False","False","False","Cluster","1048576","8771cf64-a3ba-4486-be8c-8109446daf00","Microsoft.Azure.PowerShell.Cmdlets.Migrate.Models.Api202001.IHyperVNetworkAdapter[]","21","2","Windows Server 2019 Standard","windowsguest","10.0.17763","Running","Microsoft.OffAzure/HyperVSites/machines","2025-02-13T15:06:07.9656590Z","C:\ClusterStorage\Volume1\HICT8531A\Virtual Machines\8771CF64-A3BA-4486-BE8C-8109446DAF00.VMCX","HICT8531A.olcc.lan","9.0"
"8192",,,,,,,,,,"2026E997-46CE-4944-BB05-2A154E0A8F56","4099-9511-8609-0032-3582-1905-11","HICP1310_Clu.olcc.lan","/subscriptions/bc602065-8f71-487b-9fa1-e872b4ce9a79/resourceGroups/rg-dcstratmig-prd-003/providers/Microsoft.OffAzure/HyperVSites/HYPV-AZ-MIGVA24225site/clusters/hicp1310-clu-olcc-lan-4fb0bd14-3fa8-4561-ad74-93b04087d47c","2025-02-11T20:30:55.3801051Z","Microsoft.Azure.PowerShell.Cmdlets.Migrate.Models.Api202001.IHyperVDisk[]","HICP2224A","Microsoft.Azure.PowerShell.Cmdlets.Migrate.Models.Api202001.IHealthErrorDetails[]","UEFI","2","2/13/2025 3:19:49 AM","Microsoft Windows Server 2019 Standard","Windows","10.0.17763","Yes","HICP1310",,"/subscriptions/bc602065-8f71-487b-9fa1-e872b4ce9a79/resourceGroups/rg-dcstratmig-prd-003/providers/Microsoft.OffAzure/HyperVSites/HYPV-AZ-MIGVA24225site/machines/654c8d56-dfe2-4f24-acf9-b056d079070f","654c8d56-dfe2-4f24-acf9-b056d079070f","False","False","False","Cluster","1048576","654c8d56-dfe2-4f24-acf9-b056d079070f","Microsoft.Azure.PowerShell.Cmdlets.Migrate.Models.Api202001.IHyperVNetworkAdapter[]","42","4","Windows Server 2019 Standard","windowsguest","10.0.17763","Running","Microsoft.OffAzure/HyperVSites/machines","2025-02-13T15:02:15.3937995Z","C:\ClusterStorage\Volume13\HICP2224A\Virtual Machines\654C8D56-DFE2-4F24-ACF9-B056D079070F.VMCX","HICP2224A.olcc.lan","9.0"
"8192",,,,,,,,,,"F0819802-A87F-4175-BC39-F61B8810E8D2","3269-9677-7465-2158-9981-3274-06","HICP1323_CLU.olcc.lan","/subscriptions/bc602065-8f71-487b-9fa1-e872b4ce9a79/resourceGroups/rg-dcstratmig-prd-003/providers/Microsoft.OffAzure/HyperVSites/HYPV-AZ-MIGVA24225site/clusters/hicp1323-clu-olcc-lan-fe5137bc-e3d8-415b-9d54-c2debea3ef5d","2025-02-11T20:30:55.6300924Z","Microsoft.Azure.PowerShell.Cmdlets.Migrate.Models.Api202001.IHyperVDisk[]","HICP2429","Microsoft.Azure.PowerShell.Cmdlets.Migrate.Models.Api202001.IHealthErrorDetails[]","BIOS","1",,,,,"Yes","HICP1323B",,"/subscriptions/bc602065-8f71-487b-9fa1-e872b4ce9a79/resourceGroups/rg-dcstratmig-prd-003/providers/Microsoft.OffAzure/HyperVSites/HYPV-AZ-MIGVA24225site/machines/cb94e552-1bce-416b-9fbc-6ff2a7ac7ba7","cb94e552-1bce-416b-9fbc-6ff2a7ac7ba7","False","False","True","Cluster","1048576","cb94e552-1bce-416b-9fbc-6ff2a7ac7ba7","Microsoft.Azure.PowerShell.Cmdlets.Migrate.Models.Api202001.IHyperVNetworkAdapter[]","-1","4",,"otherguestfamily",,"Running","Microsoft.OffAzure/HyperVSites/machines","2025-02-13T03:22:25.7011986Z","C:\ClusterStorage\Volume2\HICP2421 (Qualys Scanner)\Virtual Machines\CB94E552-1BCE-416B-9FBC-6FF2A7AC7BA7.VMCX","","9.0"
"4096",,,,,,,,,,"8D346BA3-EF58-4236-8906-EE748F0DCB7F","3780-0625-4265-6487-2561-2680-38","HICP1310_Clu.olcc.lan","/subscriptions/bc602065-8f71-487b-9fa1-e872b4ce9a79/resourceGroups/rg-dcstratmig-prd-003/providers/Microsoft.OffAzure/HyperVSites/HYPV-AZ-MIGVA24225site/clusters/hicp1310-clu-olcc-lan-4fb0bd14-3fa8-4561-ad74-93b04087d47c","2025-02-11T20:30:55.8800757Z","Microsoft.Azure.PowerShell.Cmdlets.Migrate.Models.Api202001.IHyperVDisk[]","HICP2000","Microsoft.Azure.PowerShell.Cmdlets.Migrate.Models.Api202001.IHealthErrorDetails[]","BIOS","1",,,,,"Yes","HICP1313",,"/subscriptions/bc602065-8f71-487b-9fa1-e872b4ce9a79/resourceGroups/rg-dcstratmig-prd-003/providers/Microsoft.OffAzure/HyperVSites/HYPV-AZ-MIGVA24225site/machines/1be03de1-ee72-4343-a744-439966bfd38d","1be03de1-ee72-4343-a744-439966bfd38d","False","False","True","Cluster","65536","1be03de1-ee72-4343-a744-439966bfd38d","Microsoft.Azure.PowerShell.Cmdlets.Migrate.Models.Api202001.IHyperVNetworkAdapter[]","-1","2",,"otherguestfamily",,"Running","Microsoft.OffAzure/HyperVSites/machines","2025-02-13T03:21:35.7351105Z","C:\ClusterStorage\Volume14\HICP2000\Virtual Machines\1BE03DE1-EE72-4343-A744-439966BFD38D.VMCX","","9.0"
"8192",,,,,,,,,,"19A7A3B9-2BA2-4D79-8316-C766E17E2191","4800-1310-0388-3442-5217-6944-89","HICP1326_CLU.olcc.lan","/subscriptions/bc602065-8f71-487b-9fa1-e872b4ce9a79/resourceGroups/rg-dcstratmig-prd-003/providers/Microsoft.OffAzure/HyperVSites/HYPV-AZ-MIGVA24225site/clusters/hicp1326-clu-olcc-lan-dfe304fe-4c9c-4a21-8ab7-565af1ada800","2025-02-11T20:30:56.1301030Z","Microsoft.Azure.PowerShell.Cmdlets.Migrate.Models.Api202001.IHyperVDisk[]","NP03-WB01-SLDI","Microsoft.Azure.PowerShell.Cmdlets.Migrate.Models.Api202001.IHealthErrorDetails[]","BIOS","1","2/13/2025 3:19:34 AM","Microsoft Windows Server 2019 Standard","Windows","10.0.17763","Yes","HICP1326A",,"/subscriptions/bc602065-8f71-487b-9fa1-e872b4ce9a79/resourceGroups/rg-dcstratmig-prd-003/providers/Microsoft.OffAzure/HyperVSites/HYPV-AZ-MIGVA24225site/machines/72ed2889-635d-4ca9-b25b-e38ef5570416","72ed2889-635d-4ca9-b25b-e38ef5570416","False","False","False","Cluster","65536","72ed2889-635d-4ca9-b25b-e38ef5570416","Microsoft.Azure.PowerShell.Cmdlets.Migrate.Models.Api202001.IHyperVNetworkAdapter[]","43","2","Windows Server 2019 Standard","windowsguest","10.0.17763","Running","Microsoft.OffAzure/HyperVSites/machines","2025-02-13T15:06:08.0906794Z","C:\ClusterStorage\Volume1\NP03-WB01-SLDI\Virtual Machines\72ED2889-635D-4CA9-B25B-E38EF5570416.VMCX","NP03-WB01-SLDI.olcc.lan","9.0"
"4096",,,,,,,,,,"3FCE051F-B3AC-424A-8876-6874A39DB550","5878-7092-8285-5773-7347-2098-06","HICP1310_Clu.olcc.lan","/subscriptions/bc602065-8f71-487b-9fa1-e872b4ce9a79/resourceGroups/rg-dcstratmig-prd-003/providers/Microsoft.OffAzure/HyperVSites/HYPV-AZ-MIGVA24225site/clusters/hicp1310-clu-olcc-lan-4fb0bd14-3fa8-4561-ad74-93b04087d47c","2025-02-11T20:30:56.3809241Z","Microsoft.Azure.PowerShell.Cmdlets.Migrate.Models.Api202001.IHyperVDisk[]","HICP2343B","Microsoft.Azure.PowerShell.Cmdlets.Migrate.Models.Api202001.IHealthErrorDetails[]","UEFI","2","2/13/2025 3:19:50 AM","Microsoft Windows Server 2022 Standard","Windows","10.0.20348","Yes","HICP1319",,"/subscriptions/bc602065-8f71-487b-9fa1-e872b4ce9a79/resourceGroups/rg-dcstratmig-prd-003/providers/Microsoft.OffAzure/HyperVSites/HYPV-AZ-MIGVA24225site/machines/b961907c-0cae-410b-9bf4-c6c516443465","b961907c-0cae-410b-9bf4-c6c516443465","False","False","False","Cluster","1048576","b961907c-0cae-410b-9bf4-c6c516443465","Microsoft.Azure.PowerShell.Cmdlets.Migrate.Models.Api202001.IHyperVNetworkAdapter[]","7","2","Windows Server 2022 Standard","windowsguest","10.0.20348","Running","Microsoft.OffAzure/HyperVSites/machines","2025-02-13T03:19:50.8273543Z","C:\ClusterStorage\Volume14\HICP2343B\Virtual Machines\B961907C-0CAE-410B-9BF4-C6C516443465.VMCX","HICP2343B.olcc.lan","9.0"
"6144",,,,,,,,,,"2BDDCEB2-BD4D-47EC-9665-C21E42B3BDAD","7118-3651-1733-5284-9045-0980-99","HICP1323_CLU.olcc.lan","/subscriptions/bc602065-8f71-487b-9fa1-e872b4ce9a79/resourceGroups/rg-dcstratmig-prd-003/providers/Microsoft.OffAzure/HyperVSites/HYPV-AZ-MIGVA24225site/clusters/hicp1323-clu-olcc-lan-fe5137bc-e3d8-415b-9d54-c2debea3ef5d","2025-02-11T20:30:56.6309100Z","Microsoft.Azure.PowerShell.Cmdlets.Migrate.Models.Api202001.IHyperVDisk[]","HICP2030A","Microsoft.Azure.PowerShell.Cmdlets.Migrate.Models.Api202001.IHealthErrorDetails[]","UEFI","2",,,,,"Yes","HICP1323A",,"/subscriptions/bc602065-8f71-487b-9fa1-e872b4ce9a79/resourceGroups/rg-dcstratmig-prd-003/providers/Microsoft.OffAzure/HyperVSites/HYPV-AZ-MIGVA24225site/machines/691e5177-c111-4909-a5b2-3a4fe8514dc2","691e5177-c111-4909-a5b2-3a4fe8514dc2","False","False","True","Cluster","1048576","691e5177-c111-4909-a5b2-3a4fe8514dc2","Microsoft.Azure.PowerShell.Cmdlets.Migrate.Models.Api202001.IHyperVNetworkAdapter[]","-1","2","Windows Server 2019 Standard","windowsguest","10.0.17763","Running","Microsoft.OffAzure/HyperVSites/machines","2025-02-13T03:47:00.6258456Z","C:\ClusterStorage\Volume2\HICP2030A\Virtual Machines\691E5177-C111-4909-A5B2-3A4FE8514DC2.VMCX","HICP2030A.olcc.lan","9.0"
"24576",,,,,,,,,,"28F5F597-EAFA-4BB9-8D58-DE06AA0216D9","4932-6270-2175-0405-4252-6210-64","HICP1310_Clu.olcc.lan","/subscriptions/bc602065-8f71-487b-9fa1-e872b4ce9a79/resourceGroups/rg-dcstratmig-prd-003/providers/Microsoft.OffAzure/HyperVSites/HYPV-AZ-MIGVA24225site/clusters/hicp1310-clu-olcc-lan-4fb0bd14-3fa8-4561-ad74-93b04087d47c","2025-02-11T20:30:56.8702783Z","Microsoft.Azure.PowerShell.Cmdlets.Migrate.Models.Api202001.IHyperVDisk[]","HICP3824","Microsoft.Azure.PowerShell.Cmdlets.Migrate.Models.Api202001.IHealthErrorDetails[]","UEFI","2","2/13/2025 3:20:03 AM","Red Hat Enterprise Linux","Linux","8.3","Yes","HICP1317",,"/subscriptions/bc602065-8f71-487b-9fa1-e872b4ce9a79/resourceGroups/rg-dcstratmig-prd-003/providers/Microsoft.OffAzure/HyperVSites/HYPV-AZ-MIGVA24225site/machines/2c89089f-04d7-4e96-8e94-44f23f65a209","2c89089f-04d7-4e96-8e94-44f23f65a209","False","False","False","Cluster","1048576","2c89089f-04d7-4e96-8e94-44f23f65a209","Microsoft.Azure.PowerShell.Cmdlets.Migrate.Models.Api202001.IHyperVNetworkAdapter[]","36","6","Red Hat Enterprise Linux","linuxguest","4.18.0","Running","Microsoft.OffAzure/HyperVSites/machines","2025-02-13T03:20:03.5542791Z","C:\ClusterStorage\Volume3\HICP3824\Virtual Machines\2C89089F-04D7-4E96-8E94-44F23F65A209.VMCX","HICP3824.olcc.lan","9.0"
"12288",,,,,,,,,,"13953007-CFE5-4795-BBA4-531946F05E1C","0311-2399-8220-4557-6426-3483-54","HICP1310_Clu.olcc.lan","/subscriptions/bc602065-8f71-487b-9fa1-e872b4ce9a79/resourceGroups/rg-dcstratmig-prd-003/providers/Microsoft.OffAzure/HyperVSites/HYPV-AZ-MIGVA24225site/clusters/hicp1310-clu-olcc-lan-4fb0bd14-3fa8-4561-ad74-93b04087d47c","2025-02-11T20:30:57.1202833Z","Microsoft.Azure.PowerShell.Cmdlets.Migrate.Models.Api202001.IHyperVDisk[]","HICP5577","Microsoft.Azure.PowerShell.Cmdlets.Migrate.Models.Api202001.IHealthErrorDetails[]","UEFI","2","2/13/2025 3:20:53 AM","Microsoft Windows Server 2019 Standard","Windows","10.0.17763","Yes","HICP1314",,"/subscriptions/bc602065-8f71-487b-9fa1-e872b4ce9a79/resourceGroups/rg-dcstratmig-prd-003/providers/Microsoft.OffAzure/HyperVSites/HYPV-AZ-MIGVA24225site/machines/0d40c253-c98f-425a-848a-ef10947eec16","0d40c253-c98f-425a-848a-ef10947eec16","False","False","False","Cluster","1048576","0d40c253-c98f-425a-848a-ef10947eec16","Microsoft.Azure.PowerShell.Cmdlets.Migrate.Models.Api202001.IHyperVNetworkAdapter[]","32","2","Windows Server 2019 Standard","windowsguest","10.0.17763","Running","Microsoft.OffAzure/HyperVSites/machines","2025-02-13T15:06:08.2312945Z","C:\ClusterStorage\Volume12\HICP5577\Virtual Machines\0D40C253-C98F-425A-848A-EF10947EEC16.VMCX","HICP5577.olcc.lan","9.0"
"16384",,,,,,,,,,"4D6C6D11-1004-49E0-84C5-8AEE9BF593A2","8240-4222-2531-9285-2174-5887-62","HICP1326_CLU.olcc.lan","/subscriptions/bc602065-8f71-487b-9fa1-e872b4ce9a79/resourceGroups/rg-dcstratmig-prd-003/providers/Microsoft.OffAzure/HyperVSites/HYPV-AZ-MIGVA24225site/clusters/hicp1326-clu-olcc-lan-dfe304fe-4c9c-4a21-8ab7-565af1ada800","2025-02-11T20:30:57.3702828Z","Microsoft.Azure.PowerShell.Cmdlets.Migrate.Models.Api202001.IHyperVDisk[]","HICU2387","Microsoft.Azure.PowerShell.Cmdlets.Migrate.Models.Api202001.IHealthErrorDetails[]","UEFI","2","2/13/2025 3:21:22 AM","Microsoft Windows Server 2019 Standard","Windows","10.0.17763","Yes","HICP1326C",,"/subscriptions/bc602065-8f71-487b-9fa1-e872b4ce9a79/resourceGroups/rg-dcstratmig-prd-003/providers/Microsoft.OffAzure/HyperVSites/HYPV-AZ-MIGVA24225site/machines/248c804d-b64d-443b-98b1-a878827f4536","248c804d-b64d-443b-98b1-a878827f4536","False","False","False","Cluster","1048576","248c804d-b64d-443b-98b1-a878827f4536","Microsoft.Azure.PowerShell.Cmdlets.Migrate.Models.Api202001.IHyperVNetworkAdapter[]","23","8","Windows Server 2019 Standard","windowsguest","10.0.17763","Running","Microsoft.OffAzure/HyperVSites/machines","2025-02-13T03:21:22.5918289Z","C:\ClusterStorage\Volume2\HICU2387\Virtual Machines\248C804D-B64D-443B-98B1-A878827F4536.VMCX","HICU2387.olcc.lan","9.0"
"8192",,,,,,,,,,"02755A1A-886B-4CFE-B16B-5C36B0AF4E55","9687-2150-7458-4955-4884-8364-92","HICP1323_CLU.olcc.lan","/subscriptions/bc602065-8f71-487b-9fa1-e872b4ce9a79/resourceGroups/rg-dcstratmig-prd-003/providers/Microsoft.OffAzure/HyperVSites/HYPV-AZ-MIGVA24225site/clusters/hicp1323-clu-olcc-lan-fe5137bc-e3d8-415b-9d54-c2debea3ef5d","2025-02-11T20:30:57.6202813Z","Microsoft.Azure.PowerShell.Cmdlets.Migrate.Models.Api202001.IHyperVDisk[]","DC01-SEC-DMZAH","Microsoft.Azure.PowerShell.Cmdlets.Migrate.Models.Api202001.IHealthErrorDetails[]","BIOS","1",,,,,"Yes","HICP1323B",,"/subscriptions/bc602065-8f71-487b-9fa1-e872b4ce9a79/resourceGroups/rg-dcstratmig-prd-003/providers/Microsoft.OffAzure/HyperVSites/HYPV-AZ-MIGVA24225site/machines/c5bbf2d7-66c1-4274-923d-fc49c76cc5ea","c5bbf2d7-66c1-4274-923d-fc49c76cc5ea","False","False","True","Cluster","65536","c5bbf2d7-66c1-4274-923d-fc49c76cc5ea","Microsoft.Azure.PowerShell.Cmdlets.Migrate.Models.Api202001.IHyperVNetworkAdapter[]","-1","2","Windows Server 2012 R2 Standard","windowsguest","6.3.9600","Running","Microsoft.OffAzure/HyperVSites/machines","2025-02-13T03:47:01.8758426Z","C:\ClusterStorage\Volume1\DC01-SEC-DMZAH\Virtual Machines\C5BBF2D7-66C1-4274-923D-FC49C76CC5EA.VMCX","DC01-SEC-DMZAH.olcc.lan","9.0"
"4096",,,,,,,,,,"3E4EFC38-93F1-4F14-B7B0-2CE0A08362D2","1101-2331-6338-1441-6872-6718-10","HICP1310_Clu.olcc.lan","/subscriptions/bc602065-8f71-487b-9fa1-e872b4ce9a79/resourceGroups/rg-dcstratmig-prd-003/providers/Microsoft.OffAzure/HyperVSites/HYPV-AZ-MIGVA24225site/clusters/hicp1310-clu-olcc-lan-4fb0bd14-3fa8-4561-ad74-93b04087d47c","2025-02-11T20:30:57.8702796Z","Microsoft.Azure.PowerShell.Cmdlets.Migrate.Models.Api202001.IHyperVDisk[]","ATLWinSvr2022CoreT","Microsoft.Azure.PowerShell.Cmdlets.Migrate.Models.Api202001.IHealthErrorDetails[]","UEFI","2",,,,,"Yes","HICP1310B",,"/subscriptions/bc602065-8f71-487b-9fa1-e872b4ce9a79/resourceGroups/rg-dcstratmig-prd-003/providers/Microsoft.OffAzure/HyperVSites/HYPV-AZ-MIGVA24225site/machines/b37242d3-c9ba-468d-9c03-99ccb94edeb3","b37242d3-c9ba-468d-9c03-99ccb94edeb3","False","False","True","Cluster","1048576","b37242d3-c9ba-468d-9c03-99ccb94edeb3","Microsoft.Azure.PowerShell.Cmdlets.Migrate.Models.Api202001.IHyperVNetworkAdapter[]","-1","2",,"otherguestfamily",,"PowerOff","Microsoft.OffAzure/HyperVSites/machines","2025-02-13T03:21:44.2735918Z","C:\ClusterStorage\Volume4_ELASTIC\ATLWinSvr2022CT\Virtual Machines\B37242D3-C9BA-468D-9C03-99CCB94EDEB3.VMCX","","9.0"
"8192",,,,,,,,,,"F2AAE969-8A2C-46F4-84EF-3DF480071C11","2900-0054-1924-4486-0640-2690-43","HICP1300_CLU.olcc.lan","/subscriptions/bc602065-8f71-487b-9fa1-e872b4ce9a79/resourceGroups/rg-dcstratmig-prd-003/providers/Microsoft.OffAzure/HyperVSites/HYPV-AZ-MIGVA24225site/clusters/hicp1300-clu-olcc-lan-716a4cd7-b6bf-44a4-8728-f1576ad575ee","2025-02-11T20:30:58.1202808Z","Microsoft.Azure.PowerShell.Cmdlets.Migrate.Models.Api202001.IHyperVDisk[]","HICP1205A","Microsoft.Azure.PowerShell.Cmdlets.Migrate.Models.Api202001.IHealthErrorDetails[]","UEFI","2","2/13/2025 3:19:46 AM","Microsoft Windows Server 2019 Datacenter","Windows","10.0.17763","Yes","HICP1300B",,"/subscriptions/bc602065-8f71-487b-9fa1-e872b4ce9a79/resourceGroups/rg-dcstratmig-prd-003/providers/Microsoft.OffAzure/HyperVSites/HYPV-AZ-MIGVA24225site/machines/1abada4f-db5e-497d-8139-fd86c6f188d7","1abada4f-db5e-497d-8139-fd86c6f188d7","False","False","False","Cluster","1048576","1abada4f-db5e-497d-8139-fd86c6f188d7","Microsoft.Azure.PowerShell.Cmdlets.Migrate.Models.Api202001.IHyperVNetworkAdapter[]","24","4","Windows Server 2019 Datacenter","windowsguest","10.0.17763","Running","Microsoft.OffAzure/HyperVSites/machines","2025-02-13T15:06:08.3562953Z","C:\ClusterStorage\Volume2\HICP1205A\Virtual Machines\1ABADA4F-DB5E-497D-8139-FD86C6F188D7.VMCX","HICP1205A.olcc.lan","9.0"
"8192",,,,,,,,,,"D08C2976-79EE-42F8-A74A-754069CB181D","6341-8764-4698-1468-4011-1918-66","HICP1310_Clu.olcc.lan","/subscriptions/bc602065-8f71-487b-9fa1-e872b4ce9a79/resourceGroups/rg-dcstratmig-prd-003/providers/Microsoft.OffAzure/HyperVSites/HYPV-AZ-MIGVA24225site/clusters/hicp1310-clu-olcc-lan-4fb0bd14-3fa8-4561-ad74-93b04087d47c","2025-02-11T20:30:58.3702837Z","Microsoft.Azure.PowerShell.Cmdlets.Migrate.Models.Api202001.IHyperVDisk[]","FLOLVINTWEB2","Microsoft.Azure.PowerShell.Cmdlets.Migrate.Models.Api202001.IHealthErrorDetails[]","BIOS","1","2/13/2025 3:20:51 AM","Microsoft Windows Server 2008 R2 Standard ","Windows","6.1.7601","Yes","HICP1310",,"/subscriptions/bc602065-8f71-487b-9fa1-e872b4ce9a79/resourceGroups/rg-dcstratmig-prd-003/providers/Microsoft.OffAzure/HyperVSites/HYPV-AZ-MIGVA24225site/machines/5e085d6c-8e03-4378-af31-a58075b138d3","5e085d6c-8e03-4378-af31-a58075b138d3","False","False","False","Cluster","65536","5e085d6c-8e03-4378-af31-a58075b138d3","Microsoft.Azure.PowerShell.Cmdlets.Migrate.Models.Api202001.IHyperVNetworkAdapter[]","43","2","Windows Server 2008 R2 Standard","windowsguest","6.1.7601","Running","Microsoft.OffAzure/HyperVSites/machines","2025-02-13T15:06:18.3733881Z","C:\ClusterStorage\Volume14\FLOLVINTWEB2\Virtual Machines\5E085D6C-8E03-4378-AF31-A58075B138D3.VMCX","FLOLVINTWEB2.olcc.lan","9.0"
"8192",,,,,,,,,,"845B5229-F076-49EC-B7A6-636EA0910AC1","5649-8353-0305-2206-0368-5167-46","HICP1310_Clu.olcc.lan","/subscriptions/bc602065-8f71-487b-9fa1-e872b4ce9a79/resourceGroups/rg-dcstratmig-prd-003/providers/Microsoft.OffAzure/HyperVSites/HYPV-AZ-MIGVA24225site/clusters/hicp1310-clu-olcc-lan-4fb0bd14-3fa8-4561-ad74-93b04087d47c","2025-02-11T20:30:58.6202946Z","Microsoft.Azure.PowerShell.Cmdlets.Migrate.Models.Api202001.IHyperVDisk[]","DC01-PRNT-SVR02","Microsoft.Azure.PowerShell.Cmdlets.Migrate.Models.Api202001.IHealthErrorDetails[]","UEFI","2","2/13/2025 3:20:25 AM","Microsoft Windows Server 2019 Standard","Windows","10.0.17763","Yes","HICP1310",,"/subscriptions/bc602065-8f71-487b-9fa1-e872b4ce9a79/resourceGroups/rg-dcstratmig-prd-003/providers/Microsoft.OffAzure/HyperVSites/HYPV-AZ-MIGVA24225site/machines/b0acb4f3-2a70-48e1-80ba-f00620edd102","b0acb4f3-2a70-48e1-80ba-f00620edd102","False","False","False","Cluster","1048576","b0acb4f3-2a70-48e1-80ba-f00620edd102","Microsoft.Azure.PowerShell.Cmdlets.Migrate.Models.Api202001.IHyperVNetworkAdapter[]","15","4","Windows Server 2019 Standard","windowsguest","10.0.17763","Running","Microsoft.OffAzure/HyperVSites/machines","2025-02-13T15:06:08.4813383Z","C:\ClusterStorage\Volume14\DC01-PRNT-SVR02\Virtual Machines\B0ACB4F3-2A70-48E1-80BA-F00620EDD102.VMCX","DC01-PRNT-SVR02.olcc.lan","9.0"
"8192",,,,,,,,,,"04084670-3241-4AB2-89B6-6B4450701D1B","8051-8759-6895-6254-9365-5473-94","HICP1310_Clu.olcc.lan","/subscriptions/bc602065-8f71-487b-9fa1-e872b4ce9a79/resourceGroups/rg-dcstratmig-prd-003/providers/Microsoft.OffAzure/HyperVSites/HYPV-AZ-MIGVA24225site/clusters/hicp1310-clu-olcc-lan-4fb0bd14-3fa8-4561-ad74-93b04087d47c","2025-02-11T20:30:58.8702984Z","Microsoft.Azure.PowerShell.Cmdlets.Migrate.Models.Api202001.IHyperVDisk[]","HICP8550-2","Microsoft.Azure.PowerShell.Cmdlets.Migrate.Models.Api202001.IHealthErrorDetails[]","UEFI","2","2/13/2025 3:20:04 AM","Microsoft Windows Server 2019 Standard","Windows","10.0.17763","Yes","HICP1319",,"/subscriptions/bc602065-8f71-487b-9fa1-e872b4ce9a79/resourceGroups/rg-dcstratmig-prd-003/providers/Microsoft.OffAzure/HyperVSites/HYPV-AZ-MIGVA24225site/machines/df644bc9-cf46-42d2-a6da-10999dcef505","df644bc9-cf46-42d2-a6da-10999dcef505","False","False","False","Cluster","1048576","df644bc9-cf46-42d2-a6da-10999dcef505","Microsoft.Azure.PowerShell.Cmdlets.Migrate.Models.Api202001.IHyperVNetworkAdapter[]","21","2","Windows Server 2019 Standard","windowsguest","10.0.17763","Running","Microsoft.OffAzure/HyperVSites/machines","2025-02-13T20:18:51.9433889Z","C:\ClusterStorage\Volume11\HICP8550-2\Virtual Machines\DF644BC9-CF46-42D2-A6DA-10999DCEF505.VMCX","HICP8550.olcc.lan","9.0"
"4096",,,,,,,,,,"D86EE1A0-6A30-4841-8037-CAC5D9CA9EC7","6875-4542-6021-8995-2549-4079-06","HICP1310_Clu.olcc.lan","/subscriptions/bc602065-8f71-487b-9fa1-e872b4ce9a79/resourceGroups/rg-dcstratmig-prd-003/providers/Microsoft.OffAzure/HyperVSites/HYPV-AZ-MIGVA24225site/clusters/hicp1310-clu-olcc-lan-4fb0bd14-3fa8-4561-ad74-93b04087d47c","2025-02-11T20:30:59.1202866Z","Microsoft.Azure.PowerShell.Cmdlets.Migrate.Models.Api202001.IHyperVDisk[]","HICP2122","Microsoft.Azure.PowerShell.Cmdlets.Migrate.Models.Api202001.IHealthErrorDetails[]","UEFI","2","2/13/2025 3:21:15 AM","Microsoft Windows Server 2019 Standard","Windows","10.0.17763","Yes","HICP1318",,"/subscriptions/bc602065-8f71-487b-9fa1-e872b4ce9a79/resourceGroups/rg-dcstratmig-prd-003/providers/Microsoft.OffAzure/HyperVSites/HYPV-AZ-MIGVA24225site/machines/4517bd5c-48f5-420e-99c2-c1749ad8120b","4517bd5c-48f5-420e-99c2-c1749ad8120b","False","False","False","Cluster","1048576","4517bd5c-48f5-420e-99c2-c1749ad8120b","Microsoft.Azure.PowerShell.Cmdlets.Migrate.Models.Api202001.IHyperVNetworkAdapter[]","21","2","Windows Server 2019 Standard","windowsguest","10.0.17763","Running","Microsoft.OffAzure/HyperVSites/machines","2025-02-13T03:22:59.0671147Z","C:\ClusterStorage\Volume2\HICP2122\Virtual Machines\4517BD5C-48F5-420E-99C2-C1749AD8120B.VMCX","HICP2122.olcc.lan","9.0"
"34816",,,,,,,,,,"C6180D66-1C16-4ADA-A9F1-A0CE17EF3D7D","1414-6384-4166-6642-2355-0762-67","HICP1326_CLU.olcc.lan","/subscriptions/bc602065-8f71-487b-9fa1-e872b4ce9a79/resourceGroups/rg-dcstratmig-prd-003/providers/Microsoft.OffAzure/HyperVSites/HYPV-AZ-MIGVA24225site/clusters/hicp1326-clu-olcc-lan-dfe304fe-4c9c-4a21-8ab7-565af1ada800","2025-02-11T20:30:59.3703156Z","Microsoft.Azure.PowerShell.Cmdlets.Migrate.Models.Api202001.IHyperVDisk[]","HICU3814","Microsoft.Azure.PowerShell.Cmdlets.Migrate.Models.Api202001.IHealthErrorDetails[]","UEFI","2","2/13/2025 3:19:27 AM","Red Hat Enterprise Linux","Linux","8.4","Yes","HICP1326C",,"/subscriptions/bc602065-8f71-487b-9fa1-e872b4ce9a79/resourceGroups/rg-dcstratmig-prd-003/providers/Microsoft.OffAzure/HyperVSites/HYPV-AZ-MIGVA24225site/machines/278a8af7-2841-4562-8ed3-95f3229d848d","278a8af7-2841-4562-8ed3-95f3229d848d","False","False","False","Cluster","1048576","278a8af7-2841-4562-8ed3-95f3229d848d","Microsoft.Azure.PowerShell.Cmdlets.Migrate.Models.Api202001.IHyperVNetworkAdapter[]","76","3","Red Hat Enterprise Linux","linuxguest","4.18.0","Running","Microsoft.OffAzure/HyperVSites/machines","2025-02-13T03:19:27.4362496Z","C:\ClusterStorage\Volume1\HICU3814\Virtual Machines\278A8AF7-2841-4562-8ED3-95F3229D848D.VMCX","hicu3814.olcc.lan","9.0"
"8192",,,,,,,,,,"C587C58F-4A74-4FA2-8C26-53461B4FAD8B","7710-0962-7363-3743-4440-2089-47","HICP1310_Clu.olcc.lan","/subscriptions/bc602065-8f71-487b-9fa1-e872b4ce9a79/resourceGroups/rg-dcstratmig-prd-003/providers/Microsoft.OffAzure/HyperVSites/HYPV-AZ-MIGVA24225site/clusters/hicp1310-clu-olcc-lan-4fb0bd14-3fa8-4561-ad74-93b04087d47c","2025-02-11T20:30:59.6202847Z","Microsoft.Azure.PowerShell.Cmdlets.Migrate.Models.Api202001.IHyperVDisk[]","HICP2380B","Microsoft.Azure.PowerShell.Cmdlets.Migrate.Models.Api202001.IHealthErrorDetails[]","UEFI","2","2/13/2025 3:19:17 AM","Microsoft Windows Server 2019 Standard","Windows","10.0.17763","Yes","HICP1315",,"/subscriptions/bc602065-8f71-487b-9fa1-e872b4ce9a79/resourceGroups/rg-dcstratmig-prd-003/providers/Microsoft.OffAzure/HyperVSites/HYPV-AZ-MIGVA24225site/machines/573ffe93-e053-4f87-8988-d64bad79da58","573ffe93-e053-4f87-8988-d64bad79da58","False","False","False","Cluster","1048576","573ffe93-e053-4f87-8988-d64bad79da58","Microsoft.Azure.PowerShell.Cmdlets.Migrate.Models.Api202001.IHyperVNetworkAdapter[]","24","2","Windows Server 2019 Standard","windowsguest","10.0.17763","Running","Microsoft.OffAzure/HyperVSites/machines","2025-02-13T15:06:08.7312732Z","C:\ClusterStorage\Volume2\HICP2380B\Virtual Machines\573FFE93-E053-4F87-8988-D64BAD79DA58.VMCX","HICP2380B.olcc.lan","9.0"
"4096",,,,,,,,,,"7B6F3361-A08B-482D-AA30-6C52B5C9DEB0","9543-2310-2498-7055-0310-1481-88","HICP1330_CLU.olcc.lan","/subscriptions/bc602065-8f71-487b-9fa1-e872b4ce9a79/resourceGroups/rg-dcstratmig-prd-003/providers/Microsoft.OffAzure/HyperVSites/HYPV-AZ-MIGVA24225site/clusters/hicp1330-clu-olcc-lan-6b758d3a-0903-4f3f-80a9-2f9a8f5f8e7f","2025-02-11T20:30:59.8703052Z","Microsoft.Azure.PowerShell.Cmdlets.Migrate.Models.Api202001.IHyperVDisk[]","HICP2032","Microsoft.Azure.PowerShell.Cmdlets.Migrate.Models.Api202001.IHealthErrorDetails[]","UEFI","2",,,,,"Yes","HICP1330B",,"/subscriptions/bc602065-8f71-487b-9fa1-e872b4ce9a79/resourceGroups/rg-dcstratmig-prd-003/providers/Microsoft.OffAzure/HyperVSites/HYPV-AZ-MIGVA24225site/machines/5c2b3237-e6a0-4138-85e1-85525d509e63","5c2b3237-e6a0-4138-85e1-85525d509e63","False","False","True","Cluster","1048576","5c2b3237-e6a0-4138-85e1-85525d509e63","Microsoft.Azure.PowerShell.Cmdlets.Migrate.Models.Api202001.IHyperVNetworkAdapter[]","-1","2","Windows Server 2019 Standard","windowsguest","10.0.17763","Running","Microsoft.OffAzure/HyperVSites/machines","2025-02-13T03:47:00.3758420Z","C:\ClusterStorage\Volume1\OLTSWAPP1_New\Virtual Machines\5C2B3237-E6A0-4138-85E1-85525D509E63.VMCX","HICP2032.olcc.lan","9.0"
"34816",,,,,,,,,,"C6180D66-1C16-4ADA-A9F1-A0CE17EF3D7D","1414-6384-4166-6642-2355-0762-67","HICP1326_CLU.olcc.lan","/subscriptions/bc602065-8f71-487b-9fa1-e872b4ce9a79/resourceGroups/rg-dcstratmig-prd-003/providers/Microsoft.OffAzure/HyperVSites/HYPV-AZ-MIGVA24225site/clusters/hicp1326-clu-olcc-lan-dfe304fe-4c9c-4a21-8ab7-565af1ada800","2025-02-11T20:31:00.1202920Z","Microsoft.Azure.PowerShell.Cmdlets.Migrate.Models.Api202001.IHyperVDisk[]","HICU3813","Microsoft.Azure.PowerShell.Cmdlets.Migrate.Models.Api202001.IHealthErrorDetails[]","UEFI","2","2/13/2025 3:20:17 AM","Red Hat Enterprise Linux","Linux","8.4","Yes","HICP1326B",,"/subscriptions/bc602065-8f71-487b-9fa1-e872b4ce9a79/resourceGroups/rg-dcstratmig-prd-003/providers/Microsoft.OffAzure/HyperVSites/HYPV-AZ-MIGVA24225site/machines/9dd436ad-dcb3-4c11-9590-88d559ee0a2d","9dd436ad-dcb3-4c11-9590-88d559ee0a2d","False","False","False","Cluster","1048576","9dd436ad-dcb3-4c11-9590-88d559ee0a2d","Microsoft.Azure.PowerShell.Cmdlets.Migrate.Models.Api202001.IHyperVNetworkAdapter[]","76","3","Red Hat Enterprise Linux","linuxguest","4.18.0","Running","Microsoft.OffAzure/HyperVSites/machines","2025-02-13T03:20:17.0702010Z","C:\ClusterStorage\Volume1\HICU3813\Virtual Machines\9DD436AD-DCB3-4C11-9590-88D559EE0A2D.VMCX","hicu3813.olcc.lan","9.0"
"24576",,,,,,,,,,"393F37A0-D0BF-4E78-992E-5C768C466D83","8802-8527-6929-5853-2777-2331-19","HICP1310_Clu.olcc.lan","/subscriptions/bc602065-8f71-487b-9fa1-e872b4ce9a79/resourceGroups/rg-dcstratmig-prd-003/providers/Microsoft.OffAzure/HyperVSites/HYPV-AZ-MIGVA24225site/clusters/hicp1310-clu-olcc-lan-4fb0bd14-3fa8-4561-ad74-93b04087d47c","2025-02-11T20:31:00.4953093Z","Microsoft.Azure.PowerShell.Cmdlets.Migrate.Models.Api202001.IHyperVDisk[]","HICP3811","Microsoft.Azure.PowerShell.Cmdlets.Migrate.Models.Api202001.IHealthErrorDetails[]","UEFI","2","2/13/2025 3:20:42 AM","Red Hat Enterprise Linux","Linux","8.3","Yes","HICP1316",,"/subscriptions/bc602065-8f71-487b-9fa1-e872b4ce9a79/resourceGroups/rg-dcstratmig-prd-003/providers/Microsoft.OffAzure/HyperVSites/HYPV-AZ-MIGVA24225site/machines/97e3a7f8-b990-461b-80e2-d1e4f4667be2","97e3a7f8-b990-461b-80e2-d1e4f4667be2","False","False","False","Cluster","1048576","97e3a7f8-b990-461b-80e2-d1e4f4667be2","Microsoft.Azure.PowerShell.Cmdlets.Migrate.Models.Api202001.IHyperVNetworkAdapter[]","66","6","Red Hat Enterprise Linux","linuxguest","4.18.0","Running","Microsoft.OffAzure/HyperVSites/machines","2025-02-13T03:20:42.0910416Z","C:\ClusterStorage\Volume12\HICP3811\Virtual Machines\97E3A7F8-B990-461B-80E2-D1E4F4667BE2.VMCX","HICP3811.olcc.lan","9.0"
"24576",,,,,,,,,,"393F37A0-D0BF-4E78-992E-5C768C466D83","8802-8527-6929-5853-2777-2331-19","HICP1310_Clu.olcc.lan","/subscriptions/bc602065-8f71-487b-9fa1-e872b4ce9a79/resourceGroups/rg-dcstratmig-prd-003/providers/Microsoft.OffAzure/HyperVSites/HYPV-AZ-MIGVA24225site/clusters/hicp1310-clu-olcc-lan-4fb0bd14-3fa8-4561-ad74-93b04087d47c","2025-02-11T20:31:00.7452864Z","Microsoft.Azure.PowerShell.Cmdlets.Migrate.Models.Api202001.IHyperVDisk[]","HICP3818","Microsoft.Azure.PowerShell.Cmdlets.Migrate.Models.Api202001.IHealthErrorDetails[]","UEFI","2","2/13/2025 3:20:23 AM","Red Hat Enterprise Linux","Linux","8.3","Yes","HICP1316",,"/subscriptions/bc602065-8f71-487b-9fa1-e872b4ce9a79/resourceGroups/rg-dcstratmig-prd-003/providers/Microsoft.OffAzure/HyperVSites/HYPV-AZ-MIGVA24225site/machines/051a5f89-2c3c-401c-b287-fae85554ef42","051a5f89-2c3c-401c-b287-fae85554ef42","False","False","False","Cluster","1048576","051a5f89-2c3c-401c-b287-fae85554ef42","Microsoft.Azure.PowerShell.Cmdlets.Migrate.Models.Api202001.IHyperVNetworkAdapter[]","66","6","Red Hat Enterprise Linux","linuxguest","4.18.0","Running","Microsoft.OffAzure/HyperVSites/machines","2025-02-13T03:20:23.7001089Z","C:\ClusterStorage\Volume11\HICP3818\Virtual Machines\051A5F89-2C3C-401C-B287-FAE85554EF42.VMCX","HICP3818.olcc.lan","9.0"
"8192",,,,,,,,,,"E3C7DA76-4BED-41B0-A5CC-ABBE0CED2CE0","2884-7188-3844-6924-5941-3912-98","HICP1310_Clu.olcc.lan","/subscriptions/bc602065-8f71-487b-9fa1-e872b4ce9a79/resourceGroups/rg-dcstratmig-prd-003/providers/Microsoft.OffAzure/HyperVSites/HYPV-AZ-MIGVA24225site/clusters/hicp1310-clu-olcc-lan-4fb0bd14-3fa8-4561-ad74-93b04087d47c","2025-02-11T20:31:00.9953128Z","Microsoft.Azure.PowerShell.Cmdlets.Migrate.Models.Api202001.IHyperVDisk[]","HICP2222A","Microsoft.Azure.PowerShell.Cmdlets.Migrate.Models.Api202001.IHealthErrorDetails[]","UEFI","2","2/13/2025 3:19:33 AM","Microsoft Windows Server 2019 Standard","Windows","10.0.17763","Yes","HICP1314",,"/subscriptions/bc602065-8f71-487b-9fa1-e872b4ce9a79/resourceGroups/rg-dcstratmig-prd-003/providers/Microsoft.OffAzure/HyperVSites/HYPV-AZ-MIGVA24225site/machines/54b8e7cc-89c7-4896-880e-f759816226bd","54b8e7cc-89c7-4896-880e-f759816226bd","False","False","False","Cluster","1048576","54b8e7cc-89c7-4896-880e-f759816226bd","Microsoft.Azure.PowerShell.Cmdlets.Migrate.Models.Api202001.IHyperVNetworkAdapter[]","23","4","Windows Server 2019 Standard","windowsguest","10.0.17763","Running","Microsoft.OffAzure/HyperVSites/machines","2025-02-13T15:06:08.8406741Z","C:\ClusterStorage\Volume11\HICP2222A\Virtual Machines\54B8E7CC-89C7-4896-880E-F759816226BD.VMCX","HICP2222A.olcc.lan","9.0"
"8192",,,,,,,,,,"8DE999DB-8512-4931-A769-E52249E451FC","4112-4041-3478-1114-2678-1451-15","HICP1310_Clu.olcc.lan","/subscriptions/bc602065-8f71-487b-9fa1-e872b4ce9a79/resourceGroups/rg-dcstratmig-prd-003/providers/Microsoft.OffAzure/HyperVSites/HYPV-AZ-MIGVA24225site/clusters/hicp1310-clu-olcc-lan-4fb0bd14-3fa8-4561-ad74-93b04087d47c","2025-02-11T20:31:01.2453413Z","Microsoft.Azure.PowerShell.Cmdlets.Migrate.Models.Api202001.IHyperVDisk[]","HICP1219B","Microsoft.Azure.PowerShell.Cmdlets.Migrate.Models.Api202001.IHealthErrorDetails[]","UEFI","2","2/13/2025 3:20:55 AM","Microsoft Windows Server 2019 Standard","Windows","10.0.17763","Yes","HICP1310",,"/subscriptions/bc602065-8f71-487b-9fa1-e872b4ce9a79/resourceGroups/rg-dcstratmig-prd-003/providers/Microsoft.OffAzure/HyperVSites/HYPV-AZ-MIGVA24225site/machines/dc7471aa-5f4d-4b19-aec4-8572295a5057","dc7471aa-5f4d-4b19-aec4-8572295a5057","False","False","False","Cluster","1048576","dc7471aa-5f4d-4b19-aec4-8572295a5057","Microsoft.Azure.PowerShell.Cmdlets.Migrate.Models.Api202001.IHyperVNetworkAdapter[]","25","2","Windows Server 2019 Standard","windowsguest","10.0.17763","Running","Microsoft.OffAzure/HyperVSites/machines","2025-02-13T15:06:08.9656888Z","C:\ClusterStorage\Volume3\HICP1219B\Virtual Machines\DC7471AA-5F4D-4B19-AEC4-8572295A5057.VMCX","HICP1219B.olcc.lan","9.0"
"16384",,,,,,,,,,"4F8C0E2B-2B44-4B7D-AEDB-C6BB2886C312","5191-3184-9925-3377-8177-5639-49","HICP1310_Clu.olcc.lan","/subscriptions/bc602065-8f71-487b-9fa1-e872b4ce9a79/resourceGroups/rg-dcstratmig-prd-003/providers/Microsoft.OffAzure/HyperVSites/HYPV-AZ-MIGVA24225site/clusters/hicp1310-clu-olcc-lan-4fb0bd14-3fa8-4561-ad74-93b04087d47c","2025-02-11T20:31:01.4952901Z","Microsoft.Azure.PowerShell.Cmdlets.Migrate.Models.Api202001.IHyperVDisk[]","HICP2407","Microsoft.Azure.PowerShell.Cmdlets.Migrate.Models.Api202001.IHealthErrorDetails[]","UEFI","2","2/13/2025 3:19:18 AM","Microsoft Windows Server 2019 Standard","Windows","10.0.17763","Yes","HICP1313",,"/subscriptions/bc602065-8f71-487b-9fa1-e872b4ce9a79/resourceGroups/rg-dcstratmig-prd-003/providers/Microsoft.OffAzure/HyperVSites/HYPV-AZ-MIGVA24225site/machines/144cc4a1-e55d-428c-9382-926f25ea32d5","144cc4a1-e55d-428c-9382-926f25ea32d5","False","False","False","Cluster","1048576","144cc4a1-e55d-428c-9382-926f25ea32d5","Microsoft.Azure.PowerShell.Cmdlets.Migrate.Models.Api202001.IHyperVNetworkAdapter[]","13","4","Windows Server 2019 Standard","windowsguest","10.0.17763","Running","Microsoft.OffAzure/HyperVSites/machines","2025-02-13T03:19:18.8580249Z","C:\ClusterStorage\Volume3\HICP2407\Virtual Machines\144CC4A1-E55D-428C-9382-926F25EA32D5.VMCX","HICP2407.olcc.lan","9.0"
"16384",,,,,,,,,,"3D7BD7A2-4B82-487A-B1BB-CD22E8D118A9","2290-8197-3651-3415-9394-0255-58","HICP1310_Clu.olcc.lan","/subscriptions/bc602065-8f71-487b-9fa1-e872b4ce9a79/resourceGroups/rg-dcstratmig-prd-003/providers/Microsoft.OffAzure/HyperVSites/HYPV-AZ-MIGVA24225site/clusters/hicp1310-clu-olcc-lan-4fb0bd14-3fa8-4561-ad74-93b04087d47c","2025-02-11T20:31:01.7452961Z","Microsoft.Azure.PowerShell.Cmdlets.Migrate.Models.Api202001.IHyperVDisk[]","HICP2181B","Microsoft.Azure.PowerShell.Cmdlets.Migrate.Models.Api202001.IHealthErrorDetails[]","UEFI","2","2/13/2025 3:21:27 AM","Microsoft Windows Server 2016 Standard","Windows","10.0.14393","Yes","HICP1310",,"/subscriptions/bc602065-8f71-487b-9fa1-e872b4ce9a79/resourceGroups/rg-dcstratmig-prd-003/providers/Microsoft.OffAzure/HyperVSites/HYPV-AZ-MIGVA24225site/machines/137ebb16-c916-4e46-bd62-bd726bc93740","137ebb16-c916-4e46-bd62-bd726bc93740","False","False","False","Cluster","1048576","137ebb16-c916-4e46-bd62-bd726bc93740","Microsoft.Azure.PowerShell.Cmdlets.Migrate.Models.Api202001.IHyperVNetworkAdapter[]","22","8","Windows Server 2016 Standard","windowsguest","10.0.14393","Running","Microsoft.OffAzure/HyperVSites/machines","2025-02-13T03:21:27.0919058Z","C:\ClusterStorage\Volume11\HICP2181B\Virtual Machines\137EBB16-C916-4E46-BD62-BD726BC93740.VMCX","HICP2181B.olcc.lan","9.0"
"24576",,,,,,,,,,"90B6A44B-8763-4F52-BE2A-783AF5F39897","5785-8103-4920-7397-5101-6016-72","HICP1310_Clu.olcc.lan","/subscriptions/bc602065-8f71-487b-9fa1-e872b4ce9a79/resourceGroups/rg-dcstratmig-prd-003/providers/Microsoft.OffAzure/HyperVSites/HYPV-AZ-MIGVA24225site/clusters/hicp1310-clu-olcc-lan-4fb0bd14-3fa8-4561-ad74-93b04087d47c","2025-02-11T20:31:01.9953393Z","Microsoft.Azure.PowerShell.Cmdlets.Migrate.Models.Api202001.IHyperVDisk[]","HICP2275","Microsoft.Azure.PowerShell.Cmdlets.Migrate.Models.Api202001.IHealthErrorDetails[]","UEFI","2","2/13/2025 3:19:50 AM","Microsoft Windows Server 2019 Standard","Windows","10.0.17763","Yes","HICP1318",,"/subscriptions/bc602065-8f71-487b-9fa1-e872b4ce9a79/resourceGroups/rg-dcstratmig-prd-003/providers/Microsoft.OffAzure/HyperVSites/HYPV-AZ-MIGVA24225site/machines/8d054ea0-825c-4ac9-9f3a-1bdd5c30522a","8d054ea0-825c-4ac9-9f3a-1bdd5c30522a","False","False","False","Cluster","1048576","8d054ea0-825c-4ac9-9f3a-1bdd5c30522a","Microsoft.Azure.PowerShell.Cmdlets.Migrate.Models.Api202001.IHyperVNetworkAdapter[]","40","8","Windows Server 2019 Standard","windowsguest","10.0.17763","Running","Microsoft.OffAzure/HyperVSites/machines","2025-02-13T15:06:09.1062652Z","C:\ClusterStorage\Volume2\HICP2275\Virtual Machines\8D054EA0-825C-4AC9-9F3A-1BDD5C30522A.VMCX","HICP2275.olcc.lan","9.0"
"16384",,,,,,,,,,"4DEA84F1-D920-42F8-BD31-1BA1F9487235","6008-7997-3912-4183-6002-3367-42","HICP1310_Clu.olcc.lan","/subscriptions/bc602065-8f71-487b-9fa1-e872b4ce9a79/resourceGroups/rg-dcstratmig-prd-003/providers/Microsoft.OffAzure/HyperVSites/HYPV-AZ-MIGVA24225site/clusters/hicp1310-clu-olcc-lan-4fb0bd14-3fa8-4561-ad74-93b04087d47c","2025-02-11T20:31:02.2453008Z","Microsoft.Azure.PowerShell.Cmdlets.Migrate.Models.Api202001.IHyperVDisk[]","HICP2125","Microsoft.Azure.PowerShell.Cmdlets.Migrate.Models.Api202001.IHealthErrorDetails[]","UEFI","2","2/13/2025 3:21:14 AM","Microsoft Windows Server 2022 Standard","Windows","10.0.20348","Yes","HICP1314",,"/subscriptions/bc602065-8f71-487b-9fa1-e872b4ce9a79/resourceGroups/rg-dcstratmig-prd-003/providers/Microsoft.OffAzure/HyperVSites/HYPV-AZ-MIGVA24225site/machines/3c833730-21a5-45d2-9513-31cea0574171","3c833730-21a5-45d2-9513-31cea0574171","False","False","False","Cluster","1048576","3c833730-21a5-45d2-9513-31cea0574171","Microsoft.Azure.PowerShell.Cmdlets.Migrate.Models.Api202001.IHyperVNetworkAdapter[]","44","2","Windows Server 2022 Standard","windowsguest","10.0.20348","Running","Microsoft.OffAzure/HyperVSites/machines","2025-02-13T15:06:09.2313232Z","C:\ClusterStorage\Volume12\HICP2125\Virtual Machines\3C833730-21A5-45D2-9513-31CEA0574171.VMCX","HICP2125.olcc.lan","9.0"
"4096",,,,,,,,,,"D03F0945-9608-483D-9576-972BF5BF5F7E","1463-4384-1676-6193-4220-3262-45","HICP1326_CLU.olcc.lan","/subscriptions/bc602065-8f71-487b-9fa1-e872b4ce9a79/resourceGroups/rg-dcstratmig-prd-003/providers/Microsoft.OffAzure/HyperVSites/HYPV-AZ-MIGVA24225site/clusters/hicp1326-clu-olcc-lan-dfe304fe-4c9c-4a21-8ab7-565af1ada800","2025-02-11T20:31:02.4952958Z","Microsoft.Azure.PowerShell.Cmdlets.Migrate.Models.Api202001.IHyperVDisk[]","HICU8526A","Microsoft.Azure.PowerShell.Cmdlets.Migrate.Models.Api202001.IHealthErrorDetails[]","UEFI","2","2/13/2025 3:21:02 AM","Microsoft Windows Server 2019 Standard","Windows","10.0.17763","Yes","HICP1326C",,"/subscriptions/bc602065-8f71-487b-9fa1-e872b4ce9a79/resourceGroups/rg-dcstratmig-prd-003/providers/Microsoft.OffAzure/HyperVSites/HYPV-AZ-MIGVA24225site/machines/5dbf1745-2ae9-46f3-a1bb-a2deae2c2edc","5dbf1745-2ae9-46f3-a1bb-a2deae2c2edc","False","False","False","Cluster","1048576","5dbf1745-2ae9-46f3-a1bb-a2deae2c2edc","Microsoft.Azure.PowerShell.Cmdlets.Migrate.Models.Api202001.IHyperVNetworkAdapter[]","108","2","Windows Server 2019 Standard","windowsguest","10.0.17763","Running","Microsoft.OffAzure/HyperVSites/machines","2025-02-13T15:06:09.3562664Z","C:\ClusterStorage\Volume1\HICU8526A\Virtual Machines\5DBF1745-2AE9-46F3-A1BB-A2DEAE2C2EDC.VMCX","HICU8526A.olcc.lan","9.0"
"8192",,,,,,,,,,"E8099E1C-16F0-45D0-81A2-64ACD9DE7A25","1720-3029-7005-0649-6961-9562-98","HICP1300_CLU.olcc.lan","/subscriptions/bc602065-8f71-487b-9fa1-e872b4ce9a79/resourceGroups/rg-dcstratmig-prd-003/providers/Microsoft.OffAzure/HyperVSites/HYPV-AZ-MIGVA24225site/clusters/hicp1300-clu-olcc-lan-716a4cd7-b6bf-44a4-8728-f1576ad575ee","2025-02-11T20:31:02.7452775Z","Microsoft.Azure.PowerShell.Cmdlets.Migrate.Models.Api202001.IHyperVDisk[]","HICP5570","Microsoft.Azure.PowerShell.Cmdlets.Migrate.Models.Api202001.IHealthErrorDetails[]","UEFI","2","2/13/2025 3:21:26 AM","Microsoft Windows Server 2022 Standard","Windows","10.0.20348","Yes","HICP1300A",,"/subscriptions/bc602065-8f71-487b-9fa1-e872b4ce9a79/resourceGroups/rg-dcstratmig-prd-003/providers/Microsoft.OffAzure/HyperVSites/HYPV-AZ-MIGVA24225site/machines/7adbb40b-7481-4cc1-a68a-eeaec2cb4675","7adbb40b-7481-4cc1-a68a-eeaec2cb4675","False","False","False","Cluster","1048576","7adbb40b-7481-4cc1-a68a-eeaec2cb4675","Microsoft.Azure.PowerShell.Cmdlets.Migrate.Models.Api202001.IHyperVNetworkAdapter[]","57","2","Windows Server 2022 Standard","windowsguest","10.0.20348","Running","Microsoft.OffAzure/HyperVSites/machines","2025-02-18T20:19:04.4263333Z","C:\ClusterStorage\Volume12\HICP5570\Virtual Machines\7ADBB40B-7481-4CC1-A68A-EEAEC2CB4675.VMCX","HICP5570.olcc.lan","9.0"
"8192",,,,,,,,,,"6FE82320-335D-4D1B-B8F0-0977E53BACF5","2795-7821-6718-8343-9789-9963-48","HICP1326_CLU.olcc.lan","/subscriptions/bc602065-8f71-487b-9fa1-e872b4ce9a79/resourceGroups/rg-dcstratmig-prd-003/providers/Microsoft.OffAzure/HyperVSites/HYPV-AZ-MIGVA24225site/clusters/hicp1326-clu-olcc-lan-dfe304fe-4c9c-4a21-8ab7-565af1ada800","2025-02-11T20:31:02.9952983Z","Microsoft.Azure.PowerShell.Cmdlets.Migrate.Models.Api202001.IHyperVDisk[]","HICU2341","Microsoft.Azure.PowerShell.Cmdlets.Migrate.Models.Api202001.IHealthErrorDetails[]","UEFI","2","2/13/2025 3:19:31 AM","Microsoft Windows Server 2022 Standard","Windows","10.0.20348","Yes","HICP1326B",,"/subscriptions/bc602065-8f71-487b-9fa1-e872b4ce9a79/resourceGroups/rg-dcstratmig-prd-003/providers/Microsoft.OffAzure/HyperVSites/HYPV-AZ-MIGVA24225site/machines/d47e6a4a-9d12-497c-9e21-f95a9b4ff874","d47e6a4a-9d12-497c-9e21-f95a9b4ff874","False","False","False","Cluster","1048576","d47e6a4a-9d12-497c-9e21-f95a9b4ff874","Microsoft.Azure.PowerShell.Cmdlets.Migrate.Models.Api202001.IHyperVNetworkAdapter[]","13","2","Windows Server 2022 Standard","windowsguest","10.0.20348","Running","Microsoft.OffAzure/HyperVSites/machines","2025-02-13T15:06:09.5906743Z","C:\ClusterStorage\Volume2\HICU2341 (Daybreak to OCI)\Virtual Machines\D47E6A4A-9D12-497C-9E21-F95A9B4FF874.VMCX","HICU2341.olcc.lan","9.0"
"4096",,,,,,,,,,"504B7C85-96F8-4ED4-BC49-0E5D3BE34562","8407-8700-6734-2492-0603-5874-10","HICP1326_CLU.olcc.lan","/subscriptions/bc602065-8f71-487b-9fa1-e872b4ce9a79/resourceGroups/rg-dcstratmig-prd-003/providers/Microsoft.OffAzure/HyperVSites/HYPV-AZ-MIGVA24225site/clusters/hicp1326-clu-olcc-lan-dfe304fe-4c9c-4a21-8ab7-565af1ada800","2025-02-11T20:31:03.2453014Z","Microsoft.Azure.PowerShell.Cmdlets.Migrate.Models.Api202001.IHyperVDisk[]","HICU8526B","Microsoft.Azure.PowerShell.Cmdlets.Migrate.Models.Api202001.IHealthErrorDetails[]","UEFI","2","2/13/2025 3:20:11 AM","Microsoft Windows Server 2019 Standard","Windows","10.0.17763","Yes","HICP1326B",,"/subscriptions/bc602065-8f71-487b-9fa1-e872b4ce9a79/resourceGroups/rg-dcstratmig-prd-003/providers/Microsoft.OffAzure/HyperVSites/HYPV-AZ-MIGVA24225site/machines/183ed6c0-bb8c-412d-9cad-6cdf2a7aa687","183ed6c0-bb8c-412d-9cad-6cdf2a7aa687","False","False","False","Cluster","1048576","183ed6c0-bb8c-412d-9cad-6cdf2a7aa687","Microsoft.Azure.PowerShell.Cmdlets.Migrate.Models.Api202001.IHyperVNetworkAdapter[]","120","2","Windows Server 2019 Standard","windowsguest","10.0.17763","Running","Microsoft.OffAzure/HyperVSites/machines","2025-02-13T15:06:09.7157072Z","C:\ClusterStorage\Volume1\HICU8526B\Virtual Machines\183ED6C0-BB8C-412D-9CAD-6CDF2A7AA687.VMCX","HICU8526B.olcc.lan","9.0"
"8192",,,,,,,,,,"1457CB08-B940-4124-AA87-EEAA3A7BCB5B","4471-6392-4763-6080-9174-5743-85","HICP1310_Clu.olcc.lan","/subscriptions/bc602065-8f71-487b-9fa1-e872b4ce9a79/resourceGroups/rg-dcstratmig-prd-003/providers/Microsoft.OffAzure/HyperVSites/HYPV-AZ-MIGVA24225site/clusters/hicp1310-clu-olcc-lan-4fb0bd14-3fa8-4561-ad74-93b04087d47c","2025-02-11T20:31:03.4953215Z","Microsoft.Azure.PowerShell.Cmdlets.Migrate.Models.Api202001.IHyperVDisk[]","To-Be-Decommed-DC01-SCRT-SVR","Microsoft.Azure.PowerShell.Cmdlets.Migrate.Models.Api202001.IHealthErrorDetails[]","BIOS","1",,,,,"Yes","HICP1314",,"/subscriptions/bc602065-8f71-487b-9fa1-e872b4ce9a79/resourceGroups/rg-dcstratmig-prd-003/providers/Microsoft.OffAzure/HyperVSites/HYPV-AZ-MIGVA24225site/machines/7a9e0dce-0649-4de2-a39f-20f1b833e469","7a9e0dce-0649-4de2-a39f-20f1b833e469","False","False","True","Cluster","65536","7a9e0dce-0649-4de2-a39f-20f1b833e469","Microsoft.Azure.PowerShell.Cmdlets.Migrate.Models.Api202001.IHyperVNetworkAdapter[]","-1","2",,"otherguestfamily",,"PowerOff","Microsoft.OffAzure/HyperVSites/machines","2025-02-13T03:21:36.0077946Z","C:\ClusterStorage\Volume12\DC01-SCRT-SVR-2\Virtual Machines\7A9E0DCE-0649-4DE2-A39F-20F1B833E469.VMCX","","9.0"
"16384",,,,,,,,,,"736A959A-5B72-4FE4-A41D-6B77792285D4","3469-3722-8807-0318-9186-0583-49","HICP1310_Clu.olcc.lan","/subscriptions/bc602065-8f71-487b-9fa1-e872b4ce9a79/resourceGroups/rg-dcstratmig-prd-003/providers/Microsoft.OffAzure/HyperVSites/HYPV-AZ-MIGVA24225site/clusters/hicp1310-clu-olcc-lan-4fb0bd14-3fa8-4561-ad74-93b04087d47c","2025-02-11T20:31:03.7453219Z","Microsoft.Azure.PowerShell.Cmdlets.Migrate.Models.Api202001.IHyperVDisk[]","HICP1156","Microsoft.Azure.PowerShell.Cmdlets.Migrate.Models.Api202001.IHealthErrorDetails[]","UEFI","2","2/13/2025 3:21:03 AM","Microsoft Windows Server 2019 Standard","Windows","10.0.17763","Yes","HICP1319",,"/subscriptions/bc602065-8f71-487b-9fa1-e872b4ce9a79/resourceGroups/rg-dcstratmig-prd-003/providers/Microsoft.OffAzure/HyperVSites/HYPV-AZ-MIGVA24225site/machines/f24ce4e3-1af7-4b2d-8f69-e2f9c03137be","f24ce4e3-1af7-4b2d-8f69-e2f9c03137be","False","False","False","Cluster","1048576","f24ce4e3-1af7-4b2d-8f69-e2f9c03137be","Microsoft.Azure.PowerShell.Cmdlets.Migrate.Models.Api202001.IHyperVNetworkAdapter[]","26","2","Windows Server 2019 Standard","windowsguest","10.0.17763","Running","Microsoft.OffAzure/HyperVSites/machines","2025-02-13T15:06:09.8406773Z","C:\ClusterStorage\Volume3\HICP1156\Virtual Machines\F24CE4E3-1AF7-4B2D-8F69-E2F9C03137BE.VMCX","HICP1156.olcc.lan","9.0"
"8192",,,,,,,,,,"69F1BFD0-49E0-4DEB-AE0F-868A343FB912","2584-2629-0970-1167-9172-0126-19","HICP1310_Clu.olcc.lan","/subscriptions/bc602065-8f71-487b-9fa1-e872b4ce9a79/resourceGroups/rg-dcstratmig-prd-003/providers/Microsoft.OffAzure/HyperVSites/HYPV-AZ-MIGVA24225site/clusters/hicp1310-clu-olcc-lan-4fb0bd14-3fa8-4561-ad74-93b04087d47c","2025-02-11T20:31:03.9953107Z","Microsoft.Azure.PowerShell.Cmdlets.Migrate.Models.Api202001.IHyperVDisk[]","HICP2380A","Microsoft.Azure.PowerShell.Cmdlets.Migrate.Models.Api202001.IHealthErrorDetails[]","UEFI","2","2/13/2025 3:20:54 AM","Microsoft Windows Server 2019 Standard","Windows","10.0.17763","Yes","HICP1319",,"/subscriptions/bc602065-8f71-487b-9fa1-e872b4ce9a79/resourceGroups/rg-dcstratmig-prd-003/providers/Microsoft.OffAzure/HyperVSites/HYPV-AZ-MIGVA24225site/machines/7e11b4da-688c-468c-b25c-8c026df01cd8","7e11b4da-688c-468c-b25c-8c026df01cd8","False","False","False","Cluster","1048576","7e11b4da-688c-468c-b25c-8c026df01cd8","Microsoft.Azure.PowerShell.Cmdlets.Migrate.Models.Api202001.IHyperVNetworkAdapter[]","25","2","Windows Server 2019 Standard","windowsguest","10.0.17763","Running","Microsoft.OffAzure/HyperVSites/machines","2025-02-13T15:06:09.9656959Z","C:\ClusterStorage\Volume14\HICP2380A-2\Virtual Machines\7E11B4DA-688C-468C-B25C-8C026DF01CD8.VMCX","HICP2380A.olcc.lan","9.0"
"4096",,,,,,,,,,"988270F1-0BC8-4D15-8DF5-1724230ACC69","3082-3067-9269-5102-5233-0521-01","HICP1323_CLU.olcc.lan","/subscriptions/bc602065-8f71-487b-9fa1-e872b4ce9a79/resourceGroups/rg-dcstratmig-prd-003/providers/Microsoft.OffAzure/HyperVSites/HYPV-AZ-MIGVA24225site/clusters/hicp1323-clu-olcc-lan-fe5137bc-e3d8-415b-9d54-c2debea3ef5d","2025-02-11T20:31:04.2453262Z","Microsoft.Azure.PowerShell.Cmdlets.Migrate.Models.Api202001.IHyperVDisk[]","ATL_DMZ_WIN2019_CloneTemplate","Microsoft.Azure.PowerShell.Cmdlets.Migrate.Models.Api202001.IHealthErrorDetails[]","UEFI","2",,,,,"Yes","HICP1323B",,"/subscriptions/bc602065-8f71-487b-9fa1-e872b4ce9a79/resourceGroups/rg-dcstratmig-prd-003/providers/Microsoft.OffAzure/HyperVSites/HYPV-AZ-MIGVA24225site/machines/e566860b-7420-42ee-a2db-bb8b794ab4b4","e566860b-7420-42ee-a2db-bb8b794ab4b4","False","False","True","Cluster","1048576","e566860b-7420-42ee-a2db-bb8b794ab4b4","Microsoft.Azure.PowerShell.Cmdlets.Migrate.Models.Api202001.IHyperVNetworkAdapter[]","-1","2",,"otherguestfamily",,"PowerOff","Microsoft.OffAzure/HyperVSites/machines","2025-02-13T03:22:06.8248330Z","C:\ClusterStorage\Volume1\ATL_DMZ_WIN2019_CloneTemplate\Virtual Machines\E566860B-7420-42EE-A2DB-BB8B794AB4B4.VMCX","","9.0"
"24576",,,,,,,,,,"393F37A0-D0BF-4E78-992E-5C768C466D83","8802-8527-6929-5853-2777-2331-19","HICP1310_Clu.olcc.lan","/subscriptions/bc602065-8f71-487b-9fa1-e872b4ce9a79/resourceGroups/rg-dcstratmig-prd-003/providers/Microsoft.OffAzure/HyperVSites/HYPV-AZ-MIGVA24225site/clusters/hicp1310-clu-olcc-lan-4fb0bd14-3fa8-4561-ad74-93b04087d47c","2025-02-11T20:31:04.4953895Z","Microsoft.Azure.PowerShell.Cmdlets.Migrate.Models.Api202001.IHyperVDisk[]","HICP3812","Microsoft.Azure.PowerShell.Cmdlets.Migrate.Models.Api202001.IHealthErrorDetails[]","UEFI","2","2/13/2025 3:19:13 AM","Red Hat Enterprise Linux","Linux","8.3","Yes","HICP1313",,"/subscriptions/bc602065-8f71-487b-9fa1-e872b4ce9a79/resourceGroups/rg-dcstratmig-prd-003/providers/Microsoft.OffAzure/HyperVSites/HYPV-AZ-MIGVA24225site/machines/ca837d8a-0399-4979-a5ad-74f4db52e16b","ca837d8a-0399-4979-a5ad-74f4db52e16b","False","False","False","Cluster","1048576","ca837d8a-0399-4979-a5ad-74f4db52e16b","Microsoft.Azure.PowerShell.Cmdlets.Migrate.Models.Api202001.IHyperVNetworkAdapter[]","66","6","Red Hat Enterprise Linux","linuxguest","4.18.0","Running","Microsoft.OffAzure/HyperVSites/machines","2025-02-13T03:19:13.7485463Z","C:\ClusterStorage\Volume14\HICP3812\Virtual Machines\CA837D8A-0399-4979-A5AD-74F4DB52E16B.VMCX","HICP3812.olcc.lan","9.0"
"16384",,,,,,,,,,"F073AD19-B4A5-4952-A1B3-75FBD2C21FF6","4455-9815-9157-6762-5433-7096-83","HICP1310_Clu.olcc.lan","/subscriptions/bc602065-8f71-487b-9fa1-e872b4ce9a79/resourceGroups/rg-dcstratmig-prd-003/providers/Microsoft.OffAzure/HyperVSites/HYPV-AZ-MIGVA24225site/clusters/hicp1310-clu-olcc-lan-4fb0bd14-3fa8-4561-ad74-93b04087d47c","2025-02-11T20:31:04.7453078Z","Microsoft.Azure.PowerShell.Cmdlets.Migrate.Models.Api202001.IHyperVDisk[]","DC01-DB27-SSISE","Microsoft.Azure.PowerShell.Cmdlets.Migrate.Models.Api202001.IHealthErrorDetails[]","BIOS","1","2/13/2025 3:21:05 AM","Microsoft Windows Server 2016 Standard","Windows","10.0.14393","Yes","HICP1317",,"/subscriptions/bc602065-8f71-487b-9fa1-e872b4ce9a79/resourceGroups/rg-dcstratmig-prd-003/providers/Microsoft.OffAzure/HyperVSites/HYPV-AZ-MIGVA24225site/machines/fcea3e5a-a3a8-4eed-93ae-8086beddc776","fcea3e5a-a3a8-4eed-93ae-8086beddc776","False","False","False","Cluster","65536","fcea3e5a-a3a8-4eed-93ae-8086beddc776","Microsoft.Azure.PowerShell.Cmdlets.Migrate.Models.Api202001.IHyperVNetworkAdapter[]","149","2","Windows Server 2016 Standard","windowsguest","10.0.14393","Running","Microsoft.OffAzure/HyperVSites/machines","2025-02-13T03:22:56.4381658Z","C:\ClusterStorage\Volume12\DC01-DB27-SSISE\Virtual Machines\FCEA3E5A-A3A8-4EED-93AE-8086BEDDC776.VMCX","DC01-DB27-SSISE.olcc.lan","9.0"
"8192",,,,,,,,,,"2F8EFB4D-B7A4-4EDB-A2D9-D0F674D8F66B","3226-5938-2042-8738-0227-0079-59","HICP1310_Clu.olcc.lan","/subscriptions/bc602065-8f71-487b-9fa1-e872b4ce9a79/resourceGroups/rg-dcstratmig-prd-003/providers/Microsoft.OffAzure/HyperVSites/HYPV-AZ-MIGVA24225site/clusters/hicp1310-clu-olcc-lan-4fb0bd14-3fa8-4561-ad74-93b04087d47c","2025-02-11T20:31:04.9953067Z","Microsoft.Azure.PowerShell.Cmdlets.Migrate.Models.Api202001.IHyperVDisk[]","OpsTest2022","Microsoft.Azure.PowerShell.Cmdlets.Migrate.Models.Api202001.IHealthErrorDetails[]","UEFI","2","2/13/2025 3:19:10 AM","Microsoft Windows Server 2022 Standard","Windows","10.0.20348","Yes","HICP1315",,"/subscriptions/bc602065-8f71-487b-9fa1-e872b4ce9a79/resourceGroups/rg-dcstratmig-prd-003/providers/Microsoft.OffAzure/HyperVSites/HYPV-AZ-MIGVA24225site/machines/2d7f4981-9f48-4ea9-9c94-282f24d71456","2d7f4981-9f48-4ea9-9c94-282f24d71456","False","False","False","Cluster","1048576","2d7f4981-9f48-4ea9-9c94-282f24d71456","Microsoft.Azure.PowerShell.Cmdlets.Migrate.Models.Api202001.IHyperVNetworkAdapter[]","22","4","Windows Server 2022 Standard","windowsguest","10.0.20348","Running","Microsoft.OffAzure/HyperVSites/machines","2025-02-13T03:21:33.2326048Z","C:\ClusterStorage\Volume2\OpsTest2022-1\Virtual Machines\2D7F4981-9F48-4EA9-9C94-282F24D71456.VMCX","OpsTest2022.olcc.lan","9.0"
"4096",,,,,,,,,,"42D6DB85-3B9C-43FB-9C1E-4AEFB3124C4F","1739-8568-7267-2985-7194-1062-36","HICP1326_CLU.olcc.lan","/subscriptions/bc602065-8f71-487b-9fa1-e872b4ce9a79/resourceGroups/rg-dcstratmig-prd-003/providers/Microsoft.OffAzure/HyperVSites/HYPV-AZ-MIGVA24225site/clusters/hicp1326-clu-olcc-lan-dfe304fe-4c9c-4a21-8ab7-565af1ada800","2025-02-11T20:31:05.2453130Z","Microsoft.Azure.PowerShell.Cmdlets.Migrate.Models.Api202001.IHyperVDisk[]","NP03-APP01C-ROP","Microsoft.Azure.PowerShell.Cmdlets.Migrate.Models.Api202001.IHealthErrorDetails[]","UEFI","2",,,,,"Yes","HICP1326A",,"/subscriptions/bc602065-8f71-487b-9fa1-e872b4ce9a79/resourceGroups/rg-dcstratmig-prd-003/providers/Microsoft.OffAzure/HyperVSites/HYPV-AZ-MIGVA24225site/machines/e2513fe7-288e-421f-afe0-fc52e06b4707","e2513fe7-288e-421f-afe0-fc52e06b4707","False","False","True","Cluster","1048576","e2513fe7-288e-421f-afe0-fc52e06b4707","Microsoft.Azure.PowerShell.Cmdlets.Migrate.Models.Api202001.IHyperVNetworkAdapter[]","-1","2",,"otherguestfamily",,"PowerOff","Microsoft.OffAzure/HyperVSites/machines","2025-02-13T03:22:21.9042372Z","C:\ClusterStorage\Volume2\NP03-APP01C-ROP\Virtual Machines\E2513FE7-288E-421F-AFE0-FC52E06B4707.VMCX","","9.0"
"48128",,,,,,,,,,"4D07C19A-1F17-42B8-960C-3B674B0FE655","0136-5047-2829-9424-5499-5906-53",,"/subscriptions/bc602065-8f71-487b-9fa1-e872b4ce9a79/resourceGroups/rg-dcstratmig-prd-003/providers/Microsoft.OffAzure/HyperVSites/HYPV-AZ-MIGVA24225site/clusters/hicp1310-clu-olcc-lan-4fb0bd14-3fa8-4561-ad74-93b04087d47c","2025-02-11T20:31:05.4953397Z","Microsoft.Azure.PowerShell.Cmdlets.Migrate.Models.Api202001.IHyperVDisk[]","HICP1202A-Gen2","Microsoft.Azure.PowerShell.Cmdlets.Migrate.Models.Api202001.IHealthErrorDetails[]","UEFI","2",,,,,"No","HICP1311",,"/subscriptions/bc602065-8f71-487b-9fa1-e872b4ce9a79/resourceGroups/rg-dcstratmig-prd-003/providers/Microsoft.OffAzure/HyperVSites/HYPV-AZ-MIGVA24225site/machines/cf6d72a9-5c7f-459d-8377-ff7ee88cd7f9","cf6d72a9-5c7f-459d-8377-ff7ee88cd7f9","False","False","True","Cluster","1048576","cf6d72a9-5c7f-459d-8377-ff7ee88cd7f9","Microsoft.Azure.PowerShell.Cmdlets.Migrate.Models.Api202001.IHyperVNetworkAdapter[]","-1","1",,"otherguestfamily",,"PowerOff","Microsoft.OffAzure/HyperVSites/machines","2025-02-13T03:21:32.7326317Z","C:\ProgramData\Microsoft\Windows\Hyper-V\HICP1202A-Gen2\Virtual Machines\CF6D72A9-5C7F-459D-8377-FF7EE88CD7F9.VMCX","","9.0"
"4096",,,,,,,,,,"DF3800D1-12EF-4694-BCDD-7F49B73F41C2","0969-3103-9427-4055-6350-1889-20","HICP1326_CLU.olcc.lan","/subscriptions/bc602065-8f71-487b-9fa1-e872b4ce9a79/resourceGroups/rg-dcstratmig-prd-003/providers/Microsoft.OffAzure/HyperVSites/HYPV-AZ-MIGVA24225site/clusters/hicp1326-clu-olcc-lan-dfe304fe-4c9c-4a21-8ab7-565af1ada800","2025-02-11T20:31:05.7453188Z","Microsoft.Azure.PowerShell.Cmdlets.Migrate.Models.Api202001.IHyperVDisk[]","OpsTestUAT","Microsoft.Azure.PowerShell.Cmdlets.Migrate.Models.Api202001.IHealthErrorDetails[]","UEFI","2","2/13/2025 3:20:42 AM","Microsoft Windows Server 2019 Standard","Windows","10.0.17763","Yes","HICP1326A",,"/subscriptions/bc602065-8f71-487b-9fa1-e872b4ce9a79/resourceGroups/rg-dcstratmig-prd-003/providers/Microsoft.OffAzure/HyperVSites/HYPV-AZ-MIGVA24225site/machines/0bfc5813-3137-42ec-b44a-21c88ab70120","0bfc5813-3137-42ec-b44a-21c88ab70120","False","False","False","Cluster","1048576","0bfc5813-3137-42ec-b44a-21c88ab70120","Microsoft.Azure.PowerShell.Cmdlets.Migrate.Models.Api202001.IHyperVNetworkAdapter[]","14","2","Windows Server 2019 Standard","windowsguest","10.0.17763","Running","Microsoft.OffAzure/HyperVSites/machines","2025-02-13T03:20:42.8410429Z","C:\ClusterStorage\Volume1\OpsTestUAT\Virtual Machines\0BFC5813-3137-42EC-B44A-21C88AB70120.VMCX","OPSTESTUAT.olcc.lan","9.0"
"16384",,,,,,,,,,"1AAFE054-BB1D-4AD7-94CC-EDA56333755E","5509-7279-6896-5358-6942-9991-89","HICP1310_Clu.olcc.lan","/subscriptions/bc602065-8f71-487b-9fa1-e872b4ce9a79/resourceGroups/rg-dcstratmig-prd-003/providers/Microsoft.OffAzure/HyperVSites/HYPV-AZ-MIGVA24225site/clusters/hicp1310-clu-olcc-lan-4fb0bd14-3fa8-4561-ad74-93b04087d47c","2025-02-11T20:31:05.9953311Z","Microsoft.Azure.PowerShell.Cmdlets.Migrate.Models.Api202001.IHyperVDisk[]","HICP5575A","Microsoft.Azure.PowerShell.Cmdlets.Migrate.Models.Api202001.IHealthErrorDetails[]","UEFI","2","2/13/2025 3:20:37 AM","Microsoft Windows Server 2019 Standard","Windows","10.0.17763","Yes","HICP1310C",,"/subscriptions/bc602065-8f71-487b-9fa1-e872b4ce9a79/resourceGroups/rg-dcstratmig-prd-003/providers/Microsoft.OffAzure/HyperVSites/HYPV-AZ-MIGVA24225site/machines/92806fb2-777f-425b-8a64-f53eb15f626a","92806fb2-777f-425b-8a64-f53eb15f626a","False","False","False","Cluster","1048576","92806fb2-777f-425b-8a64-f53eb15f626a","Microsoft.Azure.PowerShell.Cmdlets.Migrate.Models.Api202001.IHyperVNetworkAdapter[]","17","4","Windows Server 2019 Standard","windowsguest","10.0.17763","Running","Microsoft.OffAzure/HyperVSites/machines","2025-02-13T15:06:10.0906765Z","C:\ClusterStorage\Volume11\HICP5575A-2\Virtual Machines\92806FB2-777F-425B-8A64-F53EB15F626A.VMCX","HICP5575A.olcc.lan","9.0"
"8192",,,,,,,,,,"F06C6965-6FFA-44EC-8D7D-73B0801F8F06","2159-3180-2503-8688-8804-3173-69","HICP1310_Clu.olcc.lan","/subscriptions/bc602065-8f71-487b-9fa1-e872b4ce9a79/resourceGroups/rg-dcstratmig-prd-003/providers/Microsoft.OffAzure/HyperVSites/HYPV-AZ-MIGVA24225site/clusters/hicp1310-clu-olcc-lan-4fb0bd14-3fa8-4561-ad74-93b04087d47c","2025-02-11T20:31:06.2452913Z","Microsoft.Azure.PowerShell.Cmdlets.Migrate.Models.Api202001.IHyperVDisk[]","HICP6507","Microsoft.Azure.PowerShell.Cmdlets.Migrate.Models.Api202001.IHealthErrorDetails[]","UEFI","2","2/13/2025 3:20:47 AM","Microsoft Windows Server 2019 Standard","Windows","10.0.17763","Yes","HICP1319",,"/subscriptions/bc602065-8f71-487b-9fa1-e872b4ce9a79/resourceGroups/rg-dcstratmig-prd-003/providers/Microsoft.OffAzure/HyperVSites/HYPV-AZ-MIGVA24225site/machines/2f0ed522-fb0e-48d6-b6f9-51cd948fb8bf","2f0ed522-fb0e-48d6-b6f9-51cd948fb8bf","False","False","False","Cluster","1048576","2f0ed522-fb0e-48d6-b6f9-51cd948fb8bf","Microsoft.Azure.PowerShell.Cmdlets.Migrate.Models.Api202001.IHyperVNetworkAdapter[]","24","2","Windows Server 2019 Standard","windowsguest","10.0.17763","Running","Microsoft.OffAzure/HyperVSites/machines","2025-02-13T03:20:47.5911263Z","C:\ClusterStorage\Volume12\HICP6507\Virtual Machines\2F0ED522-FB0E-48D6-B6F9-51CD948FB8BF.VMCX","HICP6507.olcc.lan","9.0"
"8192",,,,,,,,,,"ADFF952C-5CD4-4C50-8DA5-509801CDD0C2","3406-0566-9533-2164-8437-9607-96","HICP1310_Clu.olcc.lan","/subscriptions/bc602065-8f71-487b-9fa1-e872b4ce9a79/resourceGroups/rg-dcstratmig-prd-003/providers/Microsoft.OffAzure/HyperVSites/HYPV-AZ-MIGVA24225site/clusters/hicp1310-clu-olcc-lan-4fb0bd14-3fa8-4561-ad74-93b04087d47c","2025-02-11T20:31:06.4953174Z","Microsoft.Azure.PowerShell.Cmdlets.Migrate.Models.Api202001.IHyperVDisk[]","HICP2268B","Microsoft.Azure.PowerShell.Cmdlets.Migrate.Models.Api202001.IHealthErrorDetails[]","UEFI","2","2/13/2025 3:20:38 AM","Microsoft Windows Server 2022 Standard","Windows","10.0.20348","Yes","HICP1310B",,"/subscriptions/bc602065-8f71-487b-9fa1-e872b4ce9a79/resourceGroups/rg-dcstratmig-prd-003/providers/Microsoft.OffAzure/HyperVSites/HYPV-AZ-MIGVA24225site/machines/5b8413e7-d748-4320-a601-b248013549c0","5b8413e7-d748-4320-a601-b248013549c0","False","False","False","Cluster","1048576","5b8413e7-d748-4320-a601-b248013549c0","Microsoft.Azure.PowerShell.Cmdlets.Migrate.Models.Api202001.IHyperVNetworkAdapter[]","13","8","Windows Server 2022 Standard","windowsguest","10.0.20348","Running","Microsoft.OffAzure/HyperVSites/machines","2025-02-13T15:06:10.2313077Z","C:\ClusterStorage\Volume4_ELASTIC\HICP2268B\Virtual Machines\5B8413E7-D748-4320-A601-B248013549C0.VMCX","HICP2268B.olcc.lan","9.0"
"16384",,,,,,,,,,"A62E1EC0-DE62-450B-9D2E-DCC492BC6B25","2929-4294-3457-0344-8935-4726-58","HICP1310_Clu.olcc.lan","/subscriptions/bc602065-8f71-487b-9fa1-e872b4ce9a79/resourceGroups/rg-dcstratmig-prd-003/providers/Microsoft.OffAzure/HyperVSites/HYPV-AZ-MIGVA24225site/clusters/hicp1310-clu-olcc-lan-4fb0bd14-3fa8-4561-ad74-93b04087d47c","2025-02-11T20:31:06.7453190Z","Microsoft.Azure.PowerShell.Cmdlets.Migrate.Models.Api202001.IHyperVDisk[]","DC01-SEC-EPO","Microsoft.Azure.PowerShell.Cmdlets.Migrate.Models.Api202001.IHealthErrorDetails[]","BIOS","1","2/13/2025 3:19:21 AM","Microsoft Windows Server 2012 R2 Standard","Windows","6.3.9600","Yes","HICP1310C",,"/subscriptions/bc602065-8f71-487b-9fa1-e872b4ce9a79/resourceGroups/rg-dcstratmig-prd-003/providers/Microsoft.OffAzure/HyperVSites/HYPV-AZ-MIGVA24225site/machines/de35008a-1c1c-49b1-b146-d443128ee103","de35008a-1c1c-49b1-b146-d443128ee103","False","False","False","Cluster","65536","de35008a-1c1c-49b1-b146-d443128ee103","Microsoft.Azure.PowerShell.Cmdlets.Migrate.Models.Api202001.IHyperVNetworkAdapter[]","49","4","Windows Server 2012 R2 Standard","windowsguest","6.3.9600","Running","Microsoft.OffAzure/HyperVSites/machines","2025-02-13T03:19:21.4517985Z","C:\ClusterStorage\Volume14\DC01-SEC-EPO\Virtual Machines\DE35008A-1C1C-49B1-B146-D443128EE103.VMCX","DC01-SEC-EPO.olcc.lan","9.0"
"4096",,,,,,,,,,"2026E997-46CE-4944-BB05-2A154E0A8F56","4099-9511-8609-0032-3582-1905-11","HICP1326_CLU.olcc.lan","/subscriptions/bc602065-8f71-487b-9fa1-e872b4ce9a79/resourceGroups/rg-dcstratmig-prd-003/providers/Microsoft.OffAzure/HyperVSites/HYPV-AZ-MIGVA24225site/clusters/hicp1326-clu-olcc-lan-dfe304fe-4c9c-4a21-8ab7-565af1ada800","2025-02-11T20:31:06.9953051Z","Microsoft.Azure.PowerShell.Cmdlets.Migrate.Models.Api202001.IHyperVDisk[]","HICU2224B","Microsoft.Azure.PowerShell.Cmdlets.Migrate.Models.Api202001.IHealthErrorDetails[]","UEFI","2","2/13/2025 3:20:30 AM","Microsoft Windows Server 2019 Standard","Windows","10.0.17763","Yes","HICP1326A",,"/subscriptions/bc602065-8f71-487b-9fa1-e872b4ce9a79/resourceGroups/rg-dcstratmig-prd-003/providers/Microsoft.OffAzure/HyperVSites/HYPV-AZ-MIGVA24225site/machines/04fc3183-8c31-4fcb-ae65-a688e39a63f6","04fc3183-8c31-4fcb-ae65-a688e39a63f6","False","False","False","Cluster","1048576","04fc3183-8c31-4fcb-ae65-a688e39a63f6","Microsoft.Azure.PowerShell.Cmdlets.Migrate.Models.Api202001.IHyperVNetworkAdapter[]","42","4","Windows Server 2019 Standard","windowsguest","10.0.17763","Running","Microsoft.OffAzure/HyperVSites/machines","2025-02-13T15:06:10.3406802Z","C:\ClusterStorage\Volume1\HICU2224B-1\Virtual Machines\04FC3183-8C31-4FCB-AE65-A688E39A63F6.VMCX","HICU2224B.olcc.lan","9.0"
"16384",,,,,,,,,,"870311E8-9125-4B3E-AE7F-C00D2BC1523A","5963-4236-9771-3739-9274-8169-60","HICP1326_CLU.olcc.lan","/subscriptions/bc602065-8f71-487b-9fa1-e872b4ce9a79/resourceGroups/rg-dcstratmig-prd-003/providers/Microsoft.OffAzure/HyperVSites/HYPV-AZ-MIGVA24225site/clusters/hicp1326-clu-olcc-lan-dfe304fe-4c9c-4a21-8ab7-565af1ada800","2025-02-11T20:31:07.2452972Z","Microsoft.Azure.PowerShell.Cmdlets.Migrate.Models.Api202001.IHyperVDisk[]","HICU3902","Microsoft.Azure.PowerShell.Cmdlets.Migrate.Models.Api202001.IHealthErrorDetails[]","UEFI","2","2/13/2025 3:21:28 AM","Red Hat Enterprise Linux","Linux","8.10","Yes","HICP1326C",,"/subscriptions/bc602065-8f71-487b-9fa1-e872b4ce9a79/resourceGroups/rg-dcstratmig-prd-003/providers/Microsoft.OffAzure/HyperVSites/HYPV-AZ-MIGVA24225site/machines/72ab3a54-8ede-4507-a417-4de20f701d50","72ab3a54-8ede-4507-a417-4de20f701d50","False","False","False","Cluster","1048576","72ab3a54-8ede-4507-a417-4de20f701d50","Microsoft.Azure.PowerShell.Cmdlets.Migrate.Models.Api202001.IHyperVNetworkAdapter[]","73","4","Red Hat Enterprise Linux","linuxguest","4.18.0","Running","Microsoft.OffAzure/HyperVSites/machines","2025-02-13T15:18:24.9370491Z","C:\ClusterStorage\Volume1\HICU3902\Virtual Machines\72AB3A54-8EDE-4507-A417-4DE20F701D50.VMCX","hicu3902","9.0"
"16384",,,,,,,,,,"B30CFCC7-9743-4152-AB8E-E8B824F36EF0","8713-5110-8854-3645-7130-8109-66","HICP1326_CLU.olcc.lan","/subscriptions/bc602065-8f71-487b-9fa1-e872b4ce9a79/resourceGroups/rg-dcstratmig-prd-003/providers/Microsoft.OffAzure/HyperVSites/HYPV-AZ-MIGVA24225site/clusters/hicp1326-clu-olcc-lan-dfe304fe-4c9c-4a21-8ab7-565af1ada800","2025-02-11T20:31:07.4953466Z","Microsoft.Azure.PowerShell.Cmdlets.Migrate.Models.Api202001.IHyperVDisk[]","HICU2390","Microsoft.Azure.PowerShell.Cmdlets.Migrate.Models.Api202001.IHealthErrorDetails[]","UEFI","2",,,,,"Yes","HICP1326B",,"/subscriptions/bc602065-8f71-487b-9fa1-e872b4ce9a79/resourceGroups/rg-dcstratmig-prd-003/providers/Microsoft.OffAzure/HyperVSites/HYPV-AZ-MIGVA24225site/machines/9c7317b5-dddc-40cf-abd9-c079d519fa2c","9c7317b5-dddc-40cf-abd9-c079d519fa2c","False","False","True","Cluster","1048576","9c7317b5-dddc-40cf-abd9-c079d519fa2c","Microsoft.Azure.PowerShell.Cmdlets.Migrate.Models.Api202001.IHyperVNetworkAdapter[]","-1","8",,"otherguestfamily",,"PowerOff","Microsoft.OffAzure/HyperVSites/machines","2025-02-13T03:22:09.0748281Z","C:\ClusterStorage\Volume2\HICU2390\Virtual Machines\9C7317B5-DDDC-40CF-ABD9-C079D519FA2C.VMCX","","9.0"
"2048",,,,,,,,,,"410A95D5-C39A-42F3-AF77-A9587A752077","6502-0265-4660-0002-5340-4607-11","HICP1326_CLU.olcc.lan","/subscriptions/bc602065-8f71-487b-9fa1-e872b4ce9a79/resourceGroups/rg-dcstratmig-prd-003/providers/Microsoft.OffAzure/HyperVSites/HYPV-AZ-MIGVA24225site/clusters/hicp1326-clu-olcc-lan-dfe304fe-4c9c-4a21-8ab7-565af1ada800","2025-02-11T20:31:07.7453254Z","Microsoft.Azure.PowerShell.Cmdlets.Migrate.Models.Api202001.IHyperVDisk[]","OLWEBUATCC","Microsoft.Azure.PowerShell.Cmdlets.Migrate.Models.Api202001.IHealthErrorDetails[]","BIOS","1",,,,,"Yes","HICP1326B",,"/subscriptions/bc602065-8f71-487b-9fa1-e872b4ce9a79/resourceGroups/rg-dcstratmig-prd-003/providers/Microsoft.OffAzure/HyperVSites/HYPV-AZ-MIGVA24225site/machines/0b1e77c8-ef80-47c2-b261-569b3986cad6","0b1e77c8-ef80-47c2-b261-569b3986cad6","False","False","True","Cluster","65536","0b1e77c8-ef80-47c2-b261-569b3986cad6","Microsoft.Azure.PowerShell.Cmdlets.Migrate.Models.Api202001.IHyperVNetworkAdapter[]","-1","1",,"otherguestfamily",,"PowerOff","Microsoft.OffAzure/HyperVSites/machines","2025-02-13T03:22:16.3260773Z","C:\ClusterStorage\Volume1\OLWEBUATCC\Virtual Machines\0B1E77C8-EF80-47C2-B261-569B3986CAD6.VMCX","","9.0"
"4096",,,,,,,,,,"CD6AA336-CC2B-4651-B54F-0158C83170EB","9772-2707-7061-9335-0960-1697-73","HICP1326_CLU.olcc.lan","/subscriptions/bc602065-8f71-487b-9fa1-e872b4ce9a79/resourceGroups/rg-dcstratmig-prd-003/providers/Microsoft.OffAzure/HyperVSites/HYPV-AZ-MIGVA24225site/clusters/hicp1326-clu-olcc-lan-dfe304fe-4c9c-4a21-8ab7-565af1ada800","2025-02-11T20:31:07.9953257Z","Microsoft.Azure.PowerShell.Cmdlets.Migrate.Models.Api202001.IHyperVDisk[]","NP05-WEB01-SHR","Microsoft.Azure.PowerShell.Cmdlets.Migrate.Models.Api202001.IHealthErrorDetails[]","BIOS","1","2/13/2025 3:19:44 AM","Microsoft Windows Server 2019 Standard","Windows","10.0.17763","Yes","HICP1326A",,"/subscriptions/bc602065-8f71-487b-9fa1-e872b4ce9a79/resourceGroups/rg-dcstratmig-prd-003/providers/Microsoft.OffAzure/HyperVSites/HYPV-AZ-MIGVA24225site/machines/75c34edb-5911-42f2-b9ad-948fff9db9ba","75c34edb-5911-42f2-b9ad-948fff9db9ba","False","False","False","Cluster","65536","75c34edb-5911-42f2-b9ad-948fff9db9ba","Microsoft.Azure.PowerShell.Cmdlets.Migrate.Models.Api202001.IHyperVNetworkAdapter[]","29","1","Windows Server 2019 Standard","windowsguest","10.0.17763","Running","Microsoft.OffAzure/HyperVSites/machines","2025-02-13T15:02:15.5187928Z","C:\ClusterStorage\Volume1\NP05-WEB01-SHR\Virtual Machines\75C34EDB-5911-42F2-B9AD-948FFF9DB9BA.VMCX","NP05-WEB01-SHR.olcc.lan","9.0"
"8192",,,,,,,,,,"EE8F732E-4385-4738-ABCE-BA6B2440B78E","3368-7331-0107-7012-8128-5947-64","HICP1310_Clu.olcc.lan","/subscriptions/bc602065-8f71-487b-9fa1-e872b4ce9a79/resourceGroups/rg-dcstratmig-prd-003/providers/Microsoft.OffAzure/HyperVSites/HYPV-AZ-MIGVA24225site/clusters/hicp1310-clu-olcc-lan-4fb0bd14-3fa8-4561-ad74-93b04087d47c","2025-02-11T20:31:08.2453490Z","Microsoft.Azure.PowerShell.Cmdlets.Migrate.Models.Api202001.IHyperVDisk[]","HICP2279","Microsoft.Azure.PowerShell.Cmdlets.Migrate.Models.Api202001.IHealthErrorDetails[]","UEFI","2","2/13/2025 2:37:33 AM","Microsoft Windows Server 2019 Standard","Windows","10.0.17763","Yes","HICP1315",,"/subscriptions/bc602065-8f71-487b-9fa1-e872b4ce9a79/resourceGroups/rg-dcstratmig-prd-003/providers/Microsoft.OffAzure/HyperVSites/HYPV-AZ-MIGVA24225site/machines/b03478d1-c01b-4b4c-abc2-5a9cb09566b0","b03478d1-c01b-4b4c-abc2-5a9cb09566b0","False","False","False","Cluster","1048576","b03478d1-c01b-4b4c-abc2-5a9cb09566b0","Microsoft.Azure.PowerShell.Cmdlets.Migrate.Models.Api202001.IHyperVNetworkAdapter[]","51","2","Windows Server 2019 Standard","windowsguest","10.0.17763","Running","Microsoft.OffAzure/HyperVSites/machines","2025-02-13T03:21:49.2736529Z","C:\ClusterStorage\Volume14\HICP2279\Virtual Machines\B03478D1-C01B-4B4C-ABC2-5A9CB09566B0.VMCX","HICP2279.olcc.lan","9.0"
"4096",,,,,,,,,,"8D9271E5-1A4A-468F-868D-322F0909920E","6120-4180-5445-2820-4769-4394-08","HICP1310_Clu.olcc.lan","/subscriptions/bc602065-8f71-487b-9fa1-e872b4ce9a79/resourceGroups/rg-dcstratmig-prd-003/providers/Microsoft.OffAzure/HyperVSites/HYPV-AZ-MIGVA24225site/clusters/hicp1310-clu-olcc-lan-4fb0bd14-3fa8-4561-ad74-93b04087d47c","2025-02-11T20:31:08.4953297Z","Microsoft.Azure.PowerShell.Cmdlets.Migrate.Models.Api202001.IHyperVDisk[]","DC01-WEB-01","Microsoft.Azure.PowerShell.Cmdlets.Migrate.Models.Api202001.IHealthErrorDetails[]","BIOS","1","2/13/2025 3:21:03 AM","Microsoft Windows Server 2016 Standard","Windows","10.0.14393","Yes","HICP1310C",,"/subscriptions/bc602065-8f71-487b-9fa1-e872b4ce9a79/resourceGroups/rg-dcstratmig-prd-003/providers/Microsoft.OffAzure/HyperVSites/HYPV-AZ-MIGVA24225site/machines/c8828f33-dd09-4006-b0f4-2222db34824b","c8828f33-dd09-4006-b0f4-2222db34824b","False","False","False","Cluster","65536","c8828f33-dd09-4006-b0f4-2222db34824b","Microsoft.Azure.PowerShell.Cmdlets.Migrate.Models.Api202001.IHyperVNetworkAdapter[]","35","2","Windows Server 2016 Standard","windowsguest","10.0.14393","Running","Microsoft.OffAzure/HyperVSites/machines","2025-02-13T15:06:10.4656909Z","C:\ClusterStorage\Volume3\DC01-WEB-01\Virtual Machines\C8828F33-DD09-4006-B0F4-2222DB34824B.VMCX","DC01-WEB-01.olcc.lan","9.0"
"4096",,,,,,,,,,"29212A8C-7E54-44C1-B095-5628AC1E72CD","9307-8390-1263-0191-3566-6499-08","HICP1310_Clu.olcc.lan","/subscriptions/bc602065-8f71-487b-9fa1-e872b4ce9a79/resourceGroups/rg-dcstratmig-prd-003/providers/Microsoft.OffAzure/HyperVSites/HYPV-AZ-MIGVA24225site/clusters/hicp1310-clu-olcc-lan-4fb0bd14-3fa8-4561-ad74-93b04087d47c","2025-02-11T20:31:08.7453332Z","Microsoft.Azure.PowerShell.Cmdlets.Migrate.Models.Api202001.IHyperVDisk[]","HICP3500","Microsoft.Azure.PowerShell.Cmdlets.Migrate.Models.Api202001.IHealthErrorDetails[]","UEFI","2","2/13/2025 3:20:19 AM","Rocky Linux","Linux","9.4","Yes","HICP1319",,"/subscriptions/bc602065-8f71-487b-9fa1-e872b4ce9a79/resourceGroups/rg-dcstratmig-prd-003/providers/Microsoft.OffAzure/HyperVSites/HYPV-AZ-MIGVA24225site/machines/62351597-2b08-4ae8-9f21-abe7c884ffad","62351597-2b08-4ae8-9f21-abe7c884ffad","False","False","False","Cluster","1048576","62351597-2b08-4ae8-9f21-abe7c884ffad","Microsoft.Azure.PowerShell.Cmdlets.Migrate.Models.Api202001.IHyperVNetworkAdapter[]","319","2","Rocky Linux","linuxguest","5.14.0","Running","Microsoft.OffAzure/HyperVSites/machines","2025-02-13T03:20:19.4452557Z","C:\ClusterStorage\Volume14\HICP3500\Virtual Machines\62351597-2B08-4AE8-9F21-ABE7C884FFAD.VMCX","hicp3500.olcc.lan","9.0"
"8192",,,,,,,,,,"E3C7DA76-4BED-41B0-A5CC-ABBE0CED2CE0","2884-7188-3844-6924-5941-3912-98","HICP1310_Clu.olcc.lan","/subscriptions/bc602065-8f71-487b-9fa1-e872b4ce9a79/resourceGroups/rg-dcstratmig-prd-003/providers/Microsoft.OffAzure/HyperVSites/HYPV-AZ-MIGVA24225site/clusters/hicp1310-clu-olcc-lan-4fb0bd14-3fa8-4561-ad74-93b04087d47c","2025-02-11T20:31:08.9953310Z","Microsoft.Azure.PowerShell.Cmdlets.Migrate.Models.Api202001.IHyperVDisk[]","HICP2225B","Microsoft.Azure.PowerShell.Cmdlets.Migrate.Models.Api202001.IHealthErrorDetails[]","UEFI","2","2/13/2025 3:20:13 AM","Microsoft Windows Server 2019 Standard","Windows","10.0.17763","Yes","HICP1313",,"/subscriptions/bc602065-8f71-487b-9fa1-e872b4ce9a79/resourceGroups/rg-dcstratmig-prd-003/providers/Microsoft.OffAzure/HyperVSites/HYPV-AZ-MIGVA24225site/machines/df2c8d92-6708-4461-83fa-be622263fc8d","df2c8d92-6708-4461-83fa-be622263fc8d","False","False","False","Cluster","1048576","df2c8d92-6708-4461-83fa-be622263fc8d","Microsoft.Azure.PowerShell.Cmdlets.Migrate.Models.Api202001.IHyperVNetworkAdapter[]","20","4","Windows Server 2019 Standard","windowsguest","10.0.17763","Running","Microsoft.OffAzure/HyperVSites/machines","2025-02-13T03:21:57.3050589Z","C:\ClusterStorage\Volume11\HICP2225B\Virtual Machines\DF2C8D92-6708-4461-83FA-BE622263FC8D.VMCX","HICP2225B.olcc.lan","9.0"
"16384",,,,,,,,,,"DEB2398E-70B9-4C97-B14B-27DEB0BEF9E1","1344-0738-0233-5916-2195-5319-93","HICP1326_CLU.olcc.lan","/subscriptions/bc602065-8f71-487b-9fa1-e872b4ce9a79/resourceGroups/rg-dcstratmig-prd-003/providers/Microsoft.OffAzure/HyperVSites/HYPV-AZ-MIGVA24225site/clusters/hicp1326-clu-olcc-lan-dfe304fe-4c9c-4a21-8ab7-565af1ada800","2025-02-11T20:31:09.2453420Z","Microsoft.Azure.PowerShell.Cmdlets.Migrate.Models.Api202001.IHyperVDisk[]","HICS6508","Microsoft.Azure.PowerShell.Cmdlets.Migrate.Models.Api202001.IHealthErrorDetails[]","UEFI","2","2/13/2025 3:19:28 AM","Microsoft Windows Server 2019 Standard","Windows","10.0.17763","Yes","HICP1326B",,"/subscriptions/bc602065-8f71-487b-9fa1-e872b4ce9a79/resourceGroups/rg-dcstratmig-prd-003/providers/Microsoft.OffAzure/HyperVSites/HYPV-AZ-MIGVA24225site/machines/f6a2df21-915f-493d-8e00-0e95f09f2cec","f6a2df21-915f-493d-8e00-0e95f09f2cec","False","False","False","Cluster","1048576","f6a2df21-915f-493d-8e00-0e95f09f2cec","Microsoft.Azure.PowerShell.Cmdlets.Migrate.Models.Api202001.IHyperVNetworkAdapter[]","107","4","Windows Server 2019 Standard","windowsguest","10.0.17763","Running","Microsoft.OffAzure/HyperVSites/machines","2025-02-13T03:22:43.4525252Z","C:\ClusterStorage\Volume1\HICS6508\Virtual Machines\F6A2DF21-915F-493D-8E00-0E95F09F2CEC.VMCX","HICS6508.olcc.lan","9.0"
"4096",,,,,,,,,,"C6180D66-1C16-4ADA-A9F1-A0CE17EF3D7D","1414-6384-4166-6642-2355-0762-67","HICP1326_CLU.olcc.lan","/subscriptions/bc602065-8f71-487b-9fa1-e872b4ce9a79/resourceGroups/rg-dcstratmig-prd-003/providers/Microsoft.OffAzure/HyperVSites/HYPV-AZ-MIGVA24225site/clusters/hicp1326-clu-olcc-lan-dfe304fe-4c9c-4a21-8ab7-565af1ada800","2025-02-11T20:31:09.4953472Z","Microsoft.Azure.PowerShell.Cmdlets.Migrate.Models.Api202001.IHyperVDisk[]","HICU3510","Microsoft.Azure.PowerShell.Cmdlets.Migrate.Models.Api202001.IHealthErrorDetails[]","UEFI","2",,,,,"Yes","HICP1326B",,"/subscriptions/bc602065-8f71-487b-9fa1-e872b4ce9a79/resourceGroups/rg-dcstratmig-prd-003/providers/Microsoft.OffAzure/HyperVSites/HYPV-AZ-MIGVA24225site/machines/5a5dcd46-14ce-494b-9732-3d1b9726b75d","5a5dcd46-14ce-494b-9732-3d1b9726b75d","False","False","True","Cluster","1048576","5a5dcd46-14ce-494b-9732-3d1b9726b75d","Microsoft.Azure.PowerShell.Cmdlets.Migrate.Models.Api202001.IHyperVNetworkAdapter[]","-1","2",,"otherguestfamily",,"PowerOff","Microsoft.OffAzure/HyperVSites/machines","2025-02-13T03:21:38.2578534Z","C:\ClusterStorage\Volume2\HICU3510\Virtual Machines\5A5DCD46-14CE-494B-9732-3D1B9726B75D.VMCX","","9.0"
"8192",,,,,,,,,,"06EFA11F-B3A2-4B67-952A-5149C1DE4F8E","0214-1458-5051-2426-4757-8224-50","HICP1310_Clu.olcc.lan","/subscriptions/bc602065-8f71-487b-9fa1-e872b4ce9a79/resourceGroups/rg-dcstratmig-prd-003/providers/Microsoft.OffAzure/HyperVSites/HYPV-AZ-MIGVA24225site/clusters/hicp1310-clu-olcc-lan-4fb0bd14-3fa8-4561-ad74-93b04087d47c","2025-02-11T20:31:09.7453121Z","Microsoft.Azure.PowerShell.Cmdlets.Migrate.Models.Api202001.IHyperVDisk[]","DC01-WB01-SLDI","Microsoft.Azure.PowerShell.Cmdlets.Migrate.Models.Api202001.IHealthErrorDetails[]","BIOS","1","2/13/2025 3:20:49 AM","Microsoft Windows Server 2019 Standard","Windows","10.0.17763","Yes","HICP1311",,"/subscriptions/bc602065-8f71-487b-9fa1-e872b4ce9a79/resourceGroups/rg-dcstratmig-prd-003/providers/Microsoft.OffAzure/HyperVSites/HYPV-AZ-MIGVA24225site/machines/733115a5-6274-40e6-9f29-5a5345ee75f4","733115a5-6274-40e6-9f29-5a5345ee75f4","False","False","False","Cluster","65536","733115a5-6274-40e6-9f29-5a5345ee75f4","Microsoft.Azure.PowerShell.Cmdlets.Migrate.Models.Api202001.IHyperVNetworkAdapter[]","43","2","Windows Server 2019 Standard","windowsguest","10.0.17763","Running","Microsoft.OffAzure/HyperVSites/machines","2025-02-13T15:06:10.5907032Z","C:\ClusterStorage\Volume13\DC01-WB01-SLDI-1\Virtual Machines\733115A5-6274-40E6-9F29-5A5345EE75F4.VMCX","DC01-WB01-SLDI.olcc.lan","9.0"
"4096",,,,,,,,,,"F8CEFAFF-BA29-40CD-8BD6-549AA8B66428","3802-3054-9672-8852-0939-4377-72","HICP1326_CLU.olcc.lan","/subscriptions/bc602065-8f71-487b-9fa1-e872b4ce9a79/resourceGroups/rg-dcstratmig-prd-003/providers/Microsoft.OffAzure/HyperVSites/HYPV-AZ-MIGVA24225site/clusters/hicp1326-clu-olcc-lan-dfe304fe-4c9c-4a21-8ab7-565af1ada800","2025-02-11T20:31:09.9953647Z","Microsoft.Azure.PowerShell.Cmdlets.Migrate.Models.Api202001.IHyperVDisk[]","NP03-APP01A-ROP","Microsoft.Azure.PowerShell.Cmdlets.Migrate.Models.Api202001.IHealthErrorDetails[]","BIOS","1",,,,,"Yes","HICP1326C",,"/subscriptions/bc602065-8f71-487b-9fa1-e872b4ce9a79/resourceGroups/rg-dcstratmig-prd-003/providers/Microsoft.OffAzure/HyperVSites/HYPV-AZ-MIGVA24225site/machines/f507ecdf-95f8-4b50-bba8-8d70bc2d70da","f507ecdf-95f8-4b50-bba8-8d70bc2d70da","False","False","True","Cluster","65536","f507ecdf-95f8-4b50-bba8-8d70bc2d70da","Microsoft.Azure.PowerShell.Cmdlets.Migrate.Models.Api202001.IHyperVNetworkAdapter[]","-1","1","Windows Server 2019 Standard","windowsguest","10.0.17763","Running","Microsoft.OffAzure/HyperVSites/machines","2025-02-13T03:22:13.0760269Z","C:\ClusterStorage\Volume1\NP03-APP01A-ROP\Virtual Machines\F507ECDF-95F8-4B50-BBA8-8D70BC2D70DA.VMCX","NP03-APP01A-ROP.olcc.lan","9.0"
"4096",,,,,,,,,,"9C4F1EDD-A602-4092-9389-CF917EF2DB03","1682-3134-9120-7642-5549-3371-57","HICP1310_Clu.olcc.lan","/subscriptions/bc602065-8f71-487b-9fa1-e872b4ce9a79/resourceGroups/rg-dcstratmig-prd-003/providers/Microsoft.OffAzure/HyperVSites/HYPV-AZ-MIGVA24225site/clusters/hicp1310-clu-olcc-lan-4fb0bd14-3fa8-4561-ad74-93b04087d47c","2025-02-11T20:31:10.2453589Z","Microsoft.Azure.PowerShell.Cmdlets.Migrate.Models.Api202001.IHyperVDisk[]","HICP2024","Microsoft.Azure.PowerShell.Cmdlets.Migrate.Models.Api202001.IHealthErrorDetails[]","UEFI","2","2/13/2025 3:19:10 AM","Microsoft Windows Server 2022 Standard","Windows","10.0.20348","Yes","HICP1319",,"/subscriptions/bc602065-8f71-487b-9fa1-e872b4ce9a79/resourceGroups/rg-dcstratmig-prd-003/providers/Microsoft.OffAzure/HyperVSites/HYPV-AZ-MIGVA24225site/machines/d1070b9b-ebc7-4afd-ba4f-a79da4ee33e4","d1070b9b-ebc7-4afd-ba4f-a79da4ee33e4","False","False","False","Cluster","1048576","d1070b9b-ebc7-4afd-ba4f-a79da4ee33e4","Microsoft.Azure.PowerShell.Cmdlets.Migrate.Models.Api202001.IHyperVNetworkAdapter[]","15","2","Windows Server 2022 Standard","windowsguest","10.0.20348","Running","Microsoft.OffAzure/HyperVSites/machines","2025-02-13T03:19:10.7016047Z","C:\ClusterStorage\Volume14\HICP2024\Virtual Machines\D1070B9B-EBC7-4AFD-BA4F-A79DA4EE33E4.VMCX","HICP2024.olcc.lan","9.0"
"16384",,,,,,,,,,"7317C02D-FC2A-4D07-8ECC-9D4AD08B96BB","4674-4858-2007-2676-2318-8972-56","HICP1310_Clu.olcc.lan","/subscriptions/bc602065-8f71-487b-9fa1-e872b4ce9a79/resourceGroups/rg-dcstratmig-prd-003/providers/Microsoft.OffAzure/HyperVSites/HYPV-AZ-MIGVA24225site/clusters/hicp1310-clu-olcc-lan-4fb0bd14-3fa8-4561-ad74-93b04087d47c","2025-02-11T20:31:10.4953655Z","Microsoft.Azure.PowerShell.Cmdlets.Migrate.Models.Api202001.IHyperVDisk[]","HICP2405A","Microsoft.Azure.PowerShell.Cmdlets.Migrate.Models.Api202001.IHealthErrorDetails[]","UEFI","2","2/13/2025 3:20:25 AM","Microsoft Windows Server 2019 Standard","Windows","10.0.17763","Yes","HICP1311",,"/subscriptions/bc602065-8f71-487b-9fa1-e872b4ce9a79/resourceGroups/rg-dcstratmig-prd-003/providers/Microsoft.OffAzure/HyperVSites/HYPV-AZ-MIGVA24225site/machines/ef6381df-7a1d-4a66-95f4-12500f4938dc","ef6381df-7a1d-4a66-95f4-12500f4938dc","False","False","False","Cluster","1048576","ef6381df-7a1d-4a66-95f4-12500f4938dc","Microsoft.Azure.PowerShell.Cmdlets.Migrate.Models.Api202001.IHyperVNetworkAdapter[]","24","4","Windows Server 2019 Standard","windowsguest","10.0.17763","Running","Microsoft.OffAzure/HyperVSites/machines","2025-02-13T03:22:05.0651501Z","C:\ClusterStorage\Volume11\HICP2405A\Virtual Machines\EF6381DF-7A1D-4A66-95F4-12500F4938DC.VMCX","HICP2405A.olcc.lan","9.0"
"8192",,,,,,,,,,"E3C7DA76-4BED-41B0-A5CC-ABBE0CED2CE0","2884-7188-3844-6924-5941-3912-98","HICP1326_CLU.olcc.lan","/subscriptions/bc602065-8f71-487b-9fa1-e872b4ce9a79/resourceGroups/rg-dcstratmig-prd-003/providers/Microsoft.OffAzure/HyperVSites/HYPV-AZ-MIGVA24225site/clusters/hicp1326-clu-olcc-lan-dfe304fe-4c9c-4a21-8ab7-565af1ada800","2025-02-11T20:31:10.7453686Z","Microsoft.Azure.PowerShell.Cmdlets.Migrate.Models.Api202001.IHyperVDisk[]","HICU2226C","Microsoft.Azure.PowerShell.Cmdlets.Migrate.Models.Api202001.IHealthErrorDetails[]","UEFI","2","2/13/2025 3:19:53 AM","Microsoft Windows Server 2019 Standard","Windows","10.0.17763","Yes","HICP1326A",,"/subscriptions/bc602065-8f71-487b-9fa1-e872b4ce9a79/resourceGroups/rg-dcstratmig-prd-003/providers/Microsoft.OffAzure/HyperVSites/HYPV-AZ-MIGVA24225site/machines/765c1cd8-5ffc-4b05-8b83-1f96a4e78ccb","765c1cd8-5ffc-4b05-8b83-1f96a4e78ccb","False","False","False","Cluster","1048576","765c1cd8-5ffc-4b05-8b83-1f96a4e78ccb","Microsoft.Azure.PowerShell.Cmdlets.Migrate.Models.Api202001.IHyperVNetworkAdapter[]","29","4","Windows Server 2019 Standard","windowsguest","10.0.17763","Running","Microsoft.OffAzure/HyperVSites/machines","2025-02-13T15:06:10.7313230Z","C:\ClusterStorage\Volume1\HICU2226C\Virtual Machines\765C1CD8-5FFC-4B05-8B83-1F96A4E78CCB.VMCX","HICU2226C.olcc.lan","9.0"
"4096",,,,,,,,,,"5E5F3CA3-6488-47B8-B6B7-5BFEA502B333","5273-6602-3423-8683-1185-4147-06","HICP1310_Clu.olcc.lan","/subscriptions/bc602065-8f71-487b-9fa1-e872b4ce9a79/resourceGroups/rg-dcstratmig-prd-003/providers/Microsoft.OffAzure/HyperVSites/HYPV-AZ-MIGVA24225site/clusters/hicp1310-clu-olcc-lan-4fb0bd14-3fa8-4561-ad74-93b04087d47c","2025-02-11T20:31:10.9953539Z","Microsoft.Azure.PowerShell.Cmdlets.Migrate.Models.Api202001.IHyperVDisk[]","HICP5578","Microsoft.Azure.PowerShell.Cmdlets.Migrate.Models.Api202001.IHealthErrorDetails[]","UEFI","2","2/13/2025 3:21:31 AM","Microsoft Windows Server 2022 Standard","Windows","10.0.20348","Yes","HICP1319",,"/subscriptions/bc602065-8f71-487b-9fa1-e872b4ce9a79/resourceGroups/rg-dcstratmig-prd-003/providers/Microsoft.OffAzure/HyperVSites/HYPV-AZ-MIGVA24225site/machines/b2e2a196-8706-46e5-b61e-bf9538b3054a","b2e2a196-8706-46e5-b61e-bf9538b3054a","False","False","False","Cluster","1048576","b2e2a196-8706-46e5-b61e-bf9538b3054a","Microsoft.Azure.PowerShell.Cmdlets.Migrate.Models.Api202001.IHyperVNetworkAdapter[]","16","2","Windows Server 2022 Standard","windowsguest","10.0.20348","Running","Microsoft.OffAzure/HyperVSites/machines","2025-02-13T15:06:10.8563226Z","C:\ClusterStorage\Volume14\HICP5578\Virtual Machines\B2E2A196-8706-46E5-B61E-BF9538B3054A.VMCX","HICP5578.olcc.lan","9.0"
"8192",,,,,,,,,,"4E87C341-86BD-42B8-A901-44B06ADEEB9A","8721-5127-4639-6494-5915-2810-33","HICP1326_CLU.olcc.lan","/subscriptions/bc602065-8f71-487b-9fa1-e872b4ce9a79/resourceGroups/rg-dcstratmig-prd-003/providers/Microsoft.OffAzure/HyperVSites/HYPV-AZ-MIGVA24225site/clusters/hicp1326-clu-olcc-lan-dfe304fe-4c9c-4a21-8ab7-565af1ada800","2025-02-11T20:31:11.2453676Z","Microsoft.Azure.PowerShell.Cmdlets.Migrate.Models.Api202001.IHyperVDisk[]","HICU2360","Microsoft.Azure.PowerShell.Cmdlets.Migrate.Models.Api202001.IHealthErrorDetails[]","UEFI","2","2/13/2025 3:19:51 AM","Microsoft Windows Server 2019 Standard","Windows","10.0.17763","Yes","HICP1326D",,"/subscriptions/bc602065-8f71-487b-9fa1-e872b4ce9a79/resourceGroups/rg-dcstratmig-prd-003/providers/Microsoft.OffAzure/HyperVSites/HYPV-AZ-MIGVA24225site/machines/ba15f3f6-b2b3-41bf-b02c-05192f7ee8a4","ba15f3f6-b2b3-41bf-b02c-05192f7ee8a4","False","False","False","Cluster","1048576","ba15f3f6-b2b3-41bf-b02c-05192f7ee8a4","Microsoft.Azure.PowerShell.Cmdlets.Migrate.Models.Api202001.IHyperVNetworkAdapter[]","25","8","Windows Server 2019 Standard","windowsguest","10.0.17763","Running","Microsoft.OffAzure/HyperVSites/machines","2025-02-13T03:22:47.8119972Z","C:\ClusterStorage\Volume1\HICU2360\Virtual Machines\BA15F3F6-B2B3-41BF-B02C-05192F7EE8A4.VMCX","HICU2360.olcc.lan","9.0"
"20480",,,,,,,,,,"3D7BD7A2-4B82-487A-B1BB-CD22E8D118A9","2290-8197-3651-3415-9394-0255-58","HICP1310_Clu.olcc.lan","/subscriptions/bc602065-8f71-487b-9fa1-e872b4ce9a79/resourceGroups/rg-dcstratmig-prd-003/providers/Microsoft.OffAzure/HyperVSites/HYPV-AZ-MIGVA24225site/clusters/hicp1310-clu-olcc-lan-4fb0bd14-3fa8-4561-ad74-93b04087d47c","2025-02-11T20:31:11.4953497Z","Microsoft.Azure.PowerShell.Cmdlets.Migrate.Models.Api202001.IHyperVDisk[]","HICP2180A","Microsoft.Azure.PowerShell.Cmdlets.Migrate.Models.Api202001.IHealthErrorDetails[]","UEFI","2","2/13/2025 3:20:37 AM","Microsoft Windows Server 2016 Standard","Windows","10.0.14393","Yes","HICP1314",,"/subscriptions/bc602065-8f71-487b-9fa1-e872b4ce9a79/resourceGroups/rg-dcstratmig-prd-003/providers/Microsoft.OffAzure/HyperVSites/HYPV-AZ-MIGVA24225site/machines/d5f6fe62-17d4-468c-84df-cf9b7b811c75","d5f6fe62-17d4-468c-84df-cf9b7b811c75","False","False","False","Cluster","1048576","d5f6fe62-17d4-468c-84df-cf9b7b811c75","Microsoft.Azure.PowerShell.Cmdlets.Migrate.Models.Api202001.IHyperVNetworkAdapter[]","24","8","Windows Server 2016 Standard","windowsguest","10.0.14393","Running","Microsoft.OffAzure/HyperVSites/machines","2025-02-13T03:20:37.2159672Z","C:\ClusterStorage\Volume14\HICP2180A\Virtual Machines\D5F6FE62-17D4-468C-84DF-CF9B7B811C75.VMCX","HICP2180A.olcc.lan","9.0"
"4096",,,,,,,,,,"3C3CD139-7D77-4835-A0A9-00DD8D33E8F4","4021-7481-8279-8628-6243-6806-25","HICP1310_Clu.olcc.lan","/subscriptions/bc602065-8f71-487b-9fa1-e872b4ce9a79/resourceGroups/rg-dcstratmig-prd-003/providers/Microsoft.OffAzure/HyperVSites/HYPV-AZ-MIGVA24225site/clusters/hicp1310-clu-olcc-lan-4fb0bd14-3fa8-4561-ad74-93b04087d47c","2025-02-11T20:31:11.7453855Z","Microsoft.Azure.PowerShell.Cmdlets.Migrate.Models.Api202001.IHyperVDisk[]","HICP7060","Microsoft.Azure.PowerShell.Cmdlets.Migrate.Models.Api202001.IHealthErrorDetails[]","BIOS","1",,,,,"Yes","HICP1310",,"/subscriptions/bc602065-8f71-487b-9fa1-e872b4ce9a79/resourceGroups/rg-dcstratmig-prd-003/providers/Microsoft.OffAzure/HyperVSites/HYPV-AZ-MIGVA24225site/machines/37090c73-a605-4e94-b3d4-856e7ae587b6","37090c73-a605-4e94-b3d4-856e7ae587b6","False","False","True","Cluster","65536","37090c73-a605-4e94-b3d4-856e7ae587b6","Microsoft.Azure.PowerShell.Cmdlets.Migrate.Models.Api202001.IHyperVNetworkAdapter[]","-1","2",,"otherguestfamily",,"Running","Microsoft.OffAzure/HyperVSites/machines","2025-02-13T03:22:14.8260424Z","C:\ClusterStorage\Volume12\HICP7060\Virtual Machines\37090C73-A605-4E94-B3D4-856E7AE587B6.VMCX","","9.0"
"24576",,,,,,,,,,"18BB8FA7-DA6B-4F33-811F-084006D98CC7","8072-8168-6582-5836-0635-7523-39","HICP1310_Clu.olcc.lan","/subscriptions/bc602065-8f71-487b-9fa1-e872b4ce9a79/resourceGroups/rg-dcstratmig-prd-003/providers/Microsoft.OffAzure/HyperVSites/HYPV-AZ-MIGVA24225site/clusters/hicp1310-clu-olcc-lan-4fb0bd14-3fa8-4561-ad74-93b04087d47c","2025-02-11T20:31:11.9953608Z","Microsoft.Azure.PowerShell.Cmdlets.Migrate.Models.Api202001.IHyperVDisk[]","HICP2303A","Microsoft.Azure.PowerShell.Cmdlets.Migrate.Models.Api202001.IHealthErrorDetails[]","UEFI","2","2/13/2025 3:20:43 AM","Microsoft Windows Server 2022 Standard","Windows","10.0.20348","Yes","HICP1312",,"/subscriptions/bc602065-8f71-487b-9fa1-e872b4ce9a79/resourceGroups/rg-dcstratmig-prd-003/providers/Microsoft.OffAzure/HyperVSites/HYPV-AZ-MIGVA24225site/machines/aeb0fa31-35f6-48da-ad86-580f1d61e2e9","aeb0fa31-35f6-48da-ad86-580f1d61e2e9","False","False","False","Cluster","1048576","aeb0fa31-35f6-48da-ad86-580f1d61e2e9","Microsoft.Azure.PowerShell.Cmdlets.Migrate.Models.Api202001.IHyperVNetworkAdapter[]","29","24","Windows Server 2022 Standard","windowsguest","10.0.20348","Running","Microsoft.OffAzure/HyperVSites/machines","2025-02-13T15:06:10.9813447Z","C:\ClusterStorage\Volume13\HICP2303A\Virtual Machines\AEB0FA31-35F6-48DA-AD86-580F1D61E2E9.VMCX","HICP2303A.olcc.lan","9.0"
"8000",,,,,,,,,,"D4CDEDB6-C2FD-4260-A816-EC6657241BFE","6843-6770-3558-6793-4388-5975-11","HICP1310_Clu.olcc.lan","/subscriptions/bc602065-8f71-487b-9fa1-e872b4ce9a79/resourceGroups/rg-dcstratmig-prd-003/providers/Microsoft.OffAzure/HyperVSites/HYPV-AZ-MIGVA24225site/clusters/hicp1310-clu-olcc-lan-4fb0bd14-3fa8-4561-ad74-93b04087d47c","2025-02-11T20:31:12.2453766Z","Microsoft.Azure.PowerShell.Cmdlets.Migrate.Models.Api202001.IHyperVDisk[]","HICP2502","Microsoft.Azure.PowerShell.Cmdlets.Migrate.Models.Api202001.IHealthErrorDetails[]","BIOS","1","2/13/2025 3:21:07 AM","Microsoft Windows Server 2016 Standard","Windows","10.0.14393","Yes","HICP1319",,"/subscriptions/bc602065-8f71-487b-9fa1-e872b4ce9a79/resourceGroups/rg-dcstratmig-prd-003/providers/Microsoft.OffAzure/HyperVSites/HYPV-AZ-MIGVA24225site/machines/391e33e1-2178-4539-b4f9-b16cc3bfcbda","391e33e1-2178-4539-b4f9-b16cc3bfcbda","False","False","False","Cluster","65536","391e33e1-2178-4539-b4f9-b16cc3bfcbda","Microsoft.Azure.PowerShell.Cmdlets.Migrate.Models.Api202001.IHyperVNetworkAdapter[]","35","2","Windows Server 2016 Standard","windowsguest","10.0.14393","Running","Microsoft.OffAzure/HyperVSites/machines","2025-02-13T03:22:57.1881611Z","C:\ClusterStorage\Volume3\HICP2502 (Infogenesis New Orleans)\Virtual Machines\391E33E1-2178-4539-B4F9-B16CC3BFCBDA.VMCX","HICP2502.olcc.lan","9.0"
"12280",,,,,,,,,,"86C3864C-89E0-4589-B860-B2C99696D484","3286-6943-1751-6038-9801-0023-80","HICP1310_Clu.olcc.lan","/subscriptions/bc602065-8f71-487b-9fa1-e872b4ce9a79/resourceGroups/rg-dcstratmig-prd-003/providers/Microsoft.OffAzure/HyperVSites/HYPV-AZ-MIGVA24225site/clusters/hicp1310-clu-olcc-lan-4fb0bd14-3fa8-4561-ad74-93b04087d47c","2025-02-11T20:31:12.4953636Z","Microsoft.Azure.PowerShell.Cmdlets.Migrate.Models.Api202001.IHyperVDisk[]","FLOLPVING1","Microsoft.Azure.PowerShell.Cmdlets.Migrate.Models.Api202001.IHealthErrorDetails[]","BIOS","1","2/13/2025 3:21:22 AM","Microsoft Windows Server 2019 Standard","Windows","10.0.17763","Yes","HICP1310B",,"/subscriptions/bc602065-8f71-487b-9fa1-e872b4ce9a79/resourceGroups/rg-dcstratmig-prd-003/providers/Microsoft.OffAzure/HyperVSites/HYPV-AZ-MIGVA24225site/machines/18ad91a3-6f82-4e80-b7ef-d6d0574483fa","18ad91a3-6f82-4e80-b7ef-d6d0574483fa","False","False","False","Cluster","65536","18ad91a3-6f82-4e80-b7ef-d6d0574483fa","Microsoft.Azure.PowerShell.Cmdlets.Migrate.Models.Api202001.IHyperVNetworkAdapter[]","47","2","Windows Server 2019 Standard","windowsguest","10.0.17763","Running","Microsoft.OffAzure/HyperVSites/machines","2025-02-13T03:23:00.8228171Z","C:\ClusterStorage\Volume3\FLOLPVING1 (Non-prod VING Server)\Virtual Machines\18AD91A3-6F82-4E80-B7EF-D6D0574483FA.VMCX","FLOLPVING1.olcc.lan","9.0"
"10240",,,,,,,,,,"3A955A07-ACF3-476C-8C1F-A1436BACAD57","3040-2510-0470-6795-1142-9158-17","HICP1310_Clu.olcc.lan","/subscriptions/bc602065-8f71-487b-9fa1-e872b4ce9a79/resourceGroups/rg-dcstratmig-prd-003/providers/Microsoft.OffAzure/HyperVSites/HYPV-AZ-MIGVA24225site/clusters/hicp1310-clu-olcc-lan-4fb0bd14-3fa8-4561-ad74-93b04087d47c","2025-02-11T20:31:12.7453768Z","Microsoft.Azure.PowerShell.Cmdlets.Migrate.Models.Api202001.IHyperVDisk[]","HICP7076","Microsoft.Azure.PowerShell.Cmdlets.Migrate.Models.Api202001.IHealthErrorDetails[]","UEFI","2","2/13/2025 3:19:55 AM","Microsoft Windows Server 2019 Standard","Windows","10.0.17763","Yes","HICP1312",,"/subscriptions/bc602065-8f71-487b-9fa1-e872b4ce9a79/resourceGroups/rg-dcstratmig-prd-003/providers/Microsoft.OffAzure/HyperVSites/HYPV-AZ-MIGVA24225site/machines/45cfe160-04c5-4166-b71c-6b103c48a986","45cfe160-04c5-4166-b71c-6b103c48a986","False","False","False","Cluster","1048576","45cfe160-04c5-4166-b71c-6b103c48a986","Microsoft.Azure.PowerShell.Cmdlets.Migrate.Models.Api202001.IHyperVNetworkAdapter[]","30","4","Windows Server 2019 Standard","windowsguest","10.0.17763","Running","Microsoft.OffAzure/HyperVSites/machines","2025-02-13T15:02:15.6438175Z","C:\ClusterStorage\Volume11\HICP7076\Virtual Machines\45CFE160-04C5-4166-B71C-6B103C48A986.VMCX","HICP7076.olcc.lan","9.0"
"32768",,,,,,,,,,"31CA4A8A-F432-4C11-AE87-37FA924E70C7","1746-5019-6708-5933-7850-3307-66","HICP1310_Clu.olcc.lan","/subscriptions/bc602065-8f71-487b-9fa1-e872b4ce9a79/resourceGroups/rg-dcstratmig-prd-003/providers/Microsoft.OffAzure/HyperVSites/HYPV-AZ-MIGVA24225site/clusters/hicp1310-clu-olcc-lan-4fb0bd14-3fa8-4561-ad74-93b04087d47c","2025-02-11T20:31:12.9953676Z","Microsoft.Azure.PowerShell.Cmdlets.Migrate.Models.Api202001.IHyperVDisk[]","DC01-COMSRV","Microsoft.Azure.PowerShell.Cmdlets.Migrate.Models.Api202001.IHealthErrorDetails[]","BIOS","1","2/13/2025 3:19:53 AM","Microsoft Windows Server 2022 Standard","Windows","10.0.20348","Yes","HICP1316",,"/subscriptions/bc602065-8f71-487b-9fa1-e872b4ce9a79/resourceGroups/rg-dcstratmig-prd-003/providers/Microsoft.OffAzure/HyperVSites/HYPV-AZ-MIGVA24225site/machines/d190455a-8a31-4a79-bd5f-0ddd45a33d54","d190455a-8a31-4a79-bd5f-0ddd45a33d54","False","False","False","Cluster","65536","d190455a-8a31-4a79-bd5f-0ddd45a33d54","Microsoft.Azure.PowerShell.Cmdlets.Migrate.Models.Api202001.IHyperVNetworkAdapter[]","162","8","Windows Server 2022 Standard","windowsguest","10.0.20348","Running","Microsoft.OffAzure/HyperVSites/machines","2025-02-13T15:06:11.1063249Z","C:\ClusterStorage\Volume14\DC01-COMSRV\Virtual Machines\D190455A-8A31-4A79-BD5F-0DDD45A33D54.VMCX","dc01-comsrv.olcc.lan","9.0"
"16384",,,,,,,,,,"B5BDC590-641F-45D0-81CD-60CB79A85DAE","0044-7592-4482-0385-1064-0881-30","HICP1326_CLU.olcc.lan","/subscriptions/bc602065-8f71-487b-9fa1-e872b4ce9a79/resourceGroups/rg-dcstratmig-prd-003/providers/Microsoft.OffAzure/HyperVSites/HYPV-AZ-MIGVA24225site/clusters/hicp1326-clu-olcc-lan-dfe304fe-4c9c-4a21-8ab7-565af1ada800","2025-02-11T20:31:13.2453336Z","Microsoft.Azure.PowerShell.Cmdlets.Migrate.Models.Api202001.IHyperVDisk[]","HICU2382","Microsoft.Azure.PowerShell.Cmdlets.Migrate.Models.Api202001.IHealthErrorDetails[]","UEFI","2","2/13/2025 3:21:19 AM","Microsoft Windows Server 2019 Standard","Windows","10.0.17763","Yes","HICP1326D",,"/subscriptions/bc602065-8f71-487b-9fa1-e872b4ce9a79/resourceGroups/rg-dcstratmig-prd-003/providers/Microsoft.OffAzure/HyperVSites/HYPV-AZ-MIGVA24225site/machines/00f46354-337b-4091-8043-7d177149a63a","00f46354-337b-4091-8043-7d177149a63a","False","False","False","Cluster","1048576","00f46354-337b-4091-8043-7d177149a63a","Microsoft.Azure.PowerShell.Cmdlets.Migrate.Models.Api202001.IHyperVNetworkAdapter[]","28","8","Windows Server 2019 Standard","windowsguest","10.0.17763","Running","Microsoft.OffAzure/HyperVSites/machines","2025-02-13T03:22:59.8223895Z","C:\ClusterStorage\Volume2\HICU2382\Virtual Machines\00F46354-337B-4091-8043-7D177149A63A.VMCX","HICU2382.olcc.lan","9.0"
"6144",,,,,,,,,,"9A7BBD24-6D38-4FD6-85A9-2D939646359B","8359-6904-4672-2047-7004-9534-10","HICP1323_CLU.olcc.lan","/subscriptions/bc602065-8f71-487b-9fa1-e872b4ce9a79/resourceGroups/rg-dcstratmig-prd-003/providers/Microsoft.OffAzure/HyperVSites/HYPV-AZ-MIGVA24225site/clusters/hicp1323-clu-olcc-lan-fe5137bc-e3d8-415b-9d54-c2debea3ef5d","2025-02-11T20:31:13.4961090Z","Microsoft.Azure.PowerShell.Cmdlets.Migrate.Models.Api202001.IHyperVDisk[]","HICP2030B","Microsoft.Azure.PowerShell.Cmdlets.Migrate.Models.Api202001.IHealthErrorDetails[]","UEFI","2",,,,,"Yes","HICP1323A",,"/subscriptions/bc602065-8f71-487b-9fa1-e872b4ce9a79/resourceGroups/rg-dcstratmig-prd-003/providers/Microsoft.OffAzure/HyperVSites/HYPV-AZ-MIGVA24225site/machines/e5bc3b0d-453e-4a8e-9748-381e6fb4b4d6","e5bc3b0d-453e-4a8e-9748-381e6fb4b4d6","False","False","True","Cluster","1048576","e5bc3b0d-453e-4a8e-9748-381e6fb4b4d6","Microsoft.Azure.PowerShell.Cmdlets.Migrate.Models.Api202001.IHyperVNetworkAdapter[]","-1","2","Windows Server 2019 Standard","windowsguest","10.0.17763","Running","Microsoft.OffAzure/HyperVSites/machines","2025-02-13T03:21:38.5078109Z","C:\ClusterStorage\Volume2\HICP2030B\Virtual Machines\E5BC3B0D-453E-4A8E-9748-381E6FB4B4D6.VMCX","HICP2030B.olcc.lan","9.0"
"4096",,,,,,,,,,"A776A2B5-9474-4461-995E-34F4ACE2A694","3247-9118-2889-1232-2627-9232-14","HICP1326_CLU.olcc.lan","/subscriptions/bc602065-8f71-487b-9fa1-e872b4ce9a79/resourceGroups/rg-dcstratmig-prd-003/providers/Microsoft.OffAzure/HyperVSites/HYPV-AZ-MIGVA24225site/clusters/hicp1326-clu-olcc-lan-dfe304fe-4c9c-4a21-8ab7-565af1ada800","2025-02-11T20:31:13.7461144Z","Microsoft.Azure.PowerShell.Cmdlets.Migrate.Models.Api202001.IHyperVDisk[]","HICU2031","Microsoft.Azure.PowerShell.Cmdlets.Migrate.Models.Api202001.IHealthErrorDetails[]","UEFI","2","2/13/2025 3:21:21 AM","Microsoft Windows Server 2019 Standard","Windows","10.0.17763","Yes","HICP1326A",,"/subscriptions/bc602065-8f71-487b-9fa1-e872b4ce9a79/resourceGroups/rg-dcstratmig-prd-003/providers/Microsoft.OffAzure/HyperVSites/HYPV-AZ-MIGVA24225site/machines/c2779de5-9e43-4608-9f99-abd51909456c","c2779de5-9e43-4608-9f99-abd51909456c","False","False","False","Cluster","1048576","c2779de5-9e43-4608-9f99-abd51909456c","Microsoft.Azure.PowerShell.Cmdlets.Migrate.Models.Api202001.IHyperVNetworkAdapter[]","15","2","Windows Server 2019 Standard","windowsguest","10.0.17763","Running","Microsoft.OffAzure/HyperVSites/machines","2025-02-19T20:19:11.1989325Z","C:\ClusterStorage\Volume2\HICU2031\Virtual Machines\C2779DE5-9E43-4608-9F99-ABD51909456C.VMCX","HICU2031.olcc.lan","9.0"
"8192",,,,,,,,,,"E3C7DA76-4BED-41B0-A5CC-ABBE0CED2CE0","2884-7188-3844-6924-5941-3912-98","HICP1326_CLU.olcc.lan","/subscriptions/bc602065-8f71-487b-9fa1-e872b4ce9a79/resourceGroups/rg-dcstratmig-prd-003/providers/Microsoft.OffAzure/HyperVSites/HYPV-AZ-MIGVA24225site/clusters/hicp1326-clu-olcc-lan-dfe304fe-4c9c-4a21-8ab7-565af1ada800","2025-02-11T20:31:13.9961338Z","Microsoft.Azure.PowerShell.Cmdlets.Migrate.Models.Api202001.IHyperVDisk[]","HICU2225B","Microsoft.Azure.PowerShell.Cmdlets.Migrate.Models.Api202001.IHealthErrorDetails[]","UEFI","2","2/13/2025 3:20:29 AM","Microsoft Windows Server 2019 Standard","Windows","10.0.17763","Yes","HICP1326A",,"/subscriptions/bc602065-8f71-487b-9fa1-e872b4ce9a79/resourceGroups/rg-dcstratmig-prd-003/providers/Microsoft.OffAzure/HyperVSites/HYPV-AZ-MIGVA24225site/machines/f8e6878c-069f-4f20-bfc6-dcc3bdbb958c","f8e6878c-069f-4f20-bfc6-dcc3bdbb958c","False","False","False","Cluster","1048576","f8e6878c-069f-4f20-bfc6-dcc3bdbb958c","Microsoft.Azure.PowerShell.Cmdlets.Migrate.Models.Api202001.IHyperVNetworkAdapter[]","24","4","Windows Server 2019 Standard","windowsguest","10.0.17763","Running","Microsoft.OffAzure/HyperVSites/machines","2025-02-13T15:02:15.7688044Z","C:\ClusterStorage\Volume2\HICU2225B\Virtual Machines\F8E6878C-069F-4F20-BFC6-DCC3BDBB958C.VMCX","HICU2225B.olcc.lan","9.0"
"48128",,,,,,,,,,"6F521117-C75C-4956-9BA1-E00802EB420E","8101-0713-6682-2475-5123-2561-65","HICP1310_Clu.olcc.lan","/subscriptions/bc602065-8f71-487b-9fa1-e872b4ce9a79/resourceGroups/rg-dcstratmig-prd-003/providers/Microsoft.OffAzure/HyperVSites/HYPV-AZ-MIGVA24225site/clusters/hicp1310-clu-olcc-lan-4fb0bd14-3fa8-4561-ad74-93b04087d47c","2025-02-11T20:31:14.2461297Z","Microsoft.Azure.PowerShell.Cmdlets.Migrate.Models.Api202001.IHyperVDisk[]","HICP1202A-Gen2","Microsoft.Azure.PowerShell.Cmdlets.Migrate.Models.Api202001.IHealthErrorDetails[]","UEFI","2","2/13/2025 3:20:39 AM","Microsoft Windows Server 2019 Standard","Windows","10.0.17763","Yes","HICP1315",,"/subscriptions/bc602065-8f71-487b-9fa1-e872b4ce9a79/resourceGroups/rg-dcstratmig-prd-003/providers/Microsoft.OffAzure/HyperVSites/HYPV-AZ-MIGVA24225site/machines/e2803948-d449-4ae0-83c2-921854faf451","e2803948-d449-4ae0-83c2-921854faf451","False","False","False","Cluster","1048576","e2803948-d449-4ae0-83c2-921854faf451","Microsoft.Azure.PowerShell.Cmdlets.Migrate.Models.Api202001.IHyperVNetworkAdapter[]","50","10","Windows Server 2019 Standard","windowsguest","10.0.17763","Running","Microsoft.OffAzure/HyperVSites/machines","2025-02-13T15:06:11.3408396Z","C:\ClusterStorage\Volume1_CallRec_VM_ONLY\Virtual Machines\E2803948-D449-4AE0-83C2-921854FAF451.VMCX","HICP1202A.olcc.lan","9.0"
"8192",,,,,,,,,,"DDFC9753-B9D5-449F-8F66-C67928A4A0F9","1890-3727-2141-1923-4972-2603-35","HICP1300_CLU.olcc.lan","/subscriptions/bc602065-8f71-487b-9fa1-e872b4ce9a79/resourceGroups/rg-dcstratmig-prd-003/providers/Microsoft.OffAzure/HyperVSites/HYPV-AZ-MIGVA24225site/clusters/hicp1300-clu-olcc-lan-716a4cd7-b6bf-44a4-8728-f1576ad575ee","2025-02-11T20:31:14.4961941Z","Microsoft.Azure.PowerShell.Cmdlets.Migrate.Models.Api202001.IHyperVDisk[]","HICP1206B","Microsoft.Azure.PowerShell.Cmdlets.Migrate.Models.Api202001.IHealthErrorDetails[]","UEFI","2","2/13/2025 3:20:21 AM","Microsoft Windows Server 2019 Datacenter","Windows","10.0.17763","Yes","HICP1300C",,"/subscriptions/bc602065-8f71-487b-9fa1-e872b4ce9a79/resourceGroups/rg-dcstratmig-prd-003/providers/Microsoft.OffAzure/HyperVSites/HYPV-AZ-MIGVA24225site/machines/d308a8f5-5358-45d3-94ea-8427c6f2c1a4","d308a8f5-5358-45d3-94ea-8427c6f2c1a4","False","False","False","Cluster","1048576","d308a8f5-5358-45d3-94ea-8427c6f2c1a4","Microsoft.Azure.PowerShell.Cmdlets.Migrate.Models.Api202001.IHyperVNetworkAdapter[]","20","4","Windows Server 2019 Datacenter","windowsguest","10.0.17763","Running","Microsoft.OffAzure/HyperVSites/machines","2025-02-13T15:06:11.4656852Z","C:\ClusterStorage\Volume11\HICP1206B\Virtual Machines\D308A8F5-5358-45D3-94EA-8427C6F2C1A4.VMCX","HICP1206B.olcc.lan","9.0"
"8192",,,,,,,,,,"393F37A0-D0BF-4E78-992E-5C768C466D83","8802-8527-6929-5853-2777-2331-19","HICP1310_Clu.olcc.lan","/subscriptions/bc602065-8f71-487b-9fa1-e872b4ce9a79/resourceGroups/rg-dcstratmig-prd-003/providers/Microsoft.OffAzure/HyperVSites/HYPV-AZ-MIGVA24225site/clusters/hicp1310-clu-olcc-lan-4fb0bd14-3fa8-4561-ad74-93b04087d47c","2025-02-11T20:31:14.7460996Z","Microsoft.Azure.PowerShell.Cmdlets.Migrate.Models.Api202001.IHyperVDisk[]","HICP3801","Microsoft.Azure.PowerShell.Cmdlets.Migrate.Models.Api202001.IHealthErrorDetails[]","UEFI","2","2/13/2025 3:19:17 AM","Red Hat Enterprise Linux","Linux","8.3","Yes","HICP1312",,"/subscriptions/bc602065-8f71-487b-9fa1-e872b4ce9a79/resourceGroups/rg-dcstratmig-prd-003/providers/Microsoft.OffAzure/HyperVSites/HYPV-AZ-MIGVA24225site/machines/5f897186-2c27-4415-9fb1-cf35d32c80dd","5f897186-2c27-4415-9fb1-cf35d32c80dd","False","False","False","Cluster","1048576","5f897186-2c27-4415-9fb1-cf35d32c80dd","Microsoft.Azure.PowerShell.Cmdlets.Migrate.Models.Api202001.IHyperVNetworkAdapter[]","66","2","Red Hat Enterprise Linux","linuxguest","4.18.0","Running","Microsoft.OffAzure/HyperVSites/machines","2025-02-13T03:19:17.3579671Z","C:\ClusterStorage\Volume11\HICP3801\Virtual Machines\5F897186-2C27-4415-9FB1-CF35D32C80DD.VMCX","HICP3801.olcc.lan","9.0"
"4096",,,,,,,,,,"A204F478-9D7C-4F4C-BDFC-6AD2A2409A4C","5511-5085-9615-1030-7857-6879-09","HICP1310_Clu.olcc.lan","/subscriptions/bc602065-8f71-487b-9fa1-e872b4ce9a79/resourceGroups/rg-dcstratmig-prd-003/providers/Microsoft.OffAzure/HyperVSites/HYPV-AZ-MIGVA24225site/clusters/hicp1310-clu-olcc-lan-4fb0bd14-3fa8-4561-ad74-93b04087d47c","2025-02-11T20:31:14.9961222Z","Microsoft.Azure.PowerShell.Cmdlets.Migrate.Models.Api202001.IHyperVDisk[]","HICP2342B","Microsoft.Azure.PowerShell.Cmdlets.Migrate.Models.Api202001.IHealthErrorDetails[]","UEFI","2","2/13/2025 3:19:52 AM","Microsoft Windows Server 2022 Standard","Windows","10.0.20348","Yes","HICP1319",,"/subscriptions/bc602065-8f71-487b-9fa1-e872b4ce9a79/resourceGroups/rg-dcstratmig-prd-003/providers/Microsoft.OffAzure/HyperVSites/HYPV-AZ-MIGVA24225site/machines/a4494143-0339-4849-941f-23c2a471726f","a4494143-0339-4849-941f-23c2a471726f","False","False","False","Cluster","1048576","a4494143-0339-4849-941f-23c2a471726f","Microsoft.Azure.PowerShell.Cmdlets.Migrate.Models.Api202001.IHyperVNetworkAdapter[]","7","2","Windows Server 2022 Standard","windowsguest","10.0.20348","Running","Microsoft.OffAzure/HyperVSites/machines","2025-02-13T03:19:52.3273789Z","C:\ClusterStorage\Volume13\HICP2342B\Virtual Machines\A4494143-0339-4849-941F-23C2A471726F.VMCX","HICP2342B.olcc.lan","9.0"
"4096",,,,,,,,,,"32591B9C-0BBC-479C-B935-1CACE2727B79","5204-6412-3249-8105-4417-9322-99","HICP1310_Clu.olcc.lan","/subscriptions/bc602065-8f71-487b-9fa1-e872b4ce9a79/resourceGroups/rg-dcstratmig-prd-003/providers/Microsoft.OffAzure/HyperVSites/HYPV-AZ-MIGVA24225site/clusters/hicp1310-clu-olcc-lan-4fb0bd14-3fa8-4561-ad74-93b04087d47c","2025-02-11T20:31:15.4492227Z","Microsoft.Azure.PowerShell.Cmdlets.Migrate.Models.Api202001.IHyperVDisk[]","HICP2273","Microsoft.Azure.PowerShell.Cmdlets.Migrate.Models.Api202001.IHealthErrorDetails[]","UEFI","2","2/13/2025 3:20:50 AM","Microsoft Windows Server 2022 Standard","Windows","10.0.20348","Yes","HICP1312",,"/subscriptions/bc602065-8f71-487b-9fa1-e872b4ce9a79/resourceGroups/rg-dcstratmig-prd-003/providers/Microsoft.OffAzure/HyperVSites/HYPV-AZ-MIGVA24225site/machines/32a5c706-6bbf-4b3c-a263-4227c4efe862","32a5c706-6bbf-4b3c-a263-4227c4efe862","False","False","False","Cluster","1048576","32a5c706-6bbf-4b3c-a263-4227c4efe862","Microsoft.Azure.PowerShell.Cmdlets.Migrate.Models.Api202001.IHyperVNetworkAdapter[]","16","2","Windows Server 2022 Standard","windowsguest","10.0.20348","Running","Microsoft.OffAzure/HyperVSites/machines","2025-02-13T15:06:11.5906813Z","C:\ClusterStorage\Volume2\HICP2273\Virtual Machines\32A5C706-6BBF-4B3C-A263-4227C4EFE862.VMCX","HICP2273.olcc.lan","9.0"
"24576",,,,,,,,,,"3E656B09-D3AE-4930-A62C-6AD97EDE07F8","4326-2489-6090-4612-9807-7823-07","HICP1310_Clu.olcc.lan","/subscriptions/bc602065-8f71-487b-9fa1-e872b4ce9a79/resourceGroups/rg-dcstratmig-prd-003/providers/Microsoft.OffAzure/HyperVSites/HYPV-AZ-MIGVA24225site/clusters/hicp1310-clu-olcc-lan-4fb0bd14-3fa8-4561-ad74-93b04087d47c","2025-02-11T20:31:15.6211332Z","Microsoft.Azure.PowerShell.Cmdlets.Migrate.Models.Api202001.IHyperVDisk[]","HICP1212A","Microsoft.Azure.PowerShell.Cmdlets.Migrate.Models.Api202001.IHealthErrorDetails[]","UEFI","2","2/13/2025 2:35:41 AM","Microsoft Windows Server 2019 Datacenter","Windows","10.0.17763","Yes","HICP1310C",,"/subscriptions/bc602065-8f71-487b-9fa1-e872b4ce9a79/resourceGroups/rg-dcstratmig-prd-003/providers/Microsoft.OffAzure/HyperVSites/HYPV-AZ-MIGVA24225site/machines/33f72554-1f8c-44b6-8e03-8c665bf4db3f","33f72554-1f8c-44b6-8e03-8c665bf4db3f","False","False","False","Cluster","1048576","33f72554-1f8c-44b6-8e03-8c665bf4db3f","Microsoft.Azure.PowerShell.Cmdlets.Migrate.Models.Api202001.IHyperVNetworkAdapter[]","28","4","Windows Server 2019 Datacenter","windowsguest","10.0.17763","Running","Microsoft.OffAzure/HyperVSites/machines","2025-02-13T15:06:11.7156875Z","C:\ClusterStorage\Volume13\HICP1212A\Virtual Machines\33F72554-1F8C-44B6-8E03-8C665BF4DB3F.VMCX","HICP1212A.olcc.lan","9.0"
"8192",,,,,,,,,,"1A7F83C4-F3E9-43E6-BDBA-15B80B54D94D","4549-0762-7883-6593-3774-9007-00","HICP1310_Clu.olcc.lan","/subscriptions/bc602065-8f71-487b-9fa1-e872b4ce9a79/resourceGroups/rg-dcstratmig-prd-003/providers/Microsoft.OffAzure/HyperVSites/HYPV-AZ-MIGVA24225site/clusters/hicp1310-clu-olcc-lan-4fb0bd14-3fa8-4561-ad74-93b04087d47c","2025-02-11T20:31:15.8711363Z","Microsoft.Azure.PowerShell.Cmdlets.Migrate.Models.Api202001.IHyperVDisk[]","HICP0110A","Microsoft.Azure.PowerShell.Cmdlets.Migrate.Models.Api202001.IHealthErrorDetails[]","UEFI","2","2/13/2025 3:21:13 AM","Microsoft Windows Server 2022 Standard","Windows","10.0.20348","Yes","HICP1310B",,"/subscriptions/bc602065-8f71-487b-9fa1-e872b4ce9a79/resourceGroups/rg-dcstratmig-prd-003/providers/Microsoft.OffAzure/HyperVSites/HYPV-AZ-MIGVA24225site/machines/ca3e8cde-2b0d-4247-8758-c26aa6ed3ea3","ca3e8cde-2b0d-4247-8758-c26aa6ed3ea3","False","False","False","Cluster","1048576","ca3e8cde-2b0d-4247-8758-c26aa6ed3ea3","Microsoft.Azure.PowerShell.Cmdlets.Migrate.Models.Api202001.IHyperVNetworkAdapter[]","25","4","Windows Server 2022 Standard","windowsguest","10.0.20348","Running","Microsoft.OffAzure/HyperVSites/machines","2025-02-13T03:21:13.8416793Z","C:\ClusterStorage\Volume13\HICP0110A\Virtual Machines\CA3E8CDE-2B0D-4247-8758-C26AA6ED3EA3.VMCX","HICP0110A.olcc.lan","9.0"
"4096",,,,,,,,,,"A895D82A-9ACE-4B52-852C-2B9B61E6C2F4","4158-1561-4759-6830-7355-6599-95","HICP1310_Clu.olcc.lan","/subscriptions/bc602065-8f71-487b-9fa1-e872b4ce9a79/resourceGroups/rg-dcstratmig-prd-003/providers/Microsoft.OffAzure/HyperVSites/HYPV-AZ-MIGVA24225site/clusters/hicp1310-clu-olcc-lan-4fb0bd14-3fa8-4561-ad74-93b04087d47c","2025-02-11T20:31:16.1211607Z","Microsoft.Azure.PowerShell.Cmdlets.Migrate.Models.Api202001.IHyperVDisk[]","HICP2426","Microsoft.Azure.PowerShell.Cmdlets.Migrate.Models.Api202001.IHealthErrorDetails[]","UEFI","2","2/13/2025 3:20:50 AM","Microsoft Windows Server 2019 Standard","Windows","10.0.17763","Yes","HICP1310",,"/subscriptions/bc602065-8f71-487b-9fa1-e872b4ce9a79/resourceGroups/rg-dcstratmig-prd-003/providers/Microsoft.OffAzure/HyperVSites/HYPV-AZ-MIGVA24225site/machines/ad34951b-2ab8-48dd-9083-1bc132f6c58b","ad34951b-2ab8-48dd-9083-1bc132f6c58b","False","False","False","Cluster","1048576","ad34951b-2ab8-48dd-9083-1bc132f6c58b","Microsoft.Azure.PowerShell.Cmdlets.Migrate.Models.Api202001.IHyperVNetworkAdapter[]","22","2","Windows Server 2019 Standard","windowsguest","10.0.17763","Running","Microsoft.OffAzure/HyperVSites/machines","2025-02-13T03:22:53.0620039Z","C:\ClusterStorage\Volume13\HICP2426\Virtual Machines\AD34951B-2AB8-48DD-9083-1BC132F6C58B.VMCX","HICP2426.olcc.lan","9.0"
"16384",,,,,,,,,,"4A4B4AF2-57C1-4A67-9E21-55AE43CDB36A","9418-7736-6551-7219-1166-8359-62","HICP1310_Clu.olcc.lan","/subscriptions/bc602065-8f71-487b-9fa1-e872b4ce9a79/resourceGroups/rg-dcstratmig-prd-003/providers/Microsoft.OffAzure/HyperVSites/HYPV-AZ-MIGVA24225site/clusters/hicp1310-clu-olcc-lan-4fb0bd14-3fa8-4561-ad74-93b04087d47c","2025-02-11T20:31:16.3711470Z","Microsoft.Azure.PowerShell.Cmdlets.Migrate.Models.Api202001.IHyperVDisk[]","HICP2753","Microsoft.Azure.PowerShell.Cmdlets.Migrate.Models.Api202001.IHealthErrorDetails[]","UEFI","2","2/13/2025 3:19:37 AM","Microsoft Windows Server 2019 Standard","Windows","10.0.17763","Yes","HICP1310C",,"/subscriptions/bc602065-8f71-487b-9fa1-e872b4ce9a79/resourceGroups/rg-dcstratmig-prd-003/providers/Microsoft.OffAzure/HyperVSites/HYPV-AZ-MIGVA24225site/machines/bb32ec9c-0467-463e-a53e-964bb43a04e3","bb32ec9c-0467-463e-a53e-964bb43a04e3","False","False","False","Cluster","1048576","bb32ec9c-0467-463e-a53e-964bb43a04e3","Microsoft.Azure.PowerShell.Cmdlets.Migrate.Models.Api202001.IHyperVNetworkAdapter[]","36","6","Windows Server 2019 Standard","windowsguest","10.0.17763","Running","Microsoft.OffAzure/HyperVSites/machines","2025-02-13T15:06:11.8563247Z","C:\ClusterStorage\Volume11\HICP2753\Virtual Machines\BB32EC9C-0467-463E-A53E-964BB43A04E3.VMCX","HICP2753.olcc.lan","9.0"
"4096",,,,,,,,,,"4E87C341-86BD-42B8-A901-44B06ADEEB9A","8721-5127-4639-6494-5915-2810-33","HICP1326_CLU.olcc.lan","/subscriptions/bc602065-8f71-487b-9fa1-e872b4ce9a79/resourceGroups/rg-dcstratmig-prd-003/providers/Microsoft.OffAzure/HyperVSites/HYPV-AZ-MIGVA24225site/clusters/hicp1326-clu-olcc-lan-dfe304fe-4c9c-4a21-8ab7-565af1ada800","2025-02-11T20:31:16.6211108Z","Microsoft.Azure.PowerShell.Cmdlets.Migrate.Models.Api202001.IHyperVDisk[]","HICU8519B","Microsoft.Azure.PowerShell.Cmdlets.Migrate.Models.Api202001.IHealthErrorDetails[]","UEFI","2","2/13/2025 3:19:13 AM","Microsoft Windows Server 2019 Standard","Windows","10.0.17763","Yes","HICP1326C",,"/subscriptions/bc602065-8f71-487b-9fa1-e872b4ce9a79/resourceGroups/rg-dcstratmig-prd-003/providers/Microsoft.OffAzure/HyperVSites/HYPV-AZ-MIGVA24225site/machines/f4329bac-c106-4e37-a6ee-571b2b81a7e6","f4329bac-c106-4e37-a6ee-571b2b81a7e6","False","False","False","Cluster","1048576","f4329bac-c106-4e37-a6ee-571b2b81a7e6","Microsoft.Azure.PowerShell.Cmdlets.Migrate.Models.Api202001.IHyperVNetworkAdapter[]","21","2","Windows Server 2019 Standard","windowsguest","10.0.17763","Running","Microsoft.OffAzure/HyperVSites/machines","2025-02-20T05:50:07.9395158Z","C:\ClusterStorage\Volume1\HICU8519B\Virtual Machines\F4329BAC-C106-4E37-A6EE-571B2B81A7E6.VMCX","HICU8519B.olcc.lan","9.0"
"16384",,,,,,,,,,"3FD70979-5923-4E14-AE81-20D37EDCEF4D","3690-7283-6655-9672-6197-1941-44","HICP1310_Clu.olcc.lan","/subscriptions/bc602065-8f71-487b-9fa1-e872b4ce9a79/resourceGroups/rg-dcstratmig-prd-003/providers/Microsoft.OffAzure/HyperVSites/HYPV-AZ-MIGVA24225site/clusters/hicp1310-clu-olcc-lan-4fb0bd14-3fa8-4561-ad74-93b04087d47c","2025-02-11T20:31:16.8711434Z","Microsoft.Azure.PowerShell.Cmdlets.Migrate.Models.Api202001.IHyperVDisk[]","HICP6508","Microsoft.Azure.PowerShell.Cmdlets.Migrate.Models.Api202001.IHealthErrorDetails[]","UEFI","2","2/13/2025 3:20:43 AM","Microsoft Windows Server 2019 Standard","Windows","10.0.17763","Yes","HICP1317",,"/subscriptions/bc602065-8f71-487b-9fa1-e872b4ce9a79/resourceGroups/rg-dcstratmig-prd-003/providers/Microsoft.OffAzure/HyperVSites/HYPV-AZ-MIGVA24225site/machines/b9565b0e-feff-4b6a-b01c-9bf59fa980d6","b9565b0e-feff-4b6a-b01c-9bf59fa980d6","False","False","False","Cluster","1048576","b9565b0e-feff-4b6a-b01c-9bf59fa980d6","Microsoft.Azure.PowerShell.Cmdlets.Migrate.Models.Api202001.IHyperVNetworkAdapter[]","110","4","Windows Server 2019 Standard","windowsguest","10.0.17763","Running","Microsoft.OffAzure/HyperVSites/machines","2025-02-13T03:22:51.5620333Z","C:\ClusterStorage\Volume2\FLOLVSSISPRD22b\Virtual Machines\B9565B0E-FEFF-4B6A-B01C-9BF59FA980D6.VMCX","HICP6508.olcc.lan","9.0"
"4096",,,,,,,,,,"73BF61A3-A55B-4F75-ABF0-DCBA52AF8EA8","3260-0115-4166-4651-5586-0856-73","HICP1323_CLU.olcc.lan","/subscriptions/bc602065-8f71-487b-9fa1-e872b4ce9a79/resourceGroups/rg-dcstratmig-prd-003/providers/Microsoft.OffAzure/HyperVSites/HYPV-AZ-MIGVA24225site/clusters/hicp1323-clu-olcc-lan-fe5137bc-e3d8-415b-9d54-c2debea3ef5d","2025-02-11T20:31:17.1211651Z","Microsoft.Azure.PowerShell.Cmdlets.Migrate.Models.Api202001.IHyperVDisk[]","HICP1225","Microsoft.Azure.PowerShell.Cmdlets.Migrate.Models.Api202001.IHealthErrorDetails[]","UEFI","2",,,,,"Yes","HICP1323A",,"/subscriptions/bc602065-8f71-487b-9fa1-e872b4ce9a79/resourceGroups/rg-dcstratmig-prd-003/providers/Microsoft.OffAzure/HyperVSites/HYPV-AZ-MIGVA24225site/machines/29e85eb7-01c6-45a3-ad32-a73a0f0edcde","29e85eb7-01c6-45a3-ad32-a73a0f0edcde","False","False","True","Cluster","1048576","29e85eb7-01c6-45a3-ad32-a73a0f0edcde","Microsoft.Azure.PowerShell.Cmdlets.Migrate.Models.Api202001.IHyperVNetworkAdapter[]","-1","2","Windows Server 2019 Standard","windowsguest","10.0.17763","Running","Microsoft.OffAzure/HyperVSites/machines","2025-02-13T03:46:56.0789509Z","C:\ClusterStorage\Volume2\HICP1225\Virtual Machines\29E85EB7-01C6-45A3-AD32-A73A0F0EDCDE.VMCX","HICP1225.olcc.lan","9.0"
"8192",,,,,,,,,,"640E4E79-87DE-4ECE-91ED-92F840698048","5872-5668-8727-1690-3191-4171-67","HICP1310_Clu.olcc.lan","/subscriptions/bc602065-8f71-487b-9fa1-e872b4ce9a79/resourceGroups/rg-dcstratmig-prd-003/providers/Microsoft.OffAzure/HyperVSites/HYPV-AZ-MIGVA24225site/clusters/hicp1310-clu-olcc-lan-4fb0bd14-3fa8-4561-ad74-93b04087d47c","2025-02-11T20:31:17.3711400Z","Microsoft.Azure.PowerShell.Cmdlets.Migrate.Models.Api202001.IHyperVDisk[]","HICP2130","Microsoft.Azure.PowerShell.Cmdlets.Migrate.Models.Api202001.IHealthErrorDetails[]","UEFI","2","2/13/2025 3:20:22 AM","Microsoft Windows Server 2022 Standard","Windows","10.0.20348","Yes","HICP1310B",,"/subscriptions/bc602065-8f71-487b-9fa1-e872b4ce9a79/resourceGroups/rg-dcstratmig-prd-003/providers/Microsoft.OffAzure/HyperVSites/HYPV-AZ-MIGVA24225site/machines/3d2ddeee-393f-4342-b643-0a66b165ae43","3d2ddeee-393f-4342-b643-0a66b165ae43","False","False","False","Cluster","1048576","3d2ddeee-393f-4342-b643-0a66b165ae43","Microsoft.Azure.PowerShell.Cmdlets.Migrate.Models.Api202001.IHyperVNetworkAdapter[]","23","2","Windows Server 2022 Standard","windowsguest","10.0.20348","Running","Microsoft.OffAzure/HyperVSites/machines","2025-02-13T03:22:03.5651727Z","C:\ClusterStorage\Volume3\HICP2130\Virtual Machines\3D2DDEEE-393F-4342-B643-0A66B165AE43.VMCX","HICP2130.olcc.lan","9.0"
"8192",,,,,,,,,,"CA191823-F6E1-4C68-A7D5-B2BB25C9E676","7922-2442-9407-2462-8465-8360-30","HICP1310_Clu.olcc.lan","/subscriptions/bc602065-8f71-487b-9fa1-e872b4ce9a79/resourceGroups/rg-dcstratmig-prd-003/providers/Microsoft.OffAzure/HyperVSites/HYPV-AZ-MIGVA24225site/clusters/hicp1310-clu-olcc-lan-4fb0bd14-3fa8-4561-ad74-93b04087d47c","2025-02-11T20:31:17.6211458Z","Microsoft.Azure.PowerShell.Cmdlets.Migrate.Models.Api202001.IHyperVDisk[]","HICP7042","Microsoft.Azure.PowerShell.Cmdlets.Migrate.Models.Api202001.IHealthErrorDetails[]","BIOS","1",,,,,"Yes","HICP1311",,"/subscriptions/bc602065-8f71-487b-9fa1-e872b4ce9a79/resourceGroups/rg-dcstratmig-prd-003/providers/Microsoft.OffAzure/HyperVSites/HYPV-AZ-MIGVA24225site/machines/321d3c7f-519f-4d91-97b3-212550249731","321d3c7f-519f-4d91-97b3-212550249731","False","False","True","Cluster","65536","321d3c7f-519f-4d91-97b3-212550249731","Microsoft.Azure.PowerShell.Cmdlets.Migrate.Models.Api202001.IHyperVNetworkAdapter[]","-1","4",,"otherguestfamily",,"Running","Microsoft.OffAzure/HyperVSites/machines","2025-02-13T03:22:20.6386259Z","C:\ClusterStorage\Volume14\HICP7042\Virtual Machines\321D3C7F-519F-4D91-97B3-212550249731.VMCX","","9.0"
"34816",,,,,,,,,,"C6180D66-1C16-4ADA-A9F1-A0CE17EF3D7D","1414-6384-4166-6642-2355-0762-67","HICP1326_CLU.olcc.lan","/subscriptions/bc602065-8f71-487b-9fa1-e872b4ce9a79/resourceGroups/rg-dcstratmig-prd-003/providers/Microsoft.OffAzure/HyperVSites/HYPV-AZ-MIGVA24225site/clusters/hicp1326-clu-olcc-lan-dfe304fe-4c9c-4a21-8ab7-565af1ada800","2025-02-11T20:31:17.8711491Z","Microsoft.Azure.PowerShell.Cmdlets.Migrate.Models.Api202001.IHyperVDisk[]","HICU3816","Microsoft.Azure.PowerShell.Cmdlets.Migrate.Models.Api202001.IHealthErrorDetails[]","UEFI","2","2/13/2025 3:21:24 AM","Red Hat Enterprise Linux","Linux","8.4","Yes","HICP1326D",,"/subscriptions/bc602065-8f71-487b-9fa1-e872b4ce9a79/resourceGroups/rg-dcstratmig-prd-003/providers/Microsoft.OffAzure/HyperVSites/HYPV-AZ-MIGVA24225site/machines/c6ed9165-401a-48eb-895a-3d34a35134a4","c6ed9165-401a-48eb-895a-3d34a35134a4","False","False","False","Cluster","1048576","c6ed9165-401a-48eb-895a-3d34a35134a4","Microsoft.Azure.PowerShell.Cmdlets.Migrate.Models.Api202001.IHyperVNetworkAdapter[]","76","3","Red Hat Enterprise Linux","linuxguest","4.18.0","Running","Microsoft.OffAzure/HyperVSites/machines","2025-02-13T03:21:24.9668355Z","C:\ClusterStorage\Volume1\HICU3816\Virtual Machines\C6ED9165-401A-48EB-895A-3D34A35134A4.VMCX","hicu3816.olcc.lan","9.0"
"4096",,,,,,,,,,"A764C1B9-BE10-4791-A93A-96AA222A9FA5","1866-3574-7882-6539-8356-9471-17","HICP1310_Clu.olcc.lan","/subscriptions/bc602065-8f71-487b-9fa1-e872b4ce9a79/resourceGroups/rg-dcstratmig-prd-003/providers/Microsoft.OffAzure/HyperVSites/HYPV-AZ-MIGVA24225site/clusters/hicp1310-clu-olcc-lan-4fb0bd14-3fa8-4561-ad74-93b04087d47c","2025-02-11T20:31:18.1211806Z","Microsoft.Azure.PowerShell.Cmdlets.Migrate.Models.Api202001.IHyperVDisk[]","HICP2267C","Microsoft.Azure.PowerShell.Cmdlets.Migrate.Models.Api202001.IHealthErrorDetails[]","UEFI","2","2/13/2025 3:20:33 AM","Microsoft Windows Server 2022 Standard","Windows","10.0.20348","Yes","HICP1318",,"/subscriptions/bc602065-8f71-487b-9fa1-e872b4ce9a79/resourceGroups/rg-dcstratmig-prd-003/providers/Microsoft.OffAzure/HyperVSites/HYPV-AZ-MIGVA24225site/machines/9a664556-1948-4c37-b6a3-39a78f28d056","9a664556-1948-4c37-b6a3-39a78f28d056","False","False","False","Cluster","1048576","9a664556-1948-4c37-b6a3-39a78f28d056","Microsoft.Azure.PowerShell.Cmdlets.Migrate.Models.Api202001.IHyperVNetworkAdapter[]","10","2","Windows Server 2022 Standard","windowsguest","10.0.20348","Running","Microsoft.OffAzure/HyperVSites/machines","2025-02-13T15:06:11.9813164Z","C:\ClusterStorage\Volume6_ELASTIC\HICP2267C\Virtual Machines\9A664556-1948-4C37-B6A3-39A78F28D056.VMCX","HICP2267C.olcc.lan","9.0"
"2048",,,,,,,,,,"23F47E50-96FC-4C37-8AB6-952E8CEAF059","3239-2575-9941-4108-6867-5371-88","HICP1310_Clu.olcc.lan","/subscriptions/bc602065-8f71-487b-9fa1-e872b4ce9a79/resourceGroups/rg-dcstratmig-prd-003/providers/Microsoft.OffAzure/HyperVSites/HYPV-AZ-MIGVA24225site/clusters/hicp1310-clu-olcc-lan-4fb0bd14-3fa8-4561-ad74-93b04087d47c","2025-02-11T20:31:18.3711160Z","Microsoft.Azure.PowerShell.Cmdlets.Migrate.Models.Api202001.IHyperVDisk[]","OLSVNPRD","Microsoft.Azure.PowerShell.Cmdlets.Migrate.Models.Api202001.IHealthErrorDetails[]","BIOS","1",,,,,"Yes","HICP1312",,"/subscriptions/bc602065-8f71-487b-9fa1-e872b4ce9a79/resourceGroups/rg-dcstratmig-prd-003/providers/Microsoft.OffAzure/HyperVSites/HYPV-AZ-MIGVA24225site/machines/460c4ec5-d40b-454a-b5f7-e4dcc3b5734b","460c4ec5-d40b-454a-b5f7-e4dcc3b5734b","False","False","True","Cluster","65536","460c4ec5-d40b-454a-b5f7-e4dcc3b5734b","Microsoft.Azure.PowerShell.Cmdlets.Migrate.Models.Api202001.IHyperVNetworkAdapter[]","-1","1",,"otherguestfamily",,"Running","Microsoft.OffAzure/HyperVSites/machines","2025-02-13T03:21:37.2578322Z","C:\ClusterStorage\Volume12\OLSVNPRD\Virtual Machines\460C4EC5-D40B-454A-B5F7-E4DCC3B5734B.VMCX","","9.0"
"4096",,,,,,,,,,"D2F51B38-0A98-48DA-8512-98BAF7F08228","2440-0337-7454-8248-4369-1166-25","HICP1310_Clu.olcc.lan","/subscriptions/bc602065-8f71-487b-9fa1-e872b4ce9a79/resourceGroups/rg-dcstratmig-prd-003/providers/Microsoft.OffAzure/HyperVSites/HYPV-AZ-MIGVA24225site/clusters/hicp1310-clu-olcc-lan-4fb0bd14-3fa8-4561-ad74-93b04087d47c","2025-02-11T20:31:18.6211501Z","Microsoft.Azure.PowerShell.Cmdlets.Migrate.Models.Api202001.IHyperVDisk[]","HICP7020","Microsoft.Azure.PowerShell.Cmdlets.Migrate.Models.Api202001.IHealthErrorDetails[]","BIOS","1",,,,,"Yes","HICP1314",,"/subscriptions/bc602065-8f71-487b-9fa1-e872b4ce9a79/resourceGroups/rg-dcstratmig-prd-003/providers/Microsoft.OffAzure/HyperVSites/HYPV-AZ-MIGVA24225site/machines/ff598764-8db9-4617-946e-633d85db5724","ff598764-8db9-4617-946e-633d85db5724","False","False","True","Cluster","65536","ff598764-8db9-4617-946e-633d85db5724","Microsoft.Azure.PowerShell.Cmdlets.Migrate.Models.Api202001.IHyperVNetworkAdapter[]","-1","2",,"otherguestfamily",,"Running","Microsoft.OffAzure/HyperVSites/machines","2025-02-13T03:22:15.8260651Z","C:\ClusterStorage\Volume14\HICP7020\Virtual Machines\FF598764-8DB9-4617-946E-633D85DB5724.VMCX","","9.0"
"8192",,,,,,,,,,"A931FC69-6D00-4151-82E7-8399CA50F828","3982-7172-1888-7471-2680-9368-36","HICP1310_Clu.olcc.lan","/subscriptions/bc602065-8f71-487b-9fa1-e872b4ce9a79/resourceGroups/rg-dcstratmig-prd-003/providers/Microsoft.OffAzure/HyperVSites/HYPV-AZ-MIGVA24225site/clusters/hicp1310-clu-olcc-lan-4fb0bd14-3fa8-4561-ad74-93b04087d47c","2025-02-11T20:31:18.8711575Z","Microsoft.Azure.PowerShell.Cmdlets.Migrate.Models.Api202001.IHyperVDisk[]","HICP2556B","Microsoft.Azure.PowerShell.Cmdlets.Migrate.Models.Api202001.IHealthErrorDetails[]","UEFI","2","2/13/2025 3:21:26 AM","Microsoft Windows Server 2022 Standard","Windows","10.0.20348","Yes","HICP1313",,"/subscriptions/bc602065-8f71-487b-9fa1-e872b4ce9a79/resourceGroups/rg-dcstratmig-prd-003/providers/Microsoft.OffAzure/HyperVSites/HYPV-AZ-MIGVA24225site/machines/3c26dde3-3837-4dca-ba2b-86ff6a9ba24a","3c26dde3-3837-4dca-ba2b-86ff6a9ba24a","False","False","False","Cluster","1048576","3c26dde3-3837-4dca-ba2b-86ff6a9ba24a","Microsoft.Azure.PowerShell.Cmdlets.Migrate.Models.Api202001.IHyperVNetworkAdapter[]","15","4","Windows Server 2022 Standard","windowsguest","10.0.20348","Running","Microsoft.OffAzure/HyperVSites/machines","2025-02-13T15:06:12.0906943Z","C:\ClusterStorage\Volume3\HICP2556B\Virtual Machines\3C26DDE3-3837-4DCA-BA2B-86FF6A9BA24A.VMCX","HICP2556B.olcc.lan","9.0"
"4096",,,,,,,,,,"9C3219C1-8FC3-4144-8CE9-55506FECD7E3","2789-4323-1943-4082-5369-5243-15","HICP1326_CLU.olcc.lan","/subscriptions/bc602065-8f71-487b-9fa1-e872b4ce9a79/resourceGroups/rg-dcstratmig-prd-003/providers/Microsoft.OffAzure/HyperVSites/HYPV-AZ-MIGVA24225site/clusters/hicp1326-clu-olcc-lan-dfe304fe-4c9c-4a21-8ab7-565af1ada800","2025-02-11T20:31:19.1211558Z","Microsoft.Azure.PowerShell.Cmdlets.Migrate.Models.Api202001.IHyperVDisk[]","HICU8514A","Microsoft.Azure.PowerShell.Cmdlets.Migrate.Models.Api202001.IHealthErrorDetails[]","UEFI","2","2/13/2025 3:20:25 AM","Microsoft Windows Server 2019 Standard","Windows","10.0.17763","Yes","HICP1326B",,"/subscriptions/bc602065-8f71-487b-9fa1-e872b4ce9a79/resourceGroups/rg-dcstratmig-prd-003/providers/Microsoft.OffAzure/HyperVSites/HYPV-AZ-MIGVA24225site/machines/3f9a106f-f94e-46bd-99b1-d2b21573c3bc","3f9a106f-f94e-46bd-99b1-d2b21573c3bc","False","False","False","Cluster","1048576","3f9a106f-f94e-46bd-99b1-d2b21573c3bc","Microsoft.Azure.PowerShell.Cmdlets.Migrate.Models.Api202001.IHyperVNetworkAdapter[]","118","2","Windows Server 2019 Standard","windowsguest","10.0.17763","Running","Microsoft.OffAzure/HyperVSites/machines","2025-02-13T15:06:12.2937803Z","C:\ClusterStorage\Volume1\HICU8514A\Virtual Machines\3F9A106F-F94E-46BD-99B1-D2B21573C3BC.VMCX","HICU8514A.olcc.lan","9.0"
"16384",,,,,,,,,,"33532E40-1D39-4929-BB20-417958B0BE99","3638-6712-5605-6004-8694-6008-47","HICP1310_Clu.olcc.lan","/subscriptions/bc602065-8f71-487b-9fa1-e872b4ce9a79/resourceGroups/rg-dcstratmig-prd-003/providers/Microsoft.OffAzure/HyperVSites/HYPV-AZ-MIGVA24225site/clusters/hicp1310-clu-olcc-lan-4fb0bd14-3fa8-4561-ad74-93b04087d47c","2025-02-11T20:31:19.3711578Z","Microsoft.Azure.PowerShell.Cmdlets.Migrate.Models.Api202001.IHyperVDisk[]","HICP7013","Microsoft.Azure.PowerShell.Cmdlets.Migrate.Models.Api202001.IHealthErrorDetails[]","UEFI","2","2/13/2025 3:19:48 AM","Microsoft Windows Server 2019 Standard","Windows","10.0.17763","Yes","HICP1312",,"/subscriptions/bc602065-8f71-487b-9fa1-e872b4ce9a79/resourceGroups/rg-dcstratmig-prd-003/providers/Microsoft.OffAzure/HyperVSites/HYPV-AZ-MIGVA24225site/machines/e5ae8c33-dee4-45e5-9231-a55920bb96ef","e5ae8c33-dee4-45e5-9231-a55920bb96ef","False","False","False","Cluster","1048576","e5ae8c33-dee4-45e5-9231-a55920bb96ef","Microsoft.Azure.PowerShell.Cmdlets.Migrate.Models.Api202001.IHyperVNetworkAdapter[]","62","4","Windows Server 2019 Standard","windowsguest","10.0.17763","Running","Microsoft.OffAzure/HyperVSites/machines","2025-02-13T03:19:48.0616755Z","C:\ClusterStorage\Volume12\HICP7013\Virtual Machines\E5AE8C33-DEE4-45E5-9231-A55920BB96EF.VMCX","HICP7013.olcc.lan","9.0"
"4096",,,,,,,,,,"27F95810-BB8E-4D90-8754-A5E8C71BE1E3","8685-5169-0888-2560-0874-9492-35","HICP1310_Clu.olcc.lan","/subscriptions/bc602065-8f71-487b-9fa1-e872b4ce9a79/resourceGroups/rg-dcstratmig-prd-003/providers/Microsoft.OffAzure/HyperVSites/HYPV-AZ-MIGVA24225site/clusters/hicp1310-clu-olcc-lan-4fb0bd14-3fa8-4561-ad74-93b04087d47c","2025-02-11T20:31:19.6211716Z","Microsoft.Azure.PowerShell.Cmdlets.Migrate.Models.Api202001.IHyperVDisk[]","HICT6500A","Microsoft.Azure.PowerShell.Cmdlets.Migrate.Models.Api202001.IHealthErrorDetails[]","UEFI","2","2/13/2025 3:20:18 AM","Microsoft Windows Server 2019 Standard","Windows","10.0.17763","Yes","HICP1319",,"/subscriptions/bc602065-8f71-487b-9fa1-e872b4ce9a79/resourceGroups/rg-dcstratmig-prd-003/providers/Microsoft.OffAzure/HyperVSites/HYPV-AZ-MIGVA24225site/machines/b1c66f39-8dc8-4876-805e-ab524b362130","b1c66f39-8dc8-4876-805e-ab524b362130","False","False","False","Cluster","1048576","b1c66f39-8dc8-4876-805e-ab524b362130","Microsoft.Azure.PowerShell.Cmdlets.Migrate.Models.Api202001.IHyperVNetworkAdapter[]","190","2","Windows Server 2019 Standard","windowsguest","10.0.17763","Running","Microsoft.OffAzure/HyperVSites/machines","2025-02-13T15:06:12.3719479Z","C:\ClusterStorage\Volume2\HICPSQL2019A\Virtual Machines\B1C66F39-8DC8-4876-805E-AB524B362130.VMCX","HICT6500A.olcc.lan","9.0"
"4096",,,,,,,,,,"B3513202-F375-4690-BE14-9A4DCDA9B92E","3180-9033-7624-4761-2535-7437-37","HICP1310_Clu.olcc.lan","/subscriptions/bc602065-8f71-487b-9fa1-e872b4ce9a79/resourceGroups/rg-dcstratmig-prd-003/providers/Microsoft.OffAzure/HyperVSites/HYPV-AZ-MIGVA24225site/clusters/hicp1310-clu-olcc-lan-4fb0bd14-3fa8-4561-ad74-93b04087d47c","2025-02-11T20:31:19.8712001Z","Microsoft.Azure.PowerShell.Cmdlets.Migrate.Models.Api202001.IHyperVDisk[]","HICP5514","Microsoft.Azure.PowerShell.Cmdlets.Migrate.Models.Api202001.IHealthErrorDetails[]","UEFI","2","2/13/2025 3:20:32 AM","Microsoft Windows Server 2022 Standard","Windows","10.0.20348","Yes","HICP1316",,"/subscriptions/bc602065-8f71-487b-9fa1-e872b4ce9a79/resourceGroups/rg-dcstratmig-prd-003/providers/Microsoft.OffAzure/HyperVSites/HYPV-AZ-MIGVA24225site/machines/4b162b2b-41c6-472b-9b52-a1327a1f56a2","4b162b2b-41c6-472b-9b52-a1327a1f56a2","False","False","False","Cluster","1048576","4b162b2b-41c6-472b-9b52-a1327a1f56a2","Microsoft.Azure.PowerShell.Cmdlets.Migrate.Models.Api202001.IHyperVNetworkAdapter[]","22","2","Windows Server 2022 Standard","windowsguest","10.0.20348","Running","Microsoft.OffAzure/HyperVSites/machines","2025-02-13T03:22:09.5904565Z","C:\ClusterStorage\Volume12\HICP5514\Virtual Machines\4B162B2B-41C6-472B-9B52-A1327A1F56A2.VMCX","HICP5514.olcc.lan","9.0"
"4096",,,,,,,,,,"02982018-076A-4985-A102-74B573EE4E8E","7422-1747-4413-5991-1459-7536-41","HICP1326_CLU.olcc.lan","/subscriptions/bc602065-8f71-487b-9fa1-e872b4ce9a79/resourceGroups/rg-dcstratmig-prd-003/providers/Microsoft.OffAzure/HyperVSites/HYPV-AZ-MIGVA24225site/clusters/hicp1326-clu-olcc-lan-dfe304fe-4c9c-4a21-8ab7-565af1ada800","2025-02-11T20:31:20.1211724Z","Microsoft.Azure.PowerShell.Cmdlets.Migrate.Models.Api202001.IHyperVDisk[]","HICU8511B","Microsoft.Azure.PowerShell.Cmdlets.Migrate.Models.Api202001.IHealthErrorDetails[]","UEFI","2","2/13/2025 3:19:53 AM","Microsoft Windows Server 2019 Standard","Windows","10.0.17763","Yes","HICP1326C",,"/subscriptions/bc602065-8f71-487b-9fa1-e872b4ce9a79/resourceGroups/rg-dcstratmig-prd-003/providers/Microsoft.OffAzure/HyperVSites/HYPV-AZ-MIGVA24225site/machines/4ee87755-1a46-4b11-83d2-bee70e2dfa99","4ee87755-1a46-4b11-83d2-bee70e2dfa99","False","False","False","Cluster","1048576","4ee87755-1a46-4b11-83d2-bee70e2dfa99","Microsoft.Azure.PowerShell.Cmdlets.Migrate.Models.Api202001.IHyperVNetworkAdapter[]","107","2","Windows Server 2019 Standard","windowsguest","10.0.17763","Running","Microsoft.OffAzure/HyperVSites/machines","2025-02-13T15:06:12.4969874Z","C:\ClusterStorage\Volume1\HICU8511B\Virtual Machines\4EE87755-1A46-4B11-83D2-BEE70E2DFA99.VMCX","HICU8511B.olcc.lan","9.0"
"8192",,,,,,,,,,"D506887C-D450-45A4-A8B5-FDA55FF3B00D","5028-6188-4707-2843-7326-5804-13","HICP1300_CLU.olcc.lan","/subscriptions/bc602065-8f71-487b-9fa1-e872b4ce9a79/resourceGroups/rg-dcstratmig-prd-003/providers/Microsoft.OffAzure/HyperVSites/HYPV-AZ-MIGVA24225site/clusters/hicp1300-clu-olcc-lan-716a4cd7-b6bf-44a4-8728-f1576ad575ee","2025-02-11T20:31:20.3711302Z","Microsoft.Azure.PowerShell.Cmdlets.Migrate.Models.Api202001.IHyperVDisk[]","HICP0112C","Microsoft.Azure.PowerShell.Cmdlets.Migrate.Models.Api202001.IHealthErrorDetails[]","UEFI","2","2/13/2025 3:20:26 AM","Microsoft Windows Server 2022 Standard","Windows","10.0.20348","Yes","HICP1300C",,"/subscriptions/bc602065-8f71-487b-9fa1-e872b4ce9a79/resourceGroups/rg-dcstratmig-prd-003/providers/Microsoft.OffAzure/HyperVSites/HYPV-AZ-MIGVA24225site/machines/2078b04c-b60a-4059-b0ac-126b26ad85d3","2078b04c-b60a-4059-b0ac-126b26ad85d3","False","False","False","Cluster","1048576","2078b04c-b60a-4059-b0ac-126b26ad85d3","Microsoft.Azure.PowerShell.Cmdlets.Migrate.Models.Api202001.IHyperVNetworkAdapter[]","22","4","Windows Server 2022 Standard","windowsguest","10.0.20348","Running","Microsoft.OffAzure/HyperVSites/machines","2025-02-13T15:06:12.6219630Z","C:\ClusterStorage\Volume12\HICP0112C\Virtual Machines\2078B04C-B60A-4059-B0AC-126B26AD85D3.VMCX","HICP0112C.olcc.lan","9.0"
"8192",,,,,,,,,,"04084670-3241-4AB2-89B6-6B4450701D1B","8051-8759-6895-6254-9365-5473-94","HICP1310_Clu.olcc.lan","/subscriptions/bc602065-8f71-487b-9fa1-e872b4ce9a79/resourceGroups/rg-dcstratmig-prd-003/providers/Microsoft.OffAzure/HyperVSites/HYPV-AZ-MIGVA24225site/clusters/hicp1310-clu-olcc-lan-4fb0bd14-3fa8-4561-ad74-93b04087d47c","2025-02-11T20:31:20.6211708Z","Microsoft.Azure.PowerShell.Cmdlets.Migrate.Models.Api202001.IHyperVDisk[]","HICP8550","Microsoft.Azure.PowerShell.Cmdlets.Migrate.Models.Api202001.IHealthErrorDetails[]","UEFI","2","2/13/2025 3:21:10 AM","Microsoft Windows Server 2019 Standard","Windows","10.0.17763","Yes","HICP1313",,"/subscriptions/bc602065-8f71-487b-9fa1-e872b4ce9a79/resourceGroups/rg-dcstratmig-prd-003/providers/Microsoft.OffAzure/HyperVSites/HYPV-AZ-MIGVA24225site/machines/d3b0c08b-61da-4840-a432-b94d85dbe413","d3b0c08b-61da-4840-a432-b94d85dbe413","False","False","False","Cluster","1048576","d3b0c08b-61da-4840-a432-b94d85dbe413","Microsoft.Azure.PowerShell.Cmdlets.Migrate.Models.Api202001.IHyperVNetworkAdapter[]","21","2","Windows Server 2019 Standard","windowsguest","10.0.17763","Running","Microsoft.OffAzure/HyperVSites/machines","2025-02-13T15:06:12.7625654Z","C:\ClusterStorage\Volume14\HICP8550\Virtual Machines\D3B0C08B-61DA-4840-A432-B94D85DBE413.VMCX","HICP8550.olcc.lan","9.0"
"8192",,,,,,,,,,"428D91B0-D8F0-41B1-B6A7-1A44EDF92C98","5963-0567-5208-0566-4331-9900-55","HICP1310_Clu.olcc.lan","/subscriptions/bc602065-8f71-487b-9fa1-e872b4ce9a79/resourceGroups/rg-dcstratmig-prd-003/providers/Microsoft.OffAzure/HyperVSites/HYPV-AZ-MIGVA24225site/clusters/hicp1310-clu-olcc-lan-4fb0bd14-3fa8-4561-ad74-93b04087d47c","2025-02-11T20:31:20.8722104Z","Microsoft.Azure.PowerShell.Cmdlets.Migrate.Models.Api202001.IHyperVDisk[]","DC01-EntSubCA","Microsoft.Azure.PowerShell.Cmdlets.Migrate.Models.Api202001.IHealthErrorDetails[]","BIOS","1","2/13/2025 3:19:25 AM","Microsoft Windows Server 2012 R2 Standard","Windows","6.3.9600","Yes","HICP1314",,"/subscriptions/bc602065-8f71-487b-9fa1-e872b4ce9a79/resourceGroups/rg-dcstratmig-prd-003/providers/Microsoft.OffAzure/HyperVSites/HYPV-AZ-MIGVA24225site/machines/8f47e9fa-8b88-4be4-96d5-0cc48851a46e","8f47e9fa-8b88-4be4-96d5-0cc48851a46e","False","False","False","Cluster","65536","8f47e9fa-8b88-4be4-96d5-0cc48851a46e","Microsoft.Azure.PowerShell.Cmdlets.Migrate.Models.Api202001.IHyperVNetworkAdapter[]","41","4","Windows Server 2012 R2 Standard","windowsguest","6.3.9600","Running","Microsoft.OffAzure/HyperVSites/machines","2025-02-13T15:06:12.8719414Z","C:\ClusterStorage\Volume13\DC01-EntSubCA\Virtual Machines\8F47E9FA-8B88-4BE4-96D5-0CC48851A46E.VMCX","DC01-EntSubCA.olcc.lan","9.0"
"24576",,,,,,,,,,"393F37A0-D0BF-4E78-992E-5C768C466D83","8802-8527-6929-5853-2777-2331-19","HICP1310_Clu.olcc.lan","/subscriptions/bc602065-8f71-487b-9fa1-e872b4ce9a79/resourceGroups/rg-dcstratmig-prd-003/providers/Microsoft.OffAzure/HyperVSites/HYPV-AZ-MIGVA24225site/clusters/hicp1310-clu-olcc-lan-4fb0bd14-3fa8-4561-ad74-93b04087d47c","2025-02-11T20:31:21.1223898Z","Microsoft.Azure.PowerShell.Cmdlets.Migrate.Models.Api202001.IHyperVDisk[]","HICP3820","Microsoft.Azure.PowerShell.Cmdlets.Migrate.Models.Api202001.IHealthErrorDetails[]","UEFI","2","2/13/2025 3:19:27 AM","Red Hat Enterprise Linux","Linux","8.2","Yes","HICP1310",,"/subscriptions/bc602065-8f71-487b-9fa1-e872b4ce9a79/resourceGroups/rg-dcstratmig-prd-003/providers/Microsoft.OffAzure/HyperVSites/HYPV-AZ-MIGVA24225site/machines/ecc65a0f-0195-4394-b0f4-f9659b6d15c0","ecc65a0f-0195-4394-b0f4-f9659b6d15c0","False","False","False","Cluster","1048576","ecc65a0f-0195-4394-b0f4-f9659b6d15c0","Microsoft.Azure.PowerShell.Cmdlets.Migrate.Models.Api202001.IHyperVNetworkAdapter[]","62","6","Red Hat Enterprise Linux","linuxguest","4.18.0","Running","Microsoft.OffAzure/HyperVSites/machines","2025-02-13T03:19:27.9362593Z","C:\ClusterStorage\Volume2\HICP3820\Virtual Machines\ECC65A0F-0195-4394-B0F4-F9659B6D15C0.VMCX","HICP3820.olcc.lan","9.0"
"8192",,,,,,,,,,"19B48965-4ADF-49B5-B387-864695AE637A","5188-8673-5474-0297-4204-5134-64","HICP1300_CLU.olcc.lan","/subscriptions/bc602065-8f71-487b-9fa1-e872b4ce9a79/resourceGroups/rg-dcstratmig-prd-003/providers/Microsoft.OffAzure/HyperVSites/HYPV-AZ-MIGVA24225site/clusters/hicp1300-clu-olcc-lan-716a4cd7-b6bf-44a4-8728-f1576ad575ee","2025-02-11T20:31:21.3724020Z","Microsoft.Azure.PowerShell.Cmdlets.Migrate.Models.Api202001.IHyperVDisk[]","HICP2433","Microsoft.Azure.PowerShell.Cmdlets.Migrate.Models.Api202001.IHealthErrorDetails[]","BIOS","1",,,,,"Yes","HICP1300C",,"/subscriptions/bc602065-8f71-487b-9fa1-e872b4ce9a79/resourceGroups/rg-dcstratmig-prd-003/providers/Microsoft.OffAzure/HyperVSites/HYPV-AZ-MIGVA24225site/machines/93272dd2-094a-45ec-9046-69036b571883","93272dd2-094a-45ec-9046-69036b571883","False","False","True","Cluster","1048576","93272dd2-094a-45ec-9046-69036b571883","Microsoft.Azure.PowerShell.Cmdlets.Migrate.Models.Api202001.IHyperVNetworkAdapter[]","-1","4",,"otherguestfamily",,"Running","Microsoft.OffAzure/HyperVSites/machines","2025-02-13T03:22:03.3307822Z","C:\ClusterStorage\Volume11\HICP2433 (Qualys Scanner - JYP_SCANNER)\Virtual Machines\93272DD2-094A-45EC-9046-69036B571883.VMCX","","9.0"
"8192",,,,,,,,,,"18CE517E-389A-49A3-B8C5-867953BD451F","8502-3234-7093-9503-3567-1240-18","HICP1310_Clu.olcc.lan","/subscriptions/bc602065-8f71-487b-9fa1-e872b4ce9a79/resourceGroups/rg-dcstratmig-prd-003/providers/Microsoft.OffAzure/HyperVSites/HYPV-AZ-MIGVA24225site/clusters/hicp1310-clu-olcc-lan-4fb0bd14-3fa8-4561-ad74-93b04087d47c","2025-02-11T20:31:21.6223936Z","Microsoft.Azure.PowerShell.Cmdlets.Migrate.Models.Api202001.IHyperVDisk[]","HICP2556A","Microsoft.Azure.PowerShell.Cmdlets.Migrate.Models.Api202001.IHealthErrorDetails[]","UEFI","2",,,,,"Yes","HICP1314",,"/subscriptions/bc602065-8f71-487b-9fa1-e872b4ce9a79/resourceGroups/rg-dcstratmig-prd-003/providers/Microsoft.OffAzure/HyperVSites/HYPV-AZ-MIGVA24225site/machines/7251d9ba-5777-4b77-9428-888a5029af67","7251d9ba-5777-4b77-9428-888a5029af67","False","False","True","Cluster","1048576","7251d9ba-5777-4b77-9428-888a5029af67","Microsoft.Azure.PowerShell.Cmdlets.Migrate.Models.Api202001.IHyperVNetworkAdapter[]","-1","4","Windows Server 2022 Standard","windowsguest","10.0.20348","Running","Microsoft.OffAzure/HyperVSites/machines","2025-02-13T03:21:44.0235834Z","C:\ClusterStorage\Volume12\HICP2556A\Virtual Machines\7251D9BA-5777-4B77-9428-888A5029AF67.VMCX","HICP2556A.olcc.lan","9.0"
"12288",,,,,,,,,,"182B3ACC-0F12-4DE3-A1BD-B84302AABA12","7678-0992-7686-4865-8210-7551-16","HICP1310_Clu.olcc.lan","/subscriptions/bc602065-8f71-487b-9fa1-e872b4ce9a79/resourceGroups/rg-dcstratmig-prd-003/providers/Microsoft.OffAzure/HyperVSites/HYPV-AZ-MIGVA24225site/clusters/hicp1310-clu-olcc-lan-4fb0bd14-3fa8-4561-ad74-93b04087d47c","2025-02-11T20:31:21.8724111Z","Microsoft.Azure.PowerShell.Cmdlets.Migrate.Models.Api202001.IHyperVDisk[]","OpsTestServer","Microsoft.Azure.PowerShell.Cmdlets.Migrate.Models.Api202001.IHealthErrorDetails[]","UEFI","2","2/13/2025 3:19:30 AM","Microsoft Windows Server 2019 Standard","Windows","10.0.17763","Yes","HICP1314",,"/subscriptions/bc602065-8f71-487b-9fa1-e872b4ce9a79/resourceGroups/rg-dcstratmig-prd-003/providers/Microsoft.OffAzure/HyperVSites/HYPV-AZ-MIGVA24225site/machines/54983704-a8cd-485e-8fc1-fadcd06de48f","54983704-a8cd-485e-8fc1-fadcd06de48f","False","False","False","Cluster","1048576","54983704-a8cd-485e-8fc1-fadcd06de48f","Microsoft.Azure.PowerShell.Cmdlets.Migrate.Models.Api202001.IHyperVNetworkAdapter[]","28","6","Windows Server 2019 Standard","windowsguest","10.0.17763","Running","Microsoft.OffAzure/HyperVSites/machines","2025-02-13T15:02:16.0187800Z","C:\ClusterStorage\Volume2\OpsTestServer-1\Virtual Machines\54983704-A8CD-485E-8FC1-FADCD06DE48F.VMCX","OpsTestServer.olcc.lan","9.0"
"4096",,,,,,,,,,"7C81FB12-C19C-4FB4-80A1-3117D94592F1","5307-2439-8404-7805-3121-4134-51","HICP1326_CLU.olcc.lan","/subscriptions/bc602065-8f71-487b-9fa1-e872b4ce9a79/resourceGroups/rg-dcstratmig-prd-003/providers/Microsoft.OffAzure/HyperVSites/HYPV-AZ-MIGVA24225site/clusters/hicp1326-clu-olcc-lan-dfe304fe-4c9c-4a21-8ab7-565af1ada800","2025-02-11T20:31:22.1223928Z","Microsoft.Azure.PowerShell.Cmdlets.Migrate.Models.Api202001.IHyperVDisk[]","HICU2805D","Microsoft.Azure.PowerShell.Cmdlets.Migrate.Models.Api202001.IHealthErrorDetails[]","UEFI","2","2/13/2025 3:19:38 AM","Microsoft Windows Server 2022 Standard","Windows","10.0.20348","Yes","HICP1326A",,"/subscriptions/bc602065-8f71-487b-9fa1-e872b4ce9a79/resourceGroups/rg-dcstratmig-prd-003/providers/Microsoft.OffAzure/HyperVSites/HYPV-AZ-MIGVA24225site/machines/7ad13678-0d31-4733-b0c9-01c0dbd6e5f6","7ad13678-0d31-4733-b0c9-01c0dbd6e5f6","False","False","False","Cluster","1048576","7ad13678-0d31-4733-b0c9-01c0dbd6e5f6","Microsoft.Azure.PowerShell.Cmdlets.Migrate.Models.Api202001.IHyperVNetworkAdapter[]","12","2","Windows Server 2022 Standard","windowsguest","10.0.20348","Running","Microsoft.OffAzure/HyperVSites/machines","2025-02-13T15:06:12.9969585Z","C:\ClusterStorage\Volume2\HICU2805D\Virtual Machines\7AD13678-0D31-4733-B0C9-01C0DBD6E5F6.VMCX","HICU2805D.olcc.lan","9.0"
"8192",,,,,,,,,,"393F37A0-D0BF-4E78-992E-5C768C466D83","8802-8527-6929-5853-2777-2331-19","HICP1310_Clu.olcc.lan","/subscriptions/bc602065-8f71-487b-9fa1-e872b4ce9a79/resourceGroups/rg-dcstratmig-prd-003/providers/Microsoft.OffAzure/HyperVSites/HYPV-AZ-MIGVA24225site/clusters/hicp1310-clu-olcc-lan-4fb0bd14-3fa8-4561-ad74-93b04087d47c","2025-02-11T20:31:22.3723935Z","Microsoft.Azure.PowerShell.Cmdlets.Migrate.Models.Api202001.IHyperVDisk[]","HICP3802","Microsoft.Azure.PowerShell.Cmdlets.Migrate.Models.Api202001.IHealthErrorDetails[]","UEFI","2","2/13/2025 3:20:14 AM","Red Hat Enterprise Linux","Linux","8.3","Yes","HICP1315",,"/subscriptions/bc602065-8f71-487b-9fa1-e872b4ce9a79/resourceGroups/rg-dcstratmig-prd-003/providers/Microsoft.OffAzure/HyperVSites/HYPV-AZ-MIGVA24225site/machines/131d6cd4-03b7-469f-8069-493f41b1dbed","131d6cd4-03b7-469f-8069-493f41b1dbed","False","False","False","Cluster","1048576","131d6cd4-03b7-469f-8069-493f41b1dbed","Microsoft.Azure.PowerShell.Cmdlets.Migrate.Models.Api202001.IHyperVNetworkAdapter[]","66","2","Red Hat Enterprise Linux","linuxguest","4.18.0","Running","Microsoft.OffAzure/HyperVSites/machines","2025-02-13T03:20:14.9451250Z","C:\ClusterStorage\Volume13\HICP3802\Virtual Machines\131D6CD4-03B7-469F-8069-493F41B1DBED.VMCX","HICP3802.olcc.lan","9.0"
"8128",,,,,,,,,,"DF47C454-6060-41A7-B4BD-7B4B4430A6D4","1028-4713-1018-1923-7227-9188-86","HICP1326_CLU.olcc.lan","/subscriptions/bc602065-8f71-487b-9fa1-e872b4ce9a79/resourceGroups/rg-dcstratmig-prd-003/providers/Microsoft.OffAzure/HyperVSites/HYPV-AZ-MIGVA24225site/clusters/hicp1326-clu-olcc-lan-dfe304fe-4c9c-4a21-8ab7-565af1ada800","2025-02-11T20:31:22.6223968Z","Microsoft.Azure.PowerShell.Cmdlets.Migrate.Models.Api202001.IHyperVDisk[]","HICU2901","Microsoft.Azure.PowerShell.Cmdlets.Migrate.Models.Api202001.IHealthErrorDetails[]","BIOS","1","2/13/2025 3:20:36 AM","Microsoft Windows Server 2019 Standard","Windows","10.0.17763","Yes","HICP1326A",,"/subscriptions/bc602065-8f71-487b-9fa1-e872b4ce9a79/resourceGroups/rg-dcstratmig-prd-003/providers/Microsoft.OffAzure/HyperVSites/HYPV-AZ-MIGVA24225site/machines/daba870d-f766-46bc-b346-3e8228ce7590","daba870d-f766-46bc-b346-3e8228ce7590","False","False","False","Cluster","65536","daba870d-f766-46bc-b346-3e8228ce7590","Microsoft.Azure.PowerShell.Cmdlets.Migrate.Models.Api202001.IHyperVNetworkAdapter[]","50","2","Windows Server 2019 Standard","windowsguest","10.0.17763","Running","Microsoft.OffAzure/HyperVSites/machines","2025-02-13T15:06:13.1375423Z","C:\ClusterStorage\Volume1\HICU2901\Virtual Machines\DABA870D-F766-46BC-B346-3E8228CE7590.VMCX","HICU2901.olcc.lan","9.0"
"8192",,,,,,,,,,"4CB9D916-1387-4199-99D9-D9956446A37A","3199-9836-0774-8396-8502-4910-64","HICP1310_Clu.olcc.lan","/subscriptions/bc602065-8f71-487b-9fa1-e872b4ce9a79/resourceGroups/rg-dcstratmig-prd-003/providers/Microsoft.OffAzure/HyperVSites/HYPV-AZ-MIGVA24225site/clusters/hicp1310-clu-olcc-lan-4fb0bd14-3fa8-4561-ad74-93b04087d47c","2025-02-11T20:31:22.8723998Z","Microsoft.Azure.PowerShell.Cmdlets.Migrate.Models.Api202001.IHyperVDisk[]","HICP2341A","Microsoft.Azure.PowerShell.Cmdlets.Migrate.Models.Api202001.IHealthErrorDetails[]","UEFI","2","2/13/2025 3:20:53 AM","Microsoft Windows Server 2022 Standard","Windows","10.0.20348","Yes","HICP1310C",,"/subscriptions/bc602065-8f71-487b-9fa1-e872b4ce9a79/resourceGroups/rg-dcstratmig-prd-003/providers/Microsoft.OffAzure/HyperVSites/HYPV-AZ-MIGVA24225site/machines/6dd70d60-edf6-49e6-a33a-18b579b3523d","6dd70d60-edf6-49e6-a33a-18b579b3523d","False","False","False","Cluster","1048576","6dd70d60-edf6-49e6-a33a-18b579b3523d","Microsoft.Azure.PowerShell.Cmdlets.Migrate.Models.Api202001.IHyperVNetworkAdapter[]","16","2","Windows Server 2022 Standard","windowsguest","10.0.20348","Running","Microsoft.OffAzure/HyperVSites/machines","2025-02-13T15:06:13.2469683Z","C:\ClusterStorage\Volume14\HICP2341A\Virtual Machines\6DD70D60-EDF6-49E6-A33A-18B579B3523D.VMCX","HICP2341A.olcc.lan","9.0"
"4096",,,,,,,,,,"41BE966F-9ED1-4A56-8BBD-F5B68B33DA84","7214-8024-4672-3457-6624-1324-23","HICP1310_Clu.olcc.lan","/subscriptions/bc602065-8f71-487b-9fa1-e872b4ce9a79/resourceGroups/rg-dcstratmig-prd-003/providers/Microsoft.OffAzure/HyperVSites/HYPV-AZ-MIGVA24225site/clusters/hicp1310-clu-olcc-lan-4fb0bd14-3fa8-4561-ad74-93b04087d47c","2025-02-11T20:31:23.1224050Z","Microsoft.Azure.PowerShell.Cmdlets.Migrate.Models.Api202001.IHyperVDisk[]","HICP2425","Microsoft.Azure.PowerShell.Cmdlets.Migrate.Models.Api202001.IHealthErrorDetails[]","UEFI","2","2/13/2025 3:21:09 AM","Microsoft Windows Server 2019 Standard","Windows","10.0.17763","Yes","HICP1319",,"/subscriptions/bc602065-8f71-487b-9fa1-e872b4ce9a79/resourceGroups/rg-dcstratmig-prd-003/providers/Microsoft.OffAzure/HyperVSites/HYPV-AZ-MIGVA24225site/machines/b6f0729b-fb88-47d3-a8a2-0ff1443c279e","b6f0729b-fb88-47d3-a8a2-0ff1443c279e","False","False","False","Cluster","1048576","b6f0729b-fb88-47d3-a8a2-0ff1443c279e","Microsoft.Azure.PowerShell.Cmdlets.Migrate.Models.Api202001.IHyperVNetworkAdapter[]","22","2","Windows Server 2019 Standard","windowsguest","10.0.17763","Running","Microsoft.OffAzure/HyperVSites/machines","2025-02-13T03:21:09.3415573Z","C:\ClusterStorage\Volume14\HICP2425\Virtual Machines\B6F0729B-FB88-47D3-A8A2-0FF1443C279E.VMCX","HICP2425.olcc.lan","9.0"
"16384",,,,,,,,,,"C3547C3A-DF1A-4975-9855-DF37D6D08EAE","5052-9024-7072-5934-2154-0796-47","HICP1310_Clu.olcc.lan","/subscriptions/bc602065-8f71-487b-9fa1-e872b4ce9a79/resourceGroups/rg-dcstratmig-prd-003/providers/Microsoft.OffAzure/HyperVSites/HYPV-AZ-MIGVA24225site/clusters/hicp1310-clu-olcc-lan-4fb0bd14-3fa8-4561-ad74-93b04087d47c","2025-02-11T20:31:23.3724185Z","Microsoft.Azure.PowerShell.Cmdlets.Migrate.Models.Api202001.IHyperVDisk[]","HICP7703","Microsoft.Azure.PowerShell.Cmdlets.Migrate.Models.Api202001.IHealthErrorDetails[]","BIOS","1","2/13/2025 3:20:57 AM","Microsoft Windows Server 2019 Standard","Windows","10.0.17763","Yes","HICP1310B",,"/subscriptions/bc602065-8f71-487b-9fa1-e872b4ce9a79/resourceGroups/rg-dcstratmig-prd-003/providers/Microsoft.OffAzure/HyperVSites/HYPV-AZ-MIGVA24225site/machines/2686f2b2-4291-43fc-b827-c10db33928c5","2686f2b2-4291-43fc-b827-c10db33928c5","False","False","False","Cluster","65536","2686f2b2-4291-43fc-b827-c10db33928c5","Microsoft.Azure.PowerShell.Cmdlets.Migrate.Models.Api202001.IHyperVNetworkAdapter[]","67","6","Windows Server 2019 Standard","windowsguest","10.0.17763","Running","Microsoft.OffAzure/HyperVSites/machines","2025-02-13T03:20:57.0913279Z","C:\ClusterStorage\Volume11\HICP7703\Virtual Machines\2686F2B2-4291-43FC-B827-C10DB33928C5.VMCX","HICP7703.olcc.lan","9.0"
"8192",,,,,,,,,,"1437BA5E-92B3-4134-8BAB-4B71148B72F0","7198-4600-3768-7173-0948-3530-33","HICP1310_Clu.olcc.lan","/subscriptions/bc602065-8f71-487b-9fa1-e872b4ce9a79/resourceGroups/rg-dcstratmig-prd-003/providers/Microsoft.OffAzure/HyperVSites/HYPV-AZ-MIGVA24225site/clusters/hicp1310-clu-olcc-lan-4fb0bd14-3fa8-4561-ad74-93b04087d47c","2025-02-11T20:31:23.6223831Z","Microsoft.Azure.PowerShell.Cmdlets.Migrate.Models.Api202001.IHyperVDisk[]","HICP2341B","Microsoft.Azure.PowerShell.Cmdlets.Migrate.Models.Api202001.IHealthErrorDetails[]","UEFI","2","2/13/2025 3:19:30 AM","Microsoft Windows Server 2022 Standard","Windows","10.0.20348","Yes","HICP1315",,"/subscriptions/bc602065-8f71-487b-9fa1-e872b4ce9a79/resourceGroups/rg-dcstratmig-prd-003/providers/Microsoft.OffAzure/HyperVSites/HYPV-AZ-MIGVA24225site/machines/cced9082-00ce-43d6-a9f7-2436b31c0661","cced9082-00ce-43d6-a9f7-2436b31c0661","False","False","False","Cluster","1048576","cced9082-00ce-43d6-a9f7-2436b31c0661","Microsoft.Azure.PowerShell.Cmdlets.Migrate.Models.Api202001.IHyperVNetworkAdapter[]","16","2","Windows Server 2022 Standard","windowsguest","10.0.20348","Running","Microsoft.OffAzure/HyperVSites/machines","2025-02-13T15:06:13.3719445Z","C:\ClusterStorage\Volume14\HICP2341B\Virtual Machines\CCED9082-00CE-43D6-A9F7-2436B31C0661.VMCX","HICP2341B.olcc.lan","9.0"
"6144",,,,,,,,,,"AA20F6AF-2BDC-4EB5-96EE-29F9BD39F195","6237-0659-7955-7233-6570-4272-13","HICP1300_CLU.olcc.lan","/subscriptions/bc602065-8f71-487b-9fa1-e872b4ce9a79/resourceGroups/rg-dcstratmig-prd-003/providers/Microsoft.OffAzure/HyperVSites/HYPV-AZ-MIGVA24225site/clusters/hicp1300-clu-olcc-lan-716a4cd7-b6bf-44a4-8728-f1576ad575ee","2025-02-11T20:31:23.8726057Z","Microsoft.Azure.PowerShell.Cmdlets.Migrate.Models.Api202001.IHyperVDisk[]","HICP0005","Microsoft.Azure.PowerShell.Cmdlets.Migrate.Models.Api202001.IHealthErrorDetails[]","UEFI","2",,,,,"Yes","HICP1300C",,"/subscriptions/bc602065-8f71-487b-9fa1-e872b4ce9a79/resourceGroups/rg-dcstratmig-prd-003/providers/Microsoft.OffAzure/HyperVSites/HYPV-AZ-MIGVA24225site/machines/599c0cd8-3911-47db-a923-c1c8eb9b7997","599c0cd8-3911-47db-a923-c1c8eb9b7997","False","False","True","Cluster","1048576","599c0cd8-3911-47db-a923-c1c8eb9b7997","Microsoft.Azure.PowerShell.Cmdlets.Migrate.Models.Api202001.IHyperVNetworkAdapter[]","-1","4","Windows Server 2022 Standard","windowsguest","10.0.20348","Running","Microsoft.OffAzure/HyperVSites/machines","2025-02-13T03:46:55.8289581Z","C:\ClusterStorage\Volume2\HICP0005\Virtual Machines\599C0CD8-3911-47DB-A923-C1C8EB9B7997.VMCX","HICP0005.olcc.lan","9.0"
"8192",,,,,,,,,,"ADFF952C-5CD4-4C50-8DA5-509801CDD0C2","3406-0566-9533-2164-8437-9607-96","HICP1310_Clu.olcc.lan","/subscriptions/bc602065-8f71-487b-9fa1-e872b4ce9a79/resourceGroups/rg-dcstratmig-prd-003/providers/Microsoft.OffAzure/HyperVSites/HYPV-AZ-MIGVA24225site/clusters/hicp1310-clu-olcc-lan-4fb0bd14-3fa8-4561-ad74-93b04087d47c","2025-02-11T20:31:24.1224308Z","Microsoft.Azure.PowerShell.Cmdlets.Migrate.Models.Api202001.IHyperVDisk[]","HICP2268A","Microsoft.Azure.PowerShell.Cmdlets.Migrate.Models.Api202001.IHealthErrorDetails[]","UEFI","2","2/13/2025 3:20:42 AM","Microsoft Windows Server 2022 Standard","Windows","10.0.20348","Yes","HICP1314",,"/subscriptions/bc602065-8f71-487b-9fa1-e872b4ce9a79/resourceGroups/rg-dcstratmig-prd-003/providers/Microsoft.OffAzure/HyperVSites/HYPV-AZ-MIGVA24225site/machines/f19426e5-c1c5-4ef1-94ce-dbc75ceb35ec","f19426e5-c1c5-4ef1-94ce-dbc75ceb35ec","False","False","False","Cluster","1048576","f19426e5-c1c5-4ef1-94ce-dbc75ceb35ec","Microsoft.Azure.PowerShell.Cmdlets.Migrate.Models.Api202001.IHyperVNetworkAdapter[]","13","8","Windows Server 2022 Standard","windowsguest","10.0.20348","Running","Microsoft.OffAzure/HyperVSites/machines","2025-02-13T15:06:13.5125757Z","C:\ClusterStorage\Volume6_ELASTIC\HICP2268A\Virtual Machines\F19426E5-C1C5-4EF1-94CE-DBC75CEB35EC.VMCX","HICP2268A.olcc.lan","9.0"
"16384",,,,,,,,,,"4A4B4AF2-57C1-4A67-9E21-55AE43CDB36A","9418-7736-6551-7219-1166-8359-62","HICP1310_Clu.olcc.lan","/subscriptions/bc602065-8f71-487b-9fa1-e872b4ce9a79/resourceGroups/rg-dcstratmig-prd-003/providers/Microsoft.OffAzure/HyperVSites/HYPV-AZ-MIGVA24225site/clusters/hicp1310-clu-olcc-lan-4fb0bd14-3fa8-4561-ad74-93b04087d47c","2025-02-11T20:31:24.3724226Z","Microsoft.Azure.PowerShell.Cmdlets.Migrate.Models.Api202001.IHyperVDisk[]","HICP2754","Microsoft.Azure.PowerShell.Cmdlets.Migrate.Models.Api202001.IHealthErrorDetails[]","UEFI","2","2/13/2025 3:20:59 AM","Microsoft Windows Server 2019 Standard","Windows","10.0.17763","Yes","HICP1318",,"/subscriptions/bc602065-8f71-487b-9fa1-e872b4ce9a79/resourceGroups/rg-dcstratmig-prd-003/providers/Microsoft.OffAzure/HyperVSites/HYPV-AZ-MIGVA24225site/machines/0e45fd66-f772-42df-b189-25806dba4cfd","0e45fd66-f772-42df-b189-25806dba4cfd","False","False","False","Cluster","1048576","0e45fd66-f772-42df-b189-25806dba4cfd","Microsoft.Azure.PowerShell.Cmdlets.Migrate.Models.Api202001.IHyperVNetworkAdapter[]","77","8","Windows Server 2019 Standard","windowsguest","10.0.17763","Running","Microsoft.OffAzure/HyperVSites/machines","2025-02-13T15:06:13.6375396Z","C:\ClusterStorage\Volume3\HICP2754\Virtual Machines\0E45FD66-F772-42DF-B189-25806DBA4CFD.VMCX","HICP2754.olcc.lan","9.0"
"16384",,,,,,,,,,"93E3AE89-277E-43A4-9728-EF71F4BD9D06","1442-5838-7963-7447-5809-5182-52","HICP1310_Clu.olcc.lan","/subscriptions/bc602065-8f71-487b-9fa1-e872b4ce9a79/resourceGroups/rg-dcstratmig-prd-003/providers/Microsoft.OffAzure/HyperVSites/HYPV-AZ-MIGVA24225site/clusters/hicp1310-clu-olcc-lan-4fb0bd14-3fa8-4561-ad74-93b04087d47c","2025-02-11T20:31:24.6224074Z","Microsoft.Azure.PowerShell.Cmdlets.Migrate.Models.Api202001.IHyperVDisk[]","DC01-DB11-SSRS","Microsoft.Azure.PowerShell.Cmdlets.Migrate.Models.Api202001.IHealthErrorDetails[]","BIOS","1","2/13/2025 3:20:47 AM","Microsoft Windows Server 2012 R2 Standard","Windows","6.3.9600","Yes","HICP1315",,"/subscriptions/bc602065-8f71-487b-9fa1-e872b4ce9a79/resourceGroups/rg-dcstratmig-prd-003/providers/Microsoft.OffAzure/HyperVSites/HYPV-AZ-MIGVA24225site/machines/2326fbfa-ee7c-4a47-a25b-5ef392204a22","2326fbfa-ee7c-4a47-a25b-5ef392204a22","False","False","False","Cluster","65536","2326fbfa-ee7c-4a47-a25b-5ef392204a22","Microsoft.Azure.PowerShell.Cmdlets.Migrate.Models.Api202001.IHyperVNetworkAdapter[]","81","2","Windows Server 2012 R2 Standard","windowsguest","6.3.9600","Running","Microsoft.OffAzure/HyperVSites/machines","2025-02-13T03:20:47.2161437Z","C:\ClusterStorage\Volume11\DC01-DB11-SSRS\Virtual Machines\2326FBFA-EE7C-4A47-A25B-5EF392204A22.VMCX","DC01-DB11-SSRS.olcc.lan","9.0"
"8192",,,,,,,,,,"16CC611F-BA6A-4D27-AA6D-B0A64247FFF2","3833-5506-7641-9397-6878-6532-99","HICP1310_Clu.olcc.lan","/subscriptions/bc602065-8f71-487b-9fa1-e872b4ce9a79/resourceGroups/rg-dcstratmig-prd-003/providers/Microsoft.OffAzure/HyperVSites/HYPV-AZ-MIGVA24225site/clusters/hicp1310-clu-olcc-lan-4fb0bd14-3fa8-4561-ad74-93b04087d47c","2025-02-11T20:31:24.8724209Z","Microsoft.Azure.PowerShell.Cmdlets.Migrate.Models.Api202001.IHyperVDisk[]","HICP2428","Microsoft.Azure.PowerShell.Cmdlets.Migrate.Models.Api202001.IHealthErrorDetails[]","BIOS","1",,,,,"Yes","HICP1315",,"/subscriptions/bc602065-8f71-487b-9fa1-e872b4ce9a79/resourceGroups/rg-dcstratmig-prd-003/providers/Microsoft.OffAzure/HyperVSites/HYPV-AZ-MIGVA24225site/machines/10e10245-6991-4e8e-be65-344c5653feea","10e10245-6991-4e8e-be65-344c5653feea","False","False","True","Cluster","1048576","10e10245-6991-4e8e-be65-344c5653feea","Microsoft.Azure.PowerShell.Cmdlets.Migrate.Models.Api202001.IHyperVNetworkAdapter[]","-1","4",,"otherguestfamily",,"Running","Microsoft.OffAzure/HyperVSites/machines","2025-02-13T03:21:53.5237171Z","C:\ClusterStorage\Volume14\HICP2428\Virtual Machines\10E10245-6991-4E8E-BE65-344C5653FEEA.VMCX","","9.0"
"4096",,,,,,,,,,"241477CA-1EBD-42BE-A049-58F97DB5862B","3331-7556-4839-2481-7418-0596-50","HICP1310_Clu.olcc.lan","/subscriptions/bc602065-8f71-487b-9fa1-e872b4ce9a79/resourceGroups/rg-dcstratmig-prd-003/providers/Microsoft.OffAzure/HyperVSites/HYPV-AZ-MIGVA24225site/clusters/hicp1310-clu-olcc-lan-4fb0bd14-3fa8-4561-ad74-93b04087d47c","2025-02-11T20:31:25.1224174Z","Microsoft.Azure.PowerShell.Cmdlets.Migrate.Models.Api202001.IHyperVDisk[]","HICP7021","Microsoft.Azure.PowerShell.Cmdlets.Migrate.Models.Api202001.IHealthErrorDetails[]","BIOS","1",,,,,"Yes","HICP1319",,"/subscriptions/bc602065-8f71-487b-9fa1-e872b4ce9a79/resourceGroups/rg-dcstratmig-prd-003/providers/Microsoft.OffAzure/HyperVSites/HYPV-AZ-MIGVA24225site/machines/e519eae3-bcc6-4e70-b3d6-0cb8cc312736","e519eae3-bcc6-4e70-b3d6-0cb8cc312736","False","False","True","Cluster","65536","e519eae3-bcc6-4e70-b3d6-0cb8cc312736","Microsoft.Azure.PowerShell.Cmdlets.Migrate.Models.Api202001.IHyperVNetworkAdapter[]","-1","2",,"otherguestfamily",,"Running","Microsoft.OffAzure/HyperVSites/machines","2025-02-13T03:22:21.3886402Z","C:\ClusterStorage\Volume11\HICP7021\Virtual Machines\E519EAE3-BCC6-4E70-B3D6-0CB8CC312736.VMCX","","9.0"
"32768",,,,,,,,,,"B986159C-B536-4068-A21B-8FC2B0F9F088","0453-7450-6502-4555-0333-3628-19","HICP1310_Clu.olcc.lan","/subscriptions/bc602065-8f71-487b-9fa1-e872b4ce9a79/resourceGroups/rg-dcstratmig-prd-003/providers/Microsoft.OffAzure/HyperVSites/HYPV-AZ-MIGVA24225site/clusters/hicp1310-clu-olcc-lan-4fb0bd14-3fa8-4561-ad74-93b04087d47c","2025-02-11T20:31:25.3724127Z","Microsoft.Azure.PowerShell.Cmdlets.Migrate.Models.Api202001.IHyperVDisk[]","DC01-SAP01-BO","Microsoft.Azure.PowerShell.Cmdlets.Migrate.Models.Api202001.IHealthErrorDetails[]","BIOS","1","2/13/2025 3:21:29 AM","Microsoft Windows Server 2012 R2 Standard","Windows","6.3.9600","Yes","HICP1311",,"/subscriptions/bc602065-8f71-487b-9fa1-e872b4ce9a79/resourceGroups/rg-dcstratmig-prd-003/providers/Microsoft.OffAzure/HyperVSites/HYPV-AZ-MIGVA24225site/machines/515a9100-e5c9-46d0-92c2-dcd953dc9b99","515a9100-e5c9-46d0-92c2-dcd953dc9b99","False","False","False","Cluster","65536","515a9100-e5c9-46d0-92c2-dcd953dc9b99","Microsoft.Azure.PowerShell.Cmdlets.Migrate.Models.Api202001.IHyperVNetworkAdapter[]","1318","8","Windows Server 2012 R2 Standard","windowsguest","6.3.9600","Running","Microsoft.OffAzure/HyperVSites/machines","2025-02-13T03:21:29.3575803Z","C:\ClusterStorage\Volume13\DC01-SAP01-BO-2\Virtual Machines\515A9100-E5C9-46D0-92C2-DCD953DC9B99.VMCX","DC01-SAP01-BO.olcc.lan","9.0"
"34816",,,,,,,,,,"C6180D66-1C16-4ADA-A9F1-A0CE17EF3D7D","1414-6384-4166-6642-2355-0762-67","HICP1326_CLU.olcc.lan","/subscriptions/bc602065-8f71-487b-9fa1-e872b4ce9a79/resourceGroups/rg-dcstratmig-prd-003/providers/Microsoft.OffAzure/HyperVSites/HYPV-AZ-MIGVA24225site/clusters/hicp1326-clu-olcc-lan-dfe304fe-4c9c-4a21-8ab7-565af1ada800","2025-02-11T20:31:25.6380458Z","Microsoft.Azure.PowerShell.Cmdlets.Migrate.Models.Api202001.IHyperVDisk[]","HICU3819","Microsoft.Azure.PowerShell.Cmdlets.Migrate.Models.Api202001.IHealthErrorDetails[]","UEFI","2","2/13/2025 3:20:51 AM","Red Hat Enterprise Linux","Linux","8.4","Yes","HICP1326D",,"/subscriptions/bc602065-8f71-487b-9fa1-e872b4ce9a79/resourceGroups/rg-dcstratmig-prd-003/providers/Microsoft.OffAzure/HyperVSites/HYPV-AZ-MIGVA24225site/machines/03e521c5-5eb5-4b27-96a2-ec00b42eadab","03e521c5-5eb5-4b27-96a2-ec00b42eadab","False","False","False","Cluster","1048576","03e521c5-5eb5-4b27-96a2-ec00b42eadab","Microsoft.Azure.PowerShell.Cmdlets.Migrate.Models.Api202001.IHyperVNetworkAdapter[]","76","3","Red Hat Enterprise Linux","linuxguest","4.18.0","Running","Microsoft.OffAzure/HyperVSites/machines","2025-02-13T03:20:51.8412277Z","C:\ClusterStorage\Volume1\HICU3819\Virtual Machines\03E521C5-5EB5-4B27-96A2-EC00B42EADAB.VMCX","hicu3819.olcc.lan","9.0"
"4096",,,,,,,,,,"9CCFE5D2-FACE-447A-A719-24ECA76EC2C0","2731-2501-5978-7213-2376-3659-57","HICP1310_Clu.olcc.lan","/subscriptions/bc602065-8f71-487b-9fa1-e872b4ce9a79/resourceGroups/rg-dcstratmig-prd-003/providers/Microsoft.OffAzure/HyperVSites/HYPV-AZ-MIGVA24225site/clusters/hicp1310-clu-olcc-lan-4fb0bd14-3fa8-4561-ad74-93b04087d47c","2025-02-11T20:31:25.8724388Z","Microsoft.Azure.PowerShell.Cmdlets.Migrate.Models.Api202001.IHyperVDisk[]","HICP2267A","Microsoft.Azure.PowerShell.Cmdlets.Migrate.Models.Api202001.IHealthErrorDetails[]","UEFI","2","2/13/2025 2:35:58 AM","Microsoft Windows Server 2022 Standard","Windows","10.0.20348","Yes","HICP1312",,"/subscriptions/bc602065-8f71-487b-9fa1-e872b4ce9a79/resourceGroups/rg-dcstratmig-prd-003/providers/Microsoft.OffAzure/HyperVSites/HYPV-AZ-MIGVA24225site/machines/3e0d5a5e-bc41-44e0-93b9-2d8a241ff490","3e0d5a5e-bc41-44e0-93b9-2d8a241ff490","False","False","False","Cluster","1048576","3e0d5a5e-bc41-44e0-93b9-2d8a241ff490","Microsoft.Azure.PowerShell.Cmdlets.Migrate.Models.Api202001.IHyperVNetworkAdapter[]","10","2","Windows Server 2022 Standard","windowsguest","10.0.20348","Running","Microsoft.OffAzure/HyperVSites/machines","2025-02-13T15:06:13.7625825Z","C:\ClusterStorage\Volume4_ELASTIC\HICP2267A\Virtual Machines\3E0D5A5E-BC41-44E0-93B9-2D8A241FF490.VMCX","HICP2267A.olcc.lan","9.0"
"8192",,,,,,,,,,"3A0A57EA-97D9-444E-B742-44C891307863","1675-3140-3539-8885-4718-5985-94","HICP1300_CLU.olcc.lan","/subscriptions/bc602065-8f71-487b-9fa1-e872b4ce9a79/resourceGroups/rg-dcstratmig-prd-003/providers/Microsoft.OffAzure/HyperVSites/HYPV-AZ-MIGVA24225site/clusters/hicp1300-clu-olcc-lan-716a4cd7-b6bf-44a4-8728-f1576ad575ee","2025-02-11T20:31:26.1224186Z","Microsoft.Azure.PowerShell.Cmdlets.Migrate.Models.Api202001.IHyperVDisk[]","HICP0112D","Microsoft.Azure.PowerShell.Cmdlets.Migrate.Models.Api202001.IHealthErrorDetails[]","UEFI","2","2/13/2025 2:35:40 AM","Microsoft Windows Server 2022 Standard","Windows","10.0.20348","Yes","HICP1300A",,"/subscriptions/bc602065-8f71-487b-9fa1-e872b4ce9a79/resourceGroups/rg-dcstratmig-prd-003/providers/Microsoft.OffAzure/HyperVSites/HYPV-AZ-MIGVA24225site/machines/3d72eecc-b1be-45e2-b1e4-5a51beb685a0","3d72eecc-b1be-45e2-b1e4-5a51beb685a0","False","False","False","Cluster","1048576","3d72eecc-b1be-45e2-b1e4-5a51beb685a0","Microsoft.Azure.PowerShell.Cmdlets.Migrate.Models.Api202001.IHyperVNetworkAdapter[]","22","4","Windows Server 2022 Standard","windowsguest","10.0.20348","Running","Microsoft.OffAzure/HyperVSites/machines","2025-02-13T15:06:13.8719713Z","C:\ClusterStorage\Volume2\HICP0112D\Virtual Machines\3D72EECC-B1BE-45E2-B1E4-5A51BEB685A0.VMCX","HICP0112D.olcc.lan","9.0"
"16384",,,,,,,,,,"64161FC5-4B5C-4058-A277-3BC140B3E602","3740-3623-1353-3369-9283-5019-16","HICP1310_Clu.olcc.lan","/subscriptions/bc602065-8f71-487b-9fa1-e872b4ce9a79/resourceGroups/rg-dcstratmig-prd-003/providers/Microsoft.OffAzure/HyperVSites/HYPV-AZ-MIGVA24225site/clusters/hicp1310-clu-olcc-lan-4fb0bd14-3fa8-4561-ad74-93b04087d47c","2025-02-11T20:31:26.3724322Z","Microsoft.Azure.PowerShell.Cmdlets.Migrate.Models.Api202001.IHyperVDisk[]","HYPV-AZ-MIGVA","Microsoft.Azure.PowerShell.Cmdlets.Migrate.Models.Api202001.IHealthErrorDetails[]","BIOS","1",,,,,"Yes","HICP1318",,"/subscriptions/bc602065-8f71-487b-9fa1-e872b4ce9a79/resourceGroups/rg-dcstratmig-prd-003/providers/Microsoft.OffAzure/HyperVSites/HYPV-AZ-MIGVA24225site/machines/85f032c0-7348-42e0-a246-3343a60914a5","85f032c0-7348-42e0-a246-3343a60914a5","False","True","True","Cluster","16384","85f032c0-7348-42e0-a246-3343a60914a5","Microsoft.Azure.PowerShell.Cmdlets.Migrate.Models.Api202001.IHyperVNetworkAdapter[]","-1","8",,"otherguestfamily",,"PowerOff","Microsoft.OffAzure/HyperVSites/machines","2025-02-13T03:22:19.8885835Z","C:\ClusterStorage\Volume14\HyperVAzureMigrateAppliance\AzureMigrateAppliance\Virtual Machines\85F032C0-7348-42E0-A246-3343A60914A5.xml","","5.0"
"16384",,,,,,,,,,"9C4F404E-C416-41DF-9072-13BB7ED0395F","4865-0501-7146-1099-5349-4088-56","HICP1310_Clu.olcc.lan","/subscriptions/bc602065-8f71-487b-9fa1-e872b4ce9a79/resourceGroups/rg-dcstratmig-prd-003/providers/Microsoft.OffAzure/HyperVSites/HYPV-AZ-MIGVA24225site/clusters/hicp1310-clu-olcc-lan-4fb0bd14-3fa8-4561-ad74-93b04087d47c","2025-02-11T20:31:26.6224265Z","Microsoft.Azure.PowerShell.Cmdlets.Migrate.Models.Api202001.IHyperVDisk[]","AZ-SQL-MIGVA","Microsoft.Azure.PowerShell.Cmdlets.Migrate.Models.Api202001.IHealthErrorDetails[]","UEFI","2","2/13/2025 3:20:34 AM","Microsoft Windows Server 2022 Standard","Windows","10.0.20348","Yes","HICP1317",,"/subscriptions/bc602065-8f71-487b-9fa1-e872b4ce9a79/resourceGroups/rg-dcstratmig-prd-003/providers/Microsoft.OffAzure/HyperVSites/HYPV-AZ-MIGVA24225site/machines/e286371c-49aa-47a0-95ce-1a698f7d0233","e286371c-49aa-47a0-95ce-1a698f7d0233","False","False","False","Cluster","1048576","e286371c-49aa-47a0-95ce-1a698f7d0233","Microsoft.Azure.PowerShell.Cmdlets.Migrate.Models.Api202001.IHyperVNetworkAdapter[]","8","4","Windows Server 2022 Standard","windowsguest","10.0.20348","Running","Microsoft.OffAzure/HyperVSites/machines","2025-02-13T15:06:13.9969487Z","C:\ClusterStorage\Volume14\AZ-SQL-MIGVA\Virtual Machines\E286371C-49AA-47A0-95CE-1A698F7D0233.VMCX","AZ-SQL-MIGVA.olcc.lan","9.0"
"4096",,,,,,,,,,"E3C7DA76-4BED-41B0-A5CC-ABBE0CED2CE0","2884-7188-3844-6924-5941-3912-98","HICP1310_Clu.olcc.lan","/subscriptions/bc602065-8f71-487b-9fa1-e872b4ce9a79/resourceGroups/rg-dcstratmig-prd-003/providers/Microsoft.OffAzure/HyperVSites/HYPV-AZ-MIGVA24225site/clusters/hicp1310-clu-olcc-lan-4fb0bd14-3fa8-4561-ad74-93b04087d47c","2025-02-11T20:31:26.8724332Z","Microsoft.Azure.PowerShell.Cmdlets.Migrate.Models.Api202001.IHyperVDisk[]","HICP2414","Microsoft.Azure.PowerShell.Cmdlets.Migrate.Models.Api202001.IHealthErrorDetails[]","UEFI","2","2/13/2025 3:21:15 AM","Microsoft Windows Server 2019 Standard","Windows","10.0.17763","Yes","HICP1310",,"/subscriptions/bc602065-8f71-487b-9fa1-e872b4ce9a79/resourceGroups/rg-dcstratmig-prd-003/providers/Microsoft.OffAzure/HyperVSites/HYPV-AZ-MIGVA24225site/machines/7f463b34-1bb1-4ee3-8dc3-89027600004e","7f463b34-1bb1-4ee3-8dc3-89027600004e","False","False","False","Cluster","1048576","7f463b34-1bb1-4ee3-8dc3-89027600004e","Microsoft.Azure.PowerShell.Cmdlets.Migrate.Models.Api202001.IHyperVNetworkAdapter[]","22","2","Windows Server 2019 Standard","windowsguest","10.0.17763","Running","Microsoft.OffAzure/HyperVSites/machines","2025-02-13T03:21:15.4666979Z","C:\ClusterStorage\Volume14\HICP2414\Virtual Machines\7F463B34-1BB1-4EE3-8DC3-89027600004E.VMCX","HICP2414.olcc.lan","9.0"
"4096",,,,,,,,,,"020E0652-7929-4234-A35E-A3905B3AFC53","3156-8347-3657-9153-6055-1552-50","HICP1310_Clu.olcc.lan","/subscriptions/bc602065-8f71-487b-9fa1-e872b4ce9a79/resourceGroups/rg-dcstratmig-prd-003/providers/Microsoft.OffAzure/HyperVSites/HYPV-AZ-MIGVA24225site/clusters/hicp1310-clu-olcc-lan-4fb0bd14-3fa8-4561-ad74-93b04087d47c","2025-02-11T20:31:27.1224290Z","Microsoft.Azure.PowerShell.Cmdlets.Migrate.Models.Api202001.IHyperVDisk[]","HICP1002D","Microsoft.Azure.PowerShell.Cmdlets.Migrate.Models.Api202001.IHealthErrorDetails[]","UEFI","2","2/13/2025 3:20:16 AM","Microsoft Windows Server 2022 Standard","Windows","10.0.20348","Yes","HICP1319",,"/subscriptions/bc602065-8f71-487b-9fa1-e872b4ce9a79/resourceGroups/rg-dcstratmig-prd-003/providers/Microsoft.OffAzure/HyperVSites/HYPV-AZ-MIGVA24225site/machines/0b7d3055-3e2c-4919-b89a-05e41dbd0000","0b7d3055-3e2c-4919-b89a-05e41dbd0000","False","False","False","Cluster","1048576","0b7d3055-3e2c-4919-b89a-05e41dbd0000","Microsoft.Azure.PowerShell.Cmdlets.Migrate.Models.Api202001.IHyperVNetworkAdapter[]","15","2","Windows Server 2022 Standard","windowsguest","10.0.20348","Running","Microsoft.OffAzure/HyperVSites/machines","2025-02-13T15:06:14.1219444Z","C:\ClusterStorage\Volume14\HICP1002D\Virtual Machines\0B7D3055-3E2C-4919-B89A-05E41DBD0000.VMCX","HICP1002D.olcc.lan","9.0"
"32768",,,,,,,,,,"D63ABC01-07E7-4CCB-9C8F-CFAE14657193","3661-9434-7014-0191-6923-6626-01","HICP1310_Clu.olcc.lan","/subscriptions/bc602065-8f71-487b-9fa1-e872b4ce9a79/resourceGroups/rg-dcstratmig-prd-003/providers/Microsoft.OffAzure/HyperVSites/HYPV-AZ-MIGVA24225site/clusters/hicp1310-clu-olcc-lan-4fb0bd14-3fa8-4561-ad74-93b04087d47c","2025-02-11T20:31:27.3724363Z","Microsoft.Azure.PowerShell.Cmdlets.Migrate.Models.Api202001.IHyperVDisk[]","HICP0050A","Microsoft.Azure.PowerShell.Cmdlets.Migrate.Models.Api202001.IHealthErrorDetails[]","BIOS","1",,,,,"Yes","HICP1313",,"/subscriptions/bc602065-8f71-487b-9fa1-e872b4ce9a79/resourceGroups/rg-dcstratmig-prd-003/providers/Microsoft.OffAzure/HyperVSites/HYPV-AZ-MIGVA24225site/machines/4f684249-4a62-48a8-b9e0-4fb6f8ff42fe","4f684249-4a62-48a8-b9e0-4fb6f8ff42fe","False","False","True","Cluster","1048576","4f684249-4a62-48a8-b9e0-4fb6f8ff42fe","Microsoft.Azure.PowerShell.Cmdlets.Migrate.Models.Api202001.IHyperVNetworkAdapter[]","-1","8","Flatcar Container Linux by Kinvolk","linuxguest","6.6.65","Running","Microsoft.OffAzure/HyperVSites/machines","2025-02-13T03:21:41.5235328Z","C:\ClusterStorage\Volume14\HICP0050A\Virtual Machines\4F684249-4A62-48A8-B9E0-4FB6F8FF42FE.VMCX","sailpoint-va","9.0"
"8192",,,,,,,,,,"9B0177A3-8FB6-428F-85AC-A3F5BC49B6BC","8838-0438-1773-4659-6648-2813-77","HICP1310_Clu.olcc.lan","/subscriptions/bc602065-8f71-487b-9fa1-e872b4ce9a79/resourceGroups/rg-dcstratmig-prd-003/providers/Microsoft.OffAzure/HyperVSites/HYPV-AZ-MIGVA24225site/clusters/hicp1310-clu-olcc-lan-4fb0bd14-3fa8-4561-ad74-93b04087d47c","2025-02-11T20:31:27.6224493Z","Microsoft.Azure.PowerShell.Cmdlets.Migrate.Models.Api202001.IHyperVDisk[]","HICP2387","Microsoft.Azure.PowerShell.Cmdlets.Migrate.Models.Api202001.IHealthErrorDetails[]","UEFI","2","2/13/2025 3:21:25 AM","Microsoft Windows Server 2019 Standard","Windows","10.0.17763","Yes","HICP1315",,"/subscriptions/bc602065-8f71-487b-9fa1-e872b4ce9a79/resourceGroups/rg-dcstratmig-prd-003/providers/Microsoft.OffAzure/HyperVSites/HYPV-AZ-MIGVA24225site/machines/05b37ba3-dd96-4b0c-8949-a607ae51fe00","05b37ba3-dd96-4b0c-8949-a607ae51fe00","False","False","False","Cluster","1048576","05b37ba3-dd96-4b0c-8949-a607ae51fe00","Microsoft.Azure.PowerShell.Cmdlets.Migrate.Models.Api202001.IHyperVNetworkAdapter[]","384","4","Windows Server 2019 Standard","windowsguest","10.0.17763","Running","Microsoft.OffAzure/HyperVSites/machines","2025-02-13T03:21:25.3419614Z","C:\ClusterStorage\Volume2\HICP2387\Virtual Machines\05B37BA3-DD96-4B0C-8949-A607AE51FE00.VMCX","HICP2387.olcc.lan","9.0"
"16384",,,,,,,,,,"3D7BD7A2-4B82-487A-B1BB-CD22E8D118A9","2290-8197-3651-3415-9394-0255-58","HICP1326_CLU.olcc.lan","/subscriptions/bc602065-8f71-487b-9fa1-e872b4ce9a79/resourceGroups/rg-dcstratmig-prd-003/providers/Microsoft.OffAzure/HyperVSites/HYPV-AZ-MIGVA24225site/clusters/hicp1326-clu-olcc-lan-dfe304fe-4c9c-4a21-8ab7-565af1ada800","2025-02-11T20:31:27.8724405Z","Microsoft.Azure.PowerShell.Cmdlets.Migrate.Models.Api202001.IHyperVDisk[]","HICU2170A","Microsoft.Azure.PowerShell.Cmdlets.Migrate.Models.Api202001.IHealthErrorDetails[]","UEFI","2","2/13/2025 3:20:23 AM","Microsoft Windows Server 2016 Standard","Windows","10.0.14393","Yes","HICP1326C",,"/subscriptions/bc602065-8f71-487b-9fa1-e872b4ce9a79/resourceGroups/rg-dcstratmig-prd-003/providers/Microsoft.OffAzure/HyperVSites/HYPV-AZ-MIGVA24225site/machines/1ec33a9b-40ae-4489-8bfc-bacfefc72fbb","1ec33a9b-40ae-4489-8bfc-bacfefc72fbb","False","False","False","Cluster","1048576","1ec33a9b-40ae-4489-8bfc-bacfefc72fbb","Microsoft.Azure.PowerShell.Cmdlets.Migrate.Models.Api202001.IHyperVNetworkAdapter[]","24","8","Windows Server 2016 Standard","windowsguest","10.0.14393","Running","Microsoft.OffAzure/HyperVSites/machines","2025-02-13T03:22:04.0651768Z","C:\ClusterStorage\Volume1\HICU2170A\Virtual Machines\1EC33A9B-40AE-4489-8BFC-BACFEFC72FBB.VMCX","HICU2170A.olcc.lan","9.0"
"8192",,,,,,,,,,"6D3668F8-C0AE-4E6B-AF55-3293429B3A13","3236-5044-9610-7723-8989-3188-62","HICP1310_Clu.olcc.lan","/subscriptions/bc602065-8f71-487b-9fa1-e872b4ce9a79/resourceGroups/rg-dcstratmig-prd-003/providers/Microsoft.OffAzure/HyperVSites/HYPV-AZ-MIGVA24225site/clusters/hicp1310-clu-olcc-lan-4fb0bd14-3fa8-4561-ad74-93b04087d47c","2025-02-11T20:31:28.1224413Z","Microsoft.Azure.PowerShell.Cmdlets.Migrate.Models.Api202001.IHyperVDisk[]","HICP2427","Microsoft.Azure.PowerShell.Cmdlets.Migrate.Models.Api202001.IHealthErrorDetails[]","BIOS","1",,,,,"Yes","HICP1318",,"/subscriptions/bc602065-8f71-487b-9fa1-e872b4ce9a79/resourceGroups/rg-dcstratmig-prd-003/providers/Microsoft.OffAzure/HyperVSites/HYPV-AZ-MIGVA24225site/machines/928a065e-e095-434c-be92-5506f7ab2b85","928a065e-e095-434c-be92-5506f7ab2b85","False","False","True","Cluster","1048576","928a065e-e095-434c-be92-5506f7ab2b85","Microsoft.Azure.PowerShell.Cmdlets.Migrate.Models.Api202001.IHyperVNetworkAdapter[]","-1","4",,"otherguestfamily",,"Running","Microsoft.OffAzure/HyperVSites/machines","2025-02-13T03:21:35.2326986Z","C:\ClusterStorage\Volume3\HICP2420\Virtual Machines\928A065E-E095-434C-BE92-5506F7AB2B85.VMCX","","9.0"
"8192",,,,,,,,,,"EE8F732E-4385-4738-ABCE-BA6B2440B78E","3368-7331-0107-7012-8128-5947-64","HICP1310_Clu.olcc.lan","/subscriptions/bc602065-8f71-487b-9fa1-e872b4ce9a79/resourceGroups/rg-dcstratmig-prd-003/providers/Microsoft.OffAzure/HyperVSites/HYPV-AZ-MIGVA24225site/clusters/hicp1310-clu-olcc-lan-4fb0bd14-3fa8-4561-ad74-93b04087d47c","2025-02-11T20:31:28.3724242Z","Microsoft.Azure.PowerShell.Cmdlets.Migrate.Models.Api202001.IHyperVDisk[]","HICP1049","Microsoft.Azure.PowerShell.Cmdlets.Migrate.Models.Api202001.IHealthErrorDetails[]","UEFI","2","2/13/2025 3:19:19 AM","Microsoft Windows Server 2019 Standard","Windows","10.0.17763","Yes","HICP1310",,"/subscriptions/bc602065-8f71-487b-9fa1-e872b4ce9a79/resourceGroups/rg-dcstratmig-prd-003/providers/Microsoft.OffAzure/HyperVSites/HYPV-AZ-MIGVA24225site/machines/f13e4b56-a9f1-4e83-8352-21ec4736b0b0","f13e4b56-a9f1-4e83-8352-21ec4736b0b0","False","False","False","Cluster","1048576","f13e4b56-a9f1-4e83-8352-21ec4736b0b0","Microsoft.Azure.PowerShell.Cmdlets.Migrate.Models.Api202001.IHyperVNetworkAdapter[]","25","4","Windows Server 2019 Standard","windowsguest","10.0.17763","Running","Microsoft.OffAzure/HyperVSites/machines","2025-02-13T15:06:14.2469577Z","C:\ClusterStorage\Volume11\HICP1049\Virtual Machines\F13E4B56-A9F1-4E83-8352-21EC4736B0B0.VMCX","HICP1049.olcc.lan","9.0"
"4096",,,,,,,,,,"29212A8C-7E54-44C1-B095-5628AC1E72CD","9307-8390-1263-0191-3566-6499-08","HICP1310_Clu.olcc.lan","/subscriptions/bc602065-8f71-487b-9fa1-e872b4ce9a79/resourceGroups/rg-dcstratmig-prd-003/providers/Microsoft.OffAzure/HyperVSites/HYPV-AZ-MIGVA24225site/clusters/hicp1310-clu-olcc-lan-4fb0bd14-3fa8-4561-ad74-93b04087d47c","2025-02-11T20:31:28.6224389Z","Microsoft.Azure.PowerShell.Cmdlets.Migrate.Models.Api202001.IHyperVDisk[]","ATL_Rocky9_CloneTemplate","Microsoft.Azure.PowerShell.Cmdlets.Migrate.Models.Api202001.IHealthErrorDetails[]","UEFI","2",,,,,"Yes","HICP1316",,"/subscriptions/bc602065-8f71-487b-9fa1-e872b4ce9a79/resourceGroups/rg-dcstratmig-prd-003/providers/Microsoft.OffAzure/HyperVSites/HYPV-AZ-MIGVA24225site/machines/11b43204-43dd-4be2-aefd-4be54bb19b49","11b43204-43dd-4be2-aefd-4be54bb19b49","False","False","True","Cluster","1048576","11b43204-43dd-4be2-aefd-4be54bb19b49","Microsoft.Azure.PowerShell.Cmdlets.Migrate.Models.Api202001.IHyperVNetworkAdapter[]","-1","2",,"otherguestfamily",,"PowerOff","Microsoft.OffAzure/HyperVSites/machines","2025-02-13T03:21:40.8359743Z","C:\ClusterStorage\Volume14\ATL_Rocky9_CloneTemplate\Virtual Machines\11B43204-43DD-4BE2-AEFD-4BE54BB19B49.VMCX","","9.0"
"4096",,,,,,,,,,"041FCBDD-DF42-40D9-8ECF-EB91243C960A","8979-7466-8997-2229-7256-0867-86","HICP1310_Clu.olcc.lan","/subscriptions/bc602065-8f71-487b-9fa1-e872b4ce9a79/resourceGroups/rg-dcstratmig-prd-003/providers/Microsoft.OffAzure/HyperVSites/HYPV-AZ-MIGVA24225site/clusters/hicp1310-clu-olcc-lan-4fb0bd14-3fa8-4561-ad74-93b04087d47c","2025-02-11T20:31:28.8724107Z","Microsoft.Azure.PowerShell.Cmdlets.Migrate.Models.Api202001.IHyperVDisk[]","HICP2340B","Microsoft.Azure.PowerShell.Cmdlets.Migrate.Models.Api202001.IHealthErrorDetails[]","UEFI","2","2/13/2025 3:21:11 AM","Microsoft Windows Server 2022 Standard","Windows","10.0.20348","Yes","HICP1319",,"/subscriptions/bc602065-8f71-487b-9fa1-e872b4ce9a79/resourceGroups/rg-dcstratmig-prd-003/providers/Microsoft.OffAzure/HyperVSites/HYPV-AZ-MIGVA24225site/machines/3d83fcde-deb5-4906-a0dc-4bc28e5993b7","3d83fcde-deb5-4906-a0dc-4bc28e5993b7","False","False","False","Cluster","1048576","3d83fcde-deb5-4906-a0dc-4bc28e5993b7","Microsoft.Azure.PowerShell.Cmdlets.Migrate.Models.Api202001.IHyperVNetworkAdapter[]","17","2","Windows Server 2022 Standard","windowsguest","10.0.20348","Running","Microsoft.OffAzure/HyperVSites/machines","2025-02-13T03:21:11.5916356Z","C:\ClusterStorage\Volume12\HICP2340B\Virtual Machines\3D83FCDE-DEB5-4906-A0DC-4BC28E5993B7.VMCX","HICP2340B.olcc.lan","9.0"
"8192",,,,,,,,,,"67990D2D-456D-4370-A76B-38663A165173","2775-0732-1894-5467-7395-5269-81","HICP1310_Clu.olcc.lan","/subscriptions/bc602065-8f71-487b-9fa1-e872b4ce9a79/resourceGroups/rg-dcstratmig-prd-003/providers/Microsoft.OffAzure/HyperVSites/HYPV-AZ-MIGVA24225site/clusters/hicp1310-clu-olcc-lan-4fb0bd14-3fa8-4561-ad74-93b04087d47c","2025-02-11T20:31:29.1224366Z","Microsoft.Azure.PowerShell.Cmdlets.Migrate.Models.Api202001.IHyperVDisk[]","FLOLVDBMONPRD01","Microsoft.Azure.PowerShell.Cmdlets.Migrate.Models.Api202001.IHealthErrorDetails[]","BIOS","1","2/13/2025 3:20:15 AM","Microsoft Windows Server 2019 Standard","Windows","10.0.17763","Yes","HICP1315",,"/subscriptions/bc602065-8f71-487b-9fa1-e872b4ce9a79/resourceGroups/rg-dcstratmig-prd-003/providers/Microsoft.OffAzure/HyperVSites/HYPV-AZ-MIGVA24225site/machines/5892dfdb-0212-4d98-b874-19e92f6b5a50","5892dfdb-0212-4d98-b874-19e92f6b5a50","False","False","False","Cluster","65536","5892dfdb-0212-4d98-b874-19e92f6b5a50","Microsoft.Azure.PowerShell.Cmdlets.Migrate.Models.Api202001.IHyperVNetworkAdapter[]","403","4","Windows Server 2019 Standard","windowsguest","10.0.17763","Running","Microsoft.OffAzure/HyperVSites/machines","2025-02-13T03:21:58.3050515Z","C:\ClusterStorage\Volume14\FLOLVDBMONPRD01\Virtual Machines\5892DFDB-0212-4D98-B874-19E92F6B5A50.VMCX","FLOLVDBMONPRD01.olcc.lan","9.0"
"4096",,,,,,,,,,"4A4B4AF2-57C1-4A67-9E21-55AE43CDB36A","9418-7736-6551-7219-1166-8359-62","HICP1310_Clu.olcc.lan","/subscriptions/bc602065-8f71-487b-9fa1-e872b4ce9a79/resourceGroups/rg-dcstratmig-prd-003/providers/Microsoft.OffAzure/HyperVSites/HYPV-AZ-MIGVA24225site/clusters/hicp1310-clu-olcc-lan-4fb0bd14-3fa8-4561-ad74-93b04087d47c","2025-02-11T20:31:29.3724593Z","Microsoft.Azure.PowerShell.Cmdlets.Migrate.Models.Api202001.IHyperVDisk[]","HICP8512A","Microsoft.Azure.PowerShell.Cmdlets.Migrate.Models.Api202001.IHealthErrorDetails[]","UEFI","2","2/13/2025 3:20:19 AM","Microsoft Windows Server 2019 Standard","Windows","10.0.17763","Yes","HICP1319",,"/subscriptions/bc602065-8f71-487b-9fa1-e872b4ce9a79/resourceGroups/rg-dcstratmig-prd-003/providers/Microsoft.OffAzure/HyperVSites/HYPV-AZ-MIGVA24225site/machines/9662521e-b34f-4553-aa15-bcd542c8dd85","9662521e-b34f-4553-aa15-bcd542c8dd85","False","False","False","Cluster","1048576","9662521e-b34f-4553-aa15-bcd542c8dd85","Microsoft.Azure.PowerShell.Cmdlets.Migrate.Models.Api202001.IHyperVNetworkAdapter[]","138","2","Windows Server 2019 Standard","windowsguest","10.0.17763","Running","Microsoft.OffAzure/HyperVSites/machines","2025-02-13T15:02:16.1594585Z","C:\ClusterStorage\Volume13\HICP8512A\Virtual Machines\9662521E-B34F-4553-AA15-BCD542C8DD85.VMCX","HICP8512A.olcc.lan","9.0"
"16384",,,,,,,,,,"38783232-64A9-4A80-BF3A-A568F2425273","9705-1762-1681-0693-7490-9034-39","HICP1326_CLU.olcc.lan","/subscriptions/bc602065-8f71-487b-9fa1-e872b4ce9a79/resourceGroups/rg-dcstratmig-prd-003/providers/Microsoft.OffAzure/HyperVSites/HYPV-AZ-MIGVA24225site/clusters/hicp1326-clu-olcc-lan-dfe304fe-4c9c-4a21-8ab7-565af1ada800","2025-02-11T20:31:29.6224568Z","Microsoft.Azure.PowerShell.Cmdlets.Migrate.Models.Api202001.IHyperVDisk[]","HICU2390B","Microsoft.Azure.PowerShell.Cmdlets.Migrate.Models.Api202001.IHealthErrorDetails[]","UEFI","2",,,,,"Yes","HICP1326A",,"/subscriptions/bc602065-8f71-487b-9fa1-e872b4ce9a79/resourceGroups/rg-dcstratmig-prd-003/providers/Microsoft.OffAzure/HyperVSites/HYPV-AZ-MIGVA24225site/machines/476b30c5-7be2-49ee-9c95-408e6d72ebe5","476b30c5-7be2-49ee-9c95-408e6d72ebe5","False","False","True","Cluster","1048576","476b30c5-7be2-49ee-9c95-408e6d72ebe5","Microsoft.Azure.PowerShell.Cmdlets.Migrate.Models.Api202001.IHyperVNetworkAdapter[]","-1","8",,"otherguestfamily",,"PowerOff","Microsoft.OffAzure/HyperVSites/machines","2025-02-13T03:21:41.2735156Z","C:\ClusterStorage\Volume2\HICU2390B\Virtual Machines\476B30C5-7BE2-49EE-9C95-408E6D72EBE5.VMCX","","9.0"
"32768",,,,,,,,,,"965956B2-6B30-49CA-9C1B-5119523A2572","9284-5400-9834-6487-3579-6490-13","HICP1310_Clu.olcc.lan","/subscriptions/bc602065-8f71-487b-9fa1-e872b4ce9a79/resourceGroups/rg-dcstratmig-prd-003/providers/Microsoft.OffAzure/HyperVSites/HYPV-AZ-MIGVA24225site/clusters/hicp1310-clu-olcc-lan-4fb0bd14-3fa8-4561-ad74-93b04087d47c","2025-02-11T20:31:29.8724351Z","Microsoft.Azure.PowerShell.Cmdlets.Migrate.Models.Api202001.IHyperVDisk[]","FLOLVSQLPRD24","Microsoft.Azure.PowerShell.Cmdlets.Migrate.Models.Api202001.IHealthErrorDetails[]","UEFI","2","2/13/2025 3:19:39 AM","Microsoft Windows Server 2019 Standard","Windows","10.0.17763","Yes","HICP1310B",,"/subscriptions/bc602065-8f71-487b-9fa1-e872b4ce9a79/resourceGroups/rg-dcstratmig-prd-003/providers/Microsoft.OffAzure/HyperVSites/HYPV-AZ-MIGVA24225site/machines/436b051f-cc29-40f6-a23b-a3a6b7b8d05d","436b051f-cc29-40f6-a23b-a3a6b7b8d05d","False","False","False","Cluster","1048576","436b051f-cc29-40f6-a23b-a3a6b7b8d05d","Microsoft.Azure.PowerShell.Cmdlets.Migrate.Models.Api202001.IHyperVNetworkAdapter[]","69","4","Windows Server 2019 Standard","windowsguest","10.0.17763","Running","Microsoft.OffAzure/HyperVSites/machines","2025-02-13T03:19:39.4364370Z","C:\ClusterStorage\Volume2\FLOLVSQLPRD24N\Virtual Machines\436B051F-CC29-40F6-A23B-A3A6B7B8D05D.VMCX","FLOLVSQLPRD24.olcc.lan","9.0"
"20480",,,,,,,,,,"01717E41-A243-454D-A518-2A9B09E9DAA2","8184-6329-4753-5364-1308-7829-11","HICP1310_Clu.olcc.lan","/subscriptions/bc602065-8f71-487b-9fa1-e872b4ce9a79/resourceGroups/rg-dcstratmig-prd-003/providers/Microsoft.OffAzure/HyperVSites/HYPV-AZ-MIGVA24225site/clusters/hicp1310-clu-olcc-lan-4fb0bd14-3fa8-4561-ad74-93b04087d47c","2025-02-11T20:31:30.1224558Z","Microsoft.Azure.PowerShell.Cmdlets.Migrate.Models.Api202001.IHyperVDisk[]","HICP1700","Microsoft.Azure.PowerShell.Cmdlets.Migrate.Models.Api202001.IHealthErrorDetails[]","UEFI","2","2/13/2025 3:20:58 AM","Microsoft Windows Server 2019 Standard","Windows","10.0.17763","Yes","HICP1315",,"/subscriptions/bc602065-8f71-487b-9fa1-e872b4ce9a79/resourceGroups/rg-dcstratmig-prd-003/providers/Microsoft.OffAzure/HyperVSites/HYPV-AZ-MIGVA24225site/machines/dc9a63f9-1f0c-4e2f-99d5-8a0e1c1aba66","dc9a63f9-1f0c-4e2f-99d5-8a0e1c1aba66","False","False","False","Cluster","1048576","dc9a63f9-1f0c-4e2f-99d5-8a0e1c1aba66","Microsoft.Azure.PowerShell.Cmdlets.Migrate.Models.Api202001.IHyperVNetworkAdapter[]","33","6","Windows Server 2019 Standard","windowsguest","10.0.17763","Running","Microsoft.OffAzure/HyperVSites/machines","2025-02-13T15:06:14.3875605Z","C:\ClusterStorage\Volume3\HICP1700-Restored-Restore\HICP1700-Restored\Virtual Machines\DC9A63F9-1F0C-4E2F-99D5-8A0E1C1ABA66.VMCX","HICP1700.olcc.lan","9.0"
"16384",,,,,,,,,,"78D1BEA5-CBEE-448A-8A40-03D4A788F95B","7913-6367-6181-3917-8575-0418-24","HICP1330_CLU.olcc.lan","/subscriptions/bc602065-8f71-487b-9fa1-e872b4ce9a79/resourceGroups/rg-dcstratmig-prd-003/providers/Microsoft.OffAzure/HyperVSites/HYPV-AZ-MIGVA24225site/clusters/hicp1330-clu-olcc-lan-6b758d3a-0903-4f3f-80a9-2f9a8f5f8e7f","2025-02-11T20:31:30.4974342Z","Microsoft.Azure.PowerShell.Cmdlets.Migrate.Models.Api202001.IHyperVDisk[]","HICP6509","Microsoft.Azure.PowerShell.Cmdlets.Migrate.Models.Api202001.IHealthErrorDetails[]","UEFI","2",,,,,"Yes","HICP1330A",,"/subscriptions/bc602065-8f71-487b-9fa1-e872b4ce9a79/resourceGroups/rg-dcstratmig-prd-003/providers/Microsoft.OffAzure/HyperVSites/HYPV-AZ-MIGVA24225site/machines/b2ec6ec7-59a4-4f93-bdb0-a2935bce2f12","b2ec6ec7-59a4-4f93-bdb0-a2935bce2f12","False","False","True","Cluster","1048576","b2ec6ec7-59a4-4f93-bdb0-a2935bce2f12","Microsoft.Azure.PowerShell.Cmdlets.Migrate.Models.Api202001.IHyperVNetworkAdapter[]","-1","4","Windows Server 2019 Standard","windowsguest","10.0.17763","Running","Microsoft.OffAzure/HyperVSites/machines","2025-02-13T03:46:58.5789855Z","C:\ClusterStorage\Volume1\DC01-DB22-SIS2b\Virtual Machines\B2EC6EC7-59A4-4F93-BDB0-A2935BCE2F12.VMCX","HICP6509.olcc.lan","9.0"
"16384",,,,,,,,,,"707B3EFA-3139-4E6B-B87F-F57363796134","3901-5877-8483-1199-0105-9686-53","HICP1310_Clu.olcc.lan","/subscriptions/bc602065-8f71-487b-9fa1-e872b4ce9a79/resourceGroups/rg-dcstratmig-prd-003/providers/Microsoft.OffAzure/HyperVSites/HYPV-AZ-MIGVA24225site/clusters/hicp1310-clu-olcc-lan-4fb0bd14-3fa8-4561-ad74-93b04087d47c","2025-02-11T20:31:30.7474589Z","Microsoft.Azure.PowerShell.Cmdlets.Migrate.Models.Api202001.IHyperVDisk[]","HICP7701","Microsoft.Azure.PowerShell.Cmdlets.Migrate.Models.Api202001.IHealthErrorDetails[]","BIOS","1","2/13/2025 3:20:56 AM","Microsoft Windows Server 2019 Standard","Windows","10.0.17763","Yes","HICP1310C",,"/subscriptions/bc602065-8f71-487b-9fa1-e872b4ce9a79/resourceGroups/rg-dcstratmig-prd-003/providers/Microsoft.OffAzure/HyperVSites/HYPV-AZ-MIGVA24225site/machines/a2966766-59f9-4ea6-9a5a-6d75239eaadc","a2966766-59f9-4ea6-9a5a-6d75239eaadc","False","False","False","Cluster","65536","a2966766-59f9-4ea6-9a5a-6d75239eaadc","Microsoft.Azure.PowerShell.Cmdlets.Migrate.Models.Api202001.IHyperVNetworkAdapter[]","34","6","Windows Server 2019 Standard","windowsguest","10.0.17763","Running","Microsoft.OffAzure/HyperVSites/machines","2025-02-13T03:22:54.4369522Z","C:\ClusterStorage\Volume13\HICP7701\Virtual Machines\A2966766-59F9-4EA6-9A5A-6D75239EAADC.VMCX","HICP7701.olcc.lan","9.0"
"8192",,,,,,,,,,"1479F236-6CA2-4DC9-9BA2-4423D2C39E2D","7724-1580-1927-1365-1574-6009-43",,"/subscriptions/bc602065-8f71-487b-9fa1-e872b4ce9a79/resourceGroups/rg-dcstratmig-prd-003/providers/Microsoft.OffAzure/HyperVSites/HYPV-AZ-MIGVA24225site/clusters/hicp1310-clu-olcc-lan-4fb0bd14-3fa8-4561-ad74-93b04087d47c","2025-02-11T20:31:30.9975695Z","Microsoft.Azure.PowerShell.Cmdlets.Migrate.Models.Api202001.IHyperVDisk[]","HICP2123","Microsoft.Azure.PowerShell.Cmdlets.Migrate.Models.Api202001.IHealthErrorDetails[]","UEFI","2","2/13/2025 3:20:07 AM","Microsoft Windows Server 2022 Standard","Windows","10.0.20348","No","HICP1310",,"/subscriptions/bc602065-8f71-487b-9fa1-e872b4ce9a79/resourceGroups/rg-dcstratmig-prd-003/providers/Microsoft.OffAzure/HyperVSites/HYPV-AZ-MIGVA24225site/machines/34041e7f-08eb-474e-a855-fa11a39b1fd9","34041e7f-08eb-474e-a855-fa11a39b1fd9","False","False","False","Cluster","1048576","34041e7f-08eb-474e-a855-fa11a39b1fd9","Microsoft.Azure.PowerShell.Cmdlets.Migrate.Models.Api202001.IHyperVNetworkAdapter[]","18","2","Windows Server 2022 Standard","windowsguest","10.0.20348","Running","Microsoft.OffAzure/HyperVSites/machines","2025-02-13T03:21:52.2737147Z","C:\ClusterStorage\Volume13\HICP2123-New\Virtual Machines\34041E7F-08EB-474E-A855-FA11A39B1FD9.VMCX","HICP2123.olcc.lan","9.0"
"16384",,,,,,,,,,"3DC07A1F-536B-484D-9CBF-882563CDCF07","7845-5403-4484-6546-1046-5306-96","HICP1310_Clu.olcc.lan","/subscriptions/bc602065-8f71-487b-9fa1-e872b4ce9a79/resourceGroups/rg-dcstratmig-prd-003/providers/Microsoft.OffAzure/HyperVSites/HYPV-AZ-MIGVA24225site/clusters/hicp1310-clu-olcc-lan-4fb0bd14-3fa8-4561-ad74-93b04087d47c","2025-02-11T20:31:31.2474454Z","Microsoft.Azure.PowerShell.Cmdlets.Migrate.Models.Api202001.IHyperVDisk[]","DC01-SEC-NSM1","Microsoft.Azure.PowerShell.Cmdlets.Migrate.Models.Api202001.IHealthErrorDetails[]","BIOS","1","2/13/2025 3:21:23 AM","Microsoft Windows Server 2016 Standard","Windows","10.0.14393","Yes","HICP1310C",,"/subscriptions/bc602065-8f71-487b-9fa1-e872b4ce9a79/resourceGroups/rg-dcstratmig-prd-003/providers/Microsoft.OffAzure/HyperVSites/HYPV-AZ-MIGVA24225site/machines/6e7db8eb-e9a5-4d1a-b341-1cb007152553","6e7db8eb-e9a5-4d1a-b341-1cb007152553","False","False","False","Cluster","65536","6e7db8eb-e9a5-4d1a-b341-1cb007152553","Microsoft.Azure.PowerShell.Cmdlets.Migrate.Models.Api202001.IHyperVNetworkAdapter[]","48","2","Windows Server 2016 Standard","windowsguest","10.0.14393","Running","Microsoft.OffAzure/HyperVSites/machines","2025-02-13T03:47:02.3758510Z","C:\ClusterStorage\Volume12\DC01-SEC-NSM1\Virtual Machines\6E7DB8EB-E9A5-4D1A-B341-1CB007152553.VMCX","DC01-SEC-NSM1.olcc.lan","9.0"
"24576",,,,,,,,,,"B8C5FFE1-6EC4-4622-806C-6ABF9CA2FEDA","2831-4141-3094-1995-8992-8538-90","HICP1330_CLU.olcc.lan","/subscriptions/bc602065-8f71-487b-9fa1-e872b4ce9a79/resourceGroups/rg-dcstratmig-prd-003/providers/Microsoft.OffAzure/HyperVSites/HYPV-AZ-MIGVA24225site/clusters/hicp1330-clu-olcc-lan-6b758d3a-0903-4f3f-80a9-2f9a8f5f8e7f","2025-02-11T20:31:31.4974502Z","Microsoft.Azure.PowerShell.Cmdlets.Migrate.Models.Api202001.IHyperVDisk[]","FLOLVCDCPRD01n","Microsoft.Azure.PowerShell.Cmdlets.Migrate.Models.Api202001.IHealthErrorDetails[]","UEFI","2",,,,,"Yes","HICP1330A",,"/subscriptions/bc602065-8f71-487b-9fa1-e872b4ce9a79/resourceGroups/rg-dcstratmig-prd-003/providers/Microsoft.OffAzure/HyperVSites/HYPV-AZ-MIGVA24225site/machines/195b9463-460f-433d-85b9-ba2f881e9c88","195b9463-460f-433d-85b9-ba2f881e9c88","False","False","True","Cluster","1048576","195b9463-460f-433d-85b9-ba2f881e9c88","Microsoft.Azure.PowerShell.Cmdlets.Migrate.Models.Api202001.IHyperVNetworkAdapter[]","-1","2","Windows Server 2019 Standard","windowsguest","10.0.17763","Running","Microsoft.OffAzure/HyperVSites/machines","2025-02-13T03:47:00.1258318Z","C:\ClusterStorage\Volume1\FLOLVCDCPRD01n-1\Virtual Machines\195B9463-460F-433D-85B9-BA2F881E9C88.VMCX","FLOLVCDCPRD01n.olcc.lan","9.0"
"34816",,,,,,,,,,"C6180D66-1C16-4ADA-A9F1-A0CE17EF3D7D","1414-6384-4166-6642-2355-0762-67","HICP1326_CLU.olcc.lan","/subscriptions/bc602065-8f71-487b-9fa1-e872b4ce9a79/resourceGroups/rg-dcstratmig-prd-003/providers/Microsoft.OffAzure/HyperVSites/HYPV-AZ-MIGVA24225site/clusters/hicp1326-clu-olcc-lan-dfe304fe-4c9c-4a21-8ab7-565af1ada800","2025-02-11T20:31:31.7474932Z","Microsoft.Azure.PowerShell.Cmdlets.Migrate.Models.Api202001.IHyperVDisk[]","HICU3812","Microsoft.Azure.PowerShell.Cmdlets.Migrate.Models.Api202001.IHealthErrorDetails[]","UEFI","2","2/13/2025 3:20:02 AM","Red Hat Enterprise Linux","Linux","8.4","Yes","HICP1326A",,"/subscriptions/bc602065-8f71-487b-9fa1-e872b4ce9a79/resourceGroups/rg-dcstratmig-prd-003/providers/Microsoft.OffAzure/HyperVSites/HYPV-AZ-MIGVA24225site/machines/8e9911e2-49ef-4443-9945-5ff278b2dfe4","8e9911e2-49ef-4443-9945-5ff278b2dfe4","False","False","False","Cluster","1048576","8e9911e2-49ef-4443-9945-5ff278b2dfe4","Microsoft.Azure.PowerShell.Cmdlets.Migrate.Models.Api202001.IHyperVNetworkAdapter[]","76","3","Red Hat Enterprise Linux","linuxguest","4.18.0","Running","Microsoft.OffAzure/HyperVSites/machines","2025-02-13T03:20:02.4136305Z","C:\ClusterStorage\Volume1\HICU3812\Virtual Machines\8E9911E2-49EF-4443-9945-5FF278B2DFE4.VMCX","hicu3812.olcc.lan","9.0"
"16384",,,,,,,,,,"DE449B1C-39DE-43FA-9D11-0CD441F675D0","6789-1518-8455-7448-6647-8775-91","HICP1310_Clu.olcc.lan","/subscriptions/bc602065-8f71-487b-9fa1-e872b4ce9a79/resourceGroups/rg-dcstratmig-prd-003/providers/Microsoft.OffAzure/HyperVSites/HYPV-AZ-MIGVA24225site/clusters/hicp1310-clu-olcc-lan-4fb0bd14-3fa8-4561-ad74-93b04087d47c","2025-02-11T20:31:31.9974435Z","Microsoft.Azure.PowerShell.Cmdlets.Migrate.Models.Api202001.IHyperVDisk[]","HICP2405B","Microsoft.Azure.PowerShell.Cmdlets.Migrate.Models.Api202001.IHealthErrorDetails[]","UEFI","2","2/13/2025 3:21:14 AM","Microsoft Windows Server 2019 Standard","Windows","10.0.17763","Yes","HICP1317",,"/subscriptions/bc602065-8f71-487b-9fa1-e872b4ce9a79/resourceGroups/rg-dcstratmig-prd-003/providers/Microsoft.OffAzure/HyperVSites/HYPV-AZ-MIGVA24225site/machines/e3b8a646-26b6-4b02-9f01-5568048b611b","e3b8a646-26b6-4b02-9f01-5568048b611b","False","False","False","Cluster","1048576","e3b8a646-26b6-4b02-9f01-5568048b611b","Microsoft.Azure.PowerShell.Cmdlets.Migrate.Models.Api202001.IHyperVNetworkAdapter[]","21","4","Windows Server 2019 Standard","windowsguest","10.0.17763","Running","Microsoft.OffAzure/HyperVSites/machines","2025-02-13T03:21:14.2166458Z","C:\ClusterStorage\Volume2\HICP2405B\Virtual Machines\E3B8A646-26B6-4B02-9F01-5568048B611B.VMCX","HICP2405B.olcc.lan","9.0"
"40960",,,,,,,,,,"1351506D-73EF-41CD-AC48-D9FB3D1C3F2F","2404-6481-7899-7380-0865-1558-14","HICP1310_Clu.olcc.lan","/subscriptions/bc602065-8f71-487b-9fa1-e872b4ce9a79/resourceGroups/rg-dcstratmig-prd-003/providers/Microsoft.OffAzure/HyperVSites/HYPV-AZ-MIGVA24225site/clusters/hicp1310-clu-olcc-lan-4fb0bd14-3fa8-4561-ad74-93b04087d47c","2025-02-11T20:31:32.2474525Z","Microsoft.Azure.PowerShell.Cmdlets.Migrate.Models.Api202001.IHyperVDisk[]","DC01-ORION-SW","Microsoft.Azure.PowerShell.Cmdlets.Migrate.Models.Api202001.IHealthErrorDetails[]","BIOS","1","2/13/2025 3:20:12 AM","Microsoft Windows Server 2019 Standard","Windows","10.0.17763","Yes","HICP1316",,"/subscriptions/bc602065-8f71-487b-9fa1-e872b4ce9a79/resourceGroups/rg-dcstratmig-prd-003/providers/Microsoft.OffAzure/HyperVSites/HYPV-AZ-MIGVA24225site/machines/1f3e82c9-ca83-4338-b39a-2807554098b2","1f3e82c9-ca83-4338-b39a-2807554098b2","False","False","False","Cluster","65536","1f3e82c9-ca83-4338-b39a-2807554098b2","Microsoft.Azure.PowerShell.Cmdlets.Migrate.Models.Api202001.IHyperVNetworkAdapter[]","70","8","Windows Server 2019 Standard","windowsguest","10.0.17763","Running","Microsoft.OffAzure/HyperVSites/machines","2025-02-13T15:06:14.5125791Z","C:\ClusterStorage\Volume13\DC01-ORION-SW\Virtual Machines\1F3E82C9-CA83-4338-B39A-2807554098B2.VMCX","DC01-ORION-SW.olcc.lan","9.0"
"4096",,,,,,,,,,"6B6B2A83-0E50-4F56-9B2C-48E5D2A62D58","5508-5485-2788-3027-4651-5665-99","HICP1310_Clu.olcc.lan","/subscriptions/bc602065-8f71-487b-9fa1-e872b4ce9a79/resourceGroups/rg-dcstratmig-prd-003/providers/Microsoft.OffAzure/HyperVSites/HYPV-AZ-MIGVA24225site/clusters/hicp1310-clu-olcc-lan-4fb0bd14-3fa8-4561-ad74-93b04087d47c","2025-02-11T20:31:32.4974164Z","Microsoft.Azure.PowerShell.Cmdlets.Migrate.Models.Api202001.IHyperVDisk[]","HICP8506","Microsoft.Azure.PowerShell.Cmdlets.Migrate.Models.Api202001.IHealthErrorDetails[]","UEFI","2","2/13/2025 3:21:04 AM","Microsoft Windows Server 2019 Standard","Windows","10.0.17763","Yes","HICP1310",,"/subscriptions/bc602065-8f71-487b-9fa1-e872b4ce9a79/resourceGroups/rg-dcstratmig-prd-003/providers/Microsoft.OffAzure/HyperVSites/HYPV-AZ-MIGVA24225site/machines/f4e3087b-1edd-4855-aeed-6a61ffd95ac3","f4e3087b-1edd-4855-aeed-6a61ffd95ac3","False","False","False","Cluster","1048576","f4e3087b-1edd-4855-aeed-6a61ffd95ac3","Microsoft.Azure.PowerShell.Cmdlets.Migrate.Models.Api202001.IHyperVNetworkAdapter[]","44","2","Windows Server 2019 Standard","windowsguest","10.0.17763","Running","Microsoft.OffAzure/HyperVSites/machines","2025-02-13T15:06:14.6219463Z","C:\ClusterStorage\Volume2\HICP8506\Virtual Machines\F4E3087B-1EDD-4855-AEED-6A61FFD95AC3.VMCX","HICP8506.olcc.lan","9.0"
"8192",,,,,,,,,,"C1B1CED2-964E-4294-97A3-80F061BC9809","4303-8057-7284-3312-5284-4951-72","HICP1326_CLU.olcc.lan","/subscriptions/bc602065-8f71-487b-9fa1-e872b4ce9a79/resourceGroups/rg-dcstratmig-prd-003/providers/Microsoft.OffAzure/HyperVSites/HYPV-AZ-MIGVA24225site/clusters/hicp1326-clu-olcc-lan-dfe304fe-4c9c-4a21-8ab7-565af1ada800","2025-02-11T20:31:32.7474673Z","Microsoft.Azure.PowerShell.Cmdlets.Migrate.Models.Api202001.IHyperVDisk[]","NP05-APP01B-TSW","Microsoft.Azure.PowerShell.Cmdlets.Migrate.Models.Api202001.IHealthErrorDetails[]","BIOS","1","2/13/2025 3:21:24 AM","Microsoft Windows Server 2019 Standard","Windows","10.0.17763","Yes","HICP1326A",,"/subscriptions/bc602065-8f71-487b-9fa1-e872b4ce9a79/resourceGroups/rg-dcstratmig-prd-003/providers/Microsoft.OffAzure/HyperVSites/HYPV-AZ-MIGVA24225site/machines/3f2c70e1-d9ce-4736-bd49-967ed9fa9d75","3f2c70e1-d9ce-4736-bd49-967ed9fa9d75","False","False","False","Cluster","65536","3f2c70e1-d9ce-4736-bd49-967ed9fa9d75","Microsoft.Azure.PowerShell.Cmdlets.Migrate.Models.Api202001.IHyperVNetworkAdapter[]","54","2","Windows Server 2019 Standard","windowsguest","10.0.17763","Running","Microsoft.OffAzure/HyperVSites/machines","2025-02-13T15:06:14.7469794Z","C:\ClusterStorage\Volume1\NP05-APP01B-TSW\Virtual Machines\3F2C70E1-D9CE-4736-BD49-967ED9FA9D75.VMCX","NP05-APP01B-TSW.olcc.lan","9.0"
"8192",,,,,,,,,,"3C624440-0AD0-4B99-887B-ABF8AE77B8E6","7564-0741-2885-2656-1562-3645-79","HICP1310_Clu.olcc.lan","/subscriptions/bc602065-8f71-487b-9fa1-e872b4ce9a79/resourceGroups/rg-dcstratmig-prd-003/providers/Microsoft.OffAzure/HyperVSites/HYPV-AZ-MIGVA24225site/clusters/hicp1310-clu-olcc-lan-4fb0bd14-3fa8-4561-ad74-93b04087d47c","2025-02-11T20:31:32.9974286Z","Microsoft.Azure.PowerShell.Cmdlets.Migrate.Models.Api202001.IHyperVDisk[]","FLOLVRMQPRD2","Microsoft.Azure.PowerShell.Cmdlets.Migrate.Models.Api202001.IHealthErrorDetails[]","BIOS","1","2/13/2025 3:20:41 AM","Microsoft Windows Server 2016 Standard","Windows","10.0.14393","Yes","HICP1319",,"/subscriptions/bc602065-8f71-487b-9fa1-e872b4ce9a79/resourceGroups/rg-dcstratmig-prd-003/providers/Microsoft.OffAzure/HyperVSites/HYPV-AZ-MIGVA24225site/machines/1119a121-d2f9-4acc-9eeb-c7b8ae573d78","1119a121-d2f9-4acc-9eeb-c7b8ae573d78","False","False","False","Cluster","65536","1119a121-d2f9-4acc-9eeb-c7b8ae573d78","Microsoft.Azure.PowerShell.Cmdlets.Migrate.Models.Api202001.IHyperVNetworkAdapter[]","49","4","Windows Server 2016 Standard","windowsguest","10.0.14393","Running","Microsoft.OffAzure/HyperVSites/machines","2025-02-13T15:06:14.8875652Z","C:\ClusterStorage\Volume13\FLOLVRMQPRD2\Virtual Machines\1119A121-D2F9-4ACC-9EEB-C7B8AE573D78.VMCX","FLOLVRMQPRD2.olcc.lan","9.0"
"12288",,,,,,,,,,"C6180D66-1C16-4ADA-A9F1-A0CE17EF3D7D","1414-6384-4166-6642-2355-0762-67","HICP1326_CLU.olcc.lan","/subscriptions/bc602065-8f71-487b-9fa1-e872b4ce9a79/resourceGroups/rg-dcstratmig-prd-003/providers/Microsoft.OffAzure/HyperVSites/HYPV-AZ-MIGVA24225site/clusters/hicp1326-clu-olcc-lan-dfe304fe-4c9c-4a21-8ab7-565af1ada800","2025-02-11T20:31:33.2474629Z","Microsoft.Azure.PowerShell.Cmdlets.Migrate.Models.Api202001.IHyperVDisk[]","HICU3801","Microsoft.Azure.PowerShell.Cmdlets.Migrate.Models.Api202001.IHealthErrorDetails[]","UEFI","2","2/13/2025 3:21:09 AM","Red Hat Enterprise Linux","Linux","8.4","Yes","HICP1326B",,"/subscriptions/bc602065-8f71-487b-9fa1-e872b4ce9a79/resourceGroups/rg-dcstratmig-prd-003/providers/Microsoft.OffAzure/HyperVSites/HYPV-AZ-MIGVA24225site/machines/08c90250-f911-4a98-a85c-a7fa112b4901","08c90250-f911-4a98-a85c-a7fa112b4901","False","False","False","Cluster","1048576","08c90250-f911-4a98-a85c-a7fa112b4901","Microsoft.Azure.PowerShell.Cmdlets.Migrate.Models.Api202001.IHyperVNetworkAdapter[]","76","2","Red Hat Enterprise Linux","linuxguest","4.18.0","Running","Microsoft.OffAzure/HyperVSites/machines","2025-02-13T03:21:09.7165627Z","C:\ClusterStorage\Volume1\HICU3801\Virtual Machines\08C90250-F911-4A98-A85C-A7FA112B4901.VMCX","HICU3801.olcc.lan","9.0"
"8192",,,,,,,,,,"6AC0A299-DDEA-4B38-A95E-616747F74B4F","3067-9256-2057-8319-1163-4100-31","HICP1323_CLU.olcc.lan","/subscriptions/bc602065-8f71-487b-9fa1-e872b4ce9a79/resourceGroups/rg-dcstratmig-prd-003/providers/Microsoft.OffAzure/HyperVSites/HYPV-AZ-MIGVA24225site/clusters/hicp1323-clu-olcc-lan-fe5137bc-e3d8-415b-9d54-c2debea3ef5d","2025-02-11T20:31:33.4975421Z","Microsoft.Azure.PowerShell.Cmdlets.Migrate.Models.Api202001.IHyperVDisk[]","HICP6510","Microsoft.Azure.PowerShell.Cmdlets.Migrate.Models.Api202001.IHealthErrorDetails[]","UEFI","2",,,,,"Yes","HICP1323B",,"/subscriptions/bc602065-8f71-487b-9fa1-e872b4ce9a79/resourceGroups/rg-dcstratmig-prd-003/providers/Microsoft.OffAzure/HyperVSites/HYPV-AZ-MIGVA24225site/machines/05f94cdd-54a4-4914-bb83-6c076814061d","05f94cdd-54a4-4914-bb83-6c076814061d","False","False","True","Cluster","1048576","05f94cdd-54a4-4914-bb83-6c076814061d","Microsoft.Azure.PowerShell.Cmdlets.Migrate.Models.Api202001.IHyperVNetworkAdapter[]","-1","4","Windows Server 2019 Standard","windowsguest","10.0.17763","Running","Microsoft.OffAzure/HyperVSites/machines","2025-02-13T03:46:55.0789185Z","C:\ClusterStorage\Volume2\HICP6510\Virtual Machines\05F94CDD-54A4-4914-BB83-6C076814061D.VMCX","HICP6510.olcc.lan","9.0"
"4096",,,,,,,,,,"90CC4D68-EBDB-47A5-9A48-628E83AB8EA9","8913-0503-1279-8487-8639-2520-92","HICP1310_Clu.olcc.lan","/subscriptions/bc602065-8f71-487b-9fa1-e872b4ce9a79/resourceGroups/rg-dcstratmig-prd-003/providers/Microsoft.OffAzure/HyperVSites/HYPV-AZ-MIGVA24225site/clusters/hicp1310-clu-olcc-lan-4fb0bd14-3fa8-4561-ad74-93b04087d47c","2025-02-11T20:31:33.7475587Z","Microsoft.Azure.PowerShell.Cmdlets.Migrate.Models.Api202001.IHyperVDisk[]","HICP2340A","Microsoft.Azure.PowerShell.Cmdlets.Migrate.Models.Api202001.IHealthErrorDetails[]","UEFI","2","2/13/2025 3:20:00 AM","Microsoft Windows Server 2022 Standard","Windows","10.0.20348","Yes","HICP1319",,"/subscriptions/bc602065-8f71-487b-9fa1-e872b4ce9a79/resourceGroups/rg-dcstratmig-prd-003/providers/Microsoft.OffAzure/HyperVSites/HYPV-AZ-MIGVA24225site/machines/3ed0bbd7-1817-477c-8c8a-f049e9815fca","3ed0bbd7-1817-477c-8c8a-f049e9815fca","False","False","False","Cluster","1048576","3ed0bbd7-1817-477c-8c8a-f049e9815fca","Microsoft.Azure.PowerShell.Cmdlets.Migrate.Models.Api202001.IHyperVNetworkAdapter[]","18","2","Windows Server 2022 Standard","windowsguest","10.0.20348","Running","Microsoft.OffAzure/HyperVSites/machines","2025-02-13T03:20:00.9136026Z","C:\ClusterStorage\Volume2\HICP2340A-1\Virtual Machines\3ED0BBD7-1817-477C-8C8A-F049E9815FCA.VMCX","HICP2340A.olcc.lan","9.0"
"16384",,,,,,,,,,"2680A645-218B-4815-AD77-9129669AB10C","2668-8603-3116-7564-7128-5253-95","HICP1326_CLU.olcc.lan","/subscriptions/bc602065-8f71-487b-9fa1-e872b4ce9a79/resourceGroups/rg-dcstratmig-prd-003/providers/Microsoft.OffAzure/HyperVSites/HYPV-AZ-MIGVA24225site/clusters/hicp1326-clu-olcc-lan-dfe304fe-4c9c-4a21-8ab7-565af1ada800","2025-02-11T20:31:33.9976555Z","Microsoft.Azure.PowerShell.Cmdlets.Migrate.Models.Api202001.IHyperVDisk[]","HICU2390D","Microsoft.Azure.PowerShell.Cmdlets.Migrate.Models.Api202001.IHealthErrorDetails[]","UEFI","2","2/13/2025 3:21:27 AM","Microsoft Windows Server 2019 Standard","Windows","10.0.17763","Yes","HICP1326B",,"/subscriptions/bc602065-8f71-487b-9fa1-e872b4ce9a79/resourceGroups/rg-dcstratmig-prd-003/providers/Microsoft.OffAzure/HyperVSites/HYPV-AZ-MIGVA24225site/machines/1c600b67-398a-46b0-9ed9-d70881da34e2","1c600b67-398a-46b0-9ed9-d70881da34e2","False","False","False","Cluster","1048576","1c600b67-398a-46b0-9ed9-d70881da34e2","Microsoft.Azure.PowerShell.Cmdlets.Migrate.Models.Api202001.IHyperVNetworkAdapter[]","23","8","Windows Server 2019 Standard","windowsguest","10.0.17763","Running","Microsoft.OffAzure/HyperVSites/machines","2025-02-13T03:21:27.8419246Z","C:\ClusterStorage\Volume2\HICU2390D\Virtual Machines\1C600B67-398A-46B0-9ED9-D70881DA34E2.VMCX","HICU2390D.olcc.lan","9.0"
"4096",,,,,,,,,,"C41CFB46-3BC5-4FBD-BE83-87E18CEEA856","7497-1290-5351-9353-2604-7580-56","HICP1326_CLU.olcc.lan","/subscriptions/bc602065-8f71-487b-9fa1-e872b4ce9a79/resourceGroups/rg-dcstratmig-prd-003/providers/Microsoft.OffAzure/HyperVSites/HYPV-AZ-MIGVA24225site/clusters/hicp1326-clu-olcc-lan-dfe304fe-4c9c-4a21-8ab7-565af1ada800","2025-02-11T20:31:34.2633529Z","Microsoft.Azure.PowerShell.Cmdlets.Migrate.Models.Api202001.IHyperVDisk[]","HICU8511A","Microsoft.Azure.PowerShell.Cmdlets.Migrate.Models.Api202001.IHealthErrorDetails[]","UEFI","2","2/13/2025 3:20:35 AM","Microsoft Windows Server 2019 Standard","Windows","10.0.17763","Yes","HICP1326D",,"/subscriptions/bc602065-8f71-487b-9fa1-e872b4ce9a79/resourceGroups/rg-dcstratmig-prd-003/providers/Microsoft.OffAzure/HyperVSites/HYPV-AZ-MIGVA24225site/machines/c2ab316d-70d9-4f33-b284-d8628efaae2c","c2ab316d-70d9-4f33-b284-d8628efaae2c","False","False","False","Cluster","1048576","c2ab316d-70d9-4f33-b284-d8628efaae2c","Microsoft.Azure.PowerShell.Cmdlets.Migrate.Models.Api202001.IHyperVNetworkAdapter[]","107","2","Windows Server 2019 Standard","windowsguest","10.0.17763","Running","Microsoft.OffAzure/HyperVSites/machines","2025-02-13T15:02:16.2688009Z","C:\ClusterStorage\Volume1\HICU8511A\Virtual Machines\C2AB316D-70D9-4F33-B284-D8628EFAAE2C.VMCX","HICU8511A.olcc.lan","9.0"
"8192",,,,,,,,,,"E3C7DA76-4BED-41B0-A5CC-ABBE0CED2CE0","2884-7188-3844-6924-5941-3912-98","HICP1310_Clu.olcc.lan","/subscriptions/bc602065-8f71-487b-9fa1-e872b4ce9a79/resourceGroups/rg-dcstratmig-prd-003/providers/Microsoft.OffAzure/HyperVSites/HYPV-AZ-MIGVA24225site/clusters/hicp1310-clu-olcc-lan-4fb0bd14-3fa8-4561-ad74-93b04087d47c","2025-02-11T20:31:34.4977219Z","Microsoft.Azure.PowerShell.Cmdlets.Migrate.Models.Api202001.IHyperVDisk[]","HICP2226C","Microsoft.Azure.PowerShell.Cmdlets.Migrate.Models.Api202001.IHealthErrorDetails[]","UEFI","2","2/13/2025 3:19:59 AM","Microsoft Windows Server 2019 Standard","Windows","10.0.17763","Yes","HICP1316",,"/subscriptions/bc602065-8f71-487b-9fa1-e872b4ce9a79/resourceGroups/rg-dcstratmig-prd-003/providers/Microsoft.OffAzure/HyperVSites/HYPV-AZ-MIGVA24225site/machines/f8334530-9fd7-459b-aac0-78cbc14fb138","f8334530-9fd7-459b-aac0-78cbc14fb138","False","False","False","Cluster","1048576","f8334530-9fd7-459b-aac0-78cbc14fb138","Microsoft.Azure.PowerShell.Cmdlets.Migrate.Models.Api202001.IHyperVNetworkAdapter[]","15","4","Windows Server 2019 Standard","windowsguest","10.0.17763","Running","Microsoft.OffAzure/HyperVSites/machines","2025-02-13T15:06:14.9969740Z","C:\ClusterStorage\Volume14\HICP2226C\Virtual Machines\F8334530-9FD7-459B-AAC0-78CBC14FB138.VMCX","HICP2226C.olcc.lan","9.0"
"4096",,,,,,,,,,"231E7764-0D6D-41EA-BC8C-CC58C1F7665D","7292-8474-2040-7698-1246-6054-26","HICP1310_Clu.olcc.lan","/subscriptions/bc602065-8f71-487b-9fa1-e872b4ce9a79/resourceGroups/rg-dcstratmig-prd-003/providers/Microsoft.OffAzure/HyperVSites/HYPV-AZ-MIGVA24225site/clusters/hicp1310-clu-olcc-lan-4fb0bd14-3fa8-4561-ad74-93b04087d47c","2025-02-11T20:31:34.7476792Z","Microsoft.Azure.PowerShell.Cmdlets.Migrate.Models.Api202001.IHyperVDisk[]","FLWIN732RSA2","Microsoft.Azure.PowerShell.Cmdlets.Migrate.Models.Api202001.IHealthErrorDetails[]","BIOS","1",,,,,"Yes","HICP1312",,"/subscriptions/bc602065-8f71-487b-9fa1-e872b4ce9a79/resourceGroups/rg-dcstratmig-prd-003/providers/Microsoft.OffAzure/HyperVSites/HYPV-AZ-MIGVA24225site/machines/7475798f-ebaa-466b-ac30-9264bc94c4b5","7475798f-ebaa-466b-ac30-9264bc94c4b5","False","False","True","Cluster","65536","7475798f-ebaa-466b-ac30-9264bc94c4b5","Microsoft.Azure.PowerShell.Cmdlets.Migrate.Models.Api202001.IHyperVNetworkAdapter[]","-1","2",,"otherguestfamily",,"PowerOff","Microsoft.OffAzure/HyperVSites/machines","2025-02-13T03:21:40.0078679Z","C:\ClusterStorage\Volume12\FLWIN732RSA2\Virtual Machines\7475798F-EBAA-466B-AC30-9264BC94C4B5.VMCX","","9.0"
"1024",,,,,,,,,,"7BF435D4-5B0D-47C2-8181-115F02BA8223","1397-9576-1505-6077-0105-9256-41","HICP1310_Clu.olcc.lan","/subscriptions/bc602065-8f71-487b-9fa1-e872b4ce9a79/resourceGroups/rg-dcstratmig-prd-003/providers/Microsoft.OffAzure/HyperVSites/HYPV-AZ-MIGVA24225site/clusters/hicp1310-clu-olcc-lan-4fb0bd14-3fa8-4561-ad74-93b04087d47c","2025-02-12T22:42:53.8628280Z","Microsoft.Azure.PowerShell.Cmdlets.Migrate.Models.Api202001.IHyperVDisk[]","HICP1204","Microsoft.Azure.PowerShell.Cmdlets.Migrate.Models.Api202001.IHealthErrorDetails[]","UEFI","2",,,,,"Yes","HICP1315",,"/subscriptions/bc602065-8f71-487b-9fa1-e872b4ce9a79/resourceGroups/rg-dcstratmig-prd-003/providers/Microsoft.OffAzure/HyperVSites/HYPV-AZ-MIGVA24225site/machines/69aef02e-7377-427b-9339-6fca234dbe32","69aef02e-7377-427b-9339-6fca234dbe32","False","False","True","Cluster","1048576","69aef02e-7377-427b-9339-6fca234dbe32","Microsoft.Azure.PowerShell.Cmdlets.Migrate.Models.Api202001.IHyperVNetworkAdapter[]","-1","1",,"otherguestfamily",,"PowerOff","Microsoft.OffAzure/HyperVSites/machines","2025-02-13T03:21:39.7578873Z","C:\ClusterStorage\Volume14\HICP1204\Virtual Machines\69AEF02E-7377-427B-9339-6FCA234DBE32.VMCX","","9.0"
