"AllocatedMemoryInMb","AppAndRoleApplication","AppAndRoleBizTalkServer","AppAndRoleExchangeServer","AppAndRoleFeature","AppAndRoleOtherDatabase","AppAndRoleSharePointServer","AppAndRoleSqlServer","AppAndRoleSystemCenter","AppAndRoleWebApplication","BiosGuid","BiosSerialNumber","ClusterFqdn","ClusterId","CreatedTimestamp","Disk","DisplayName","Error","Firmware","Generation","GuestDetailsDiscoveryTimestamp","GuestOSDetailOsname","GuestOSDetailOstype","GuestOSDetailOsversion","HighAvailability","HostFqdn","HostId","Id","InstanceUuid","IsDeleted","IsDynamicMemoryEnabled","IsGuestDetailsDiscoveryInProgress","ManagementServerType","MaxMemoryMb","Name","NetworkAdapter","NumberOfApplication","NumberOfProcessorCore","OperatingSystemDetailOSName","OperatingSystemDetailOSType","OperatingSystemDetailOSVersion","PowerStatus","Type","UpdatedTimestamp","VMConfigurationFileLocation","VMFqdn","Version"
"4096",,,,,,,,,,"62311CBE-7D97-4116-8257-8B31E3FF3849","2103-1781-4687-3289-9387-0994-90","HICP1320_CLU.olcc.lan","/subscriptions/bc602065-8f71-487b-9fa1-e872b4ce9a79/resourceGroups/rg-dcstratmig-prd-004/providers/Microsoft.OffAzure/HyperVSites/HYPV-DAL-AZ-VA1534site/clusters/hicp1320-clu-olcc-lan-31e1b8b3-0964-4bf3-b3c6-23cd3b478dfd","2025-02-14T18:18:51.3994537Z","Microsoft.Azure.PowerShell.Cmdlets.Migrate.Models.Api202001.IHyperVDisk[]","HICD2002","Microsoft.Azure.PowerShell.Cmdlets.Migrate.Models.Api202001.IHealthErrorDetails[]","BIOS","1","2/18/2025 1:50:57 PM","Microsoft Windows Server 2019 Standard","Windows","10.0.17763","Yes","HICP1320J",,"/subscriptions/bc602065-8f71-487b-9fa1-e872b4ce9a79/resourceGroups/rg-dcstratmig-prd-004/providers/Microsoft.OffAzure/HyperVSites/HYPV-DAL-AZ-VA1534site/machines/2c4941c5-6e5b-41ef-9626-88df695e8471","2c4941c5-6e5b-41ef-9626-88df695e8471","False","False","False","Cluster","65536","2c4941c5-6e5b-41ef-9626-88df695e8471","Microsoft.Azure.PowerShell.Cmdlets.Migrate.Models.Api202001.IHyperVNetworkAdapter[]","29","2","Windows Server 2019 Standard","windowsguest","10.0.17763","Running","Microsoft.OffAzure/HyperVSites/machines","2025-02-18T13:51:56.6044246Z","C:\ClusterStorage\Volume5\HICD2002\Virtual Machines\2C4941C5-6E5B-41EF-9626-88DF695E8471.VMCX","HICD2002.olcc.lan","9.0"
"4096",,,,,,,,,,"0A1CBDCF-614D-414D-A890-058824801CBD","9085-3434-7116-7624-6312-0919-81","HICP1320_CLU.olcc.lan","/subscriptions/bc602065-8f71-487b-9fa1-e872b4ce9a79/resourceGroups/rg-dcstratmig-prd-004/providers/Microsoft.OffAzure/HyperVSites/HYPV-DAL-AZ-VA1534site/clusters/hicp1320-clu-olcc-lan-31e1b8b3-0964-4bf3-b3c6-23cd3b478dfd","2025-02-14T18:18:51.6651783Z","Microsoft.Azure.PowerShell.Cmdlets.Migrate.Models.Api202001.IHyperVDisk[]","HICD2384","Microsoft.Azure.PowerShell.Cmdlets.Migrate.Models.Api202001.IHealthErrorDetails[]","UEFI","2","2/18/2025 1:51:00 PM","Microsoft Windows Server 2019 Standard","Windows","10.0.17763","Yes","HICP1320K",,"/subscriptions/bc602065-8f71-487b-9fa1-e872b4ce9a79/resourceGroups/rg-dcstratmig-prd-004/providers/Microsoft.OffAzure/HyperVSites/HYPV-DAL-AZ-VA1534site/machines/c0aae8fb-864d-482e-b0ab-2d1827e34a47","c0aae8fb-864d-482e-b0ab-2d1827e34a47","False","False","False","Cluster","1048576","c0aae8fb-864d-482e-b0ab-2d1827e34a47","Microsoft.Azure.PowerShell.Cmdlets.Migrate.Models.Api202001.IHyperVNetworkAdapter[]","11","2","Windows Server 2019 Standard","windowsguest","10.0.17763","Running","Microsoft.OffAzure/HyperVSites/machines","2025-02-18T13:51:59.6669296Z","C:\ClusterStorage\Volume6\HICD2384-1\Virtual Machines\C0AAE8FB-864D-482E-B0AB-2D1827E34A47.VMCX","HICD2384.olcc.lan","9.0"
"16384",,,,,,,,,,"456A89A7-0F0D-4E8A-B098-F59CBDB6501A","1861-3564-2799-0019-4529-0676-53","HICP1320_CLU.olcc.lan","/subscriptions/bc602065-8f71-487b-9fa1-e872b4ce9a79/resourceGroups/rg-dcstratmig-prd-004/providers/Microsoft.OffAzure/HyperVSites/HYPV-DAL-AZ-VA1534site/clusters/hicp1320-clu-olcc-lan-31e1b8b3-0964-4bf3-b3c6-23cd3b478dfd","2025-02-14T18:18:51.9306780Z","Microsoft.Azure.PowerShell.Cmdlets.Migrate.Models.Api202001.IHyperVDisk[]","NP01-APP02-ADM","Microsoft.Azure.PowerShell.Cmdlets.Migrate.Models.Api202001.IHealthErrorDetails[]","BIOS","1","2/19/2025 1:49:54 PM","Microsoft Windows Server 2019 Standard","Windows","10.0.17763","Yes","HICP1320H",,"/subscriptions/bc602065-8f71-487b-9fa1-e872b4ce9a79/resourceGroups/rg-dcstratmig-prd-004/providers/Microsoft.OffAzure/HyperVSites/HYPV-DAL-AZ-VA1534site/machines/b3ad00f6-d50a-488f-9e6a-95160eefdd62","b3ad00f6-d50a-488f-9e6a-95160eefdd62","False","False","False","Cluster","65536","b3ad00f6-d50a-488f-9e6a-95160eefdd62","Microsoft.Azure.PowerShell.Cmdlets.Migrate.Models.Api202001.IHyperVNetworkAdapter[]","109","2","Windows Server 2019 Standard","windowsguest","10.0.17763","Running","Microsoft.OffAzure/HyperVSites/machines","2025-02-19T13:50:13.7691913Z","C:\ClusterStorage\Volume6\NP01-APP02-ADM\Virtual Machines\B3AD00F6-D50A-488F-9E6A-95160EEFDD62.VMCX","NP01-APP02-ADM.olcc.lan","9.0"
"6144",,,,,,,,,,"4E87C341-86BD-42B8-A901-44B06ADEEB9A","8721-5127-4639-6494-5915-2810-33","HICP1320_CLU.olcc.lan","/subscriptions/bc602065-8f71-487b-9fa1-e872b4ce9a79/resourceGroups/rg-dcstratmig-prd-004/providers/Microsoft.OffAzure/HyperVSites/HYPV-DAL-AZ-VA1534site/clusters/hicp1320-clu-olcc-lan-31e1b8b3-0964-4bf3-b3c6-23cd3b478dfd","2025-02-14T18:18:52.1806474Z","Microsoft.Azure.PowerShell.Cmdlets.Migrate.Models.Api202001.IHyperVDisk[]","HICQ2226C","Microsoft.Azure.PowerShell.Cmdlets.Migrate.Models.Api202001.IHealthErrorDetails[]","UEFI","2","2/17/2025 6:12:21 PM","Microsoft Windows Server 2019 Standard","Windows","10.0.17763","Yes","HICP1320D",,"/subscriptions/bc602065-8f71-487b-9fa1-e872b4ce9a79/resourceGroups/rg-dcstratmig-prd-004/providers/Microsoft.OffAzure/HyperVSites/HYPV-DAL-AZ-VA1534site/machines/34ff708c-cd99-4ade-aea3-8ebbd6f9942c","34ff708c-cd99-4ade-aea3-8ebbd6f9942c","False","False","False","Cluster","1048576","34ff708c-cd99-4ade-aea3-8ebbd6f9942c","Microsoft.Azure.PowerShell.Cmdlets.Migrate.Models.Api202001.IHyperVNetworkAdapter[]","22","2","Windows Server 2019 Standard","windowsguest","10.0.17763","Running","Microsoft.OffAzure/HyperVSites/machines","2025-02-18T13:51:31.3856166Z","C:\ClusterStorage\Volume6\HICQ2226C\Virtual Machines\34FF708C-CD99-4ADE-AEA3-8EBBD6F9942C.VMCX","HICQ2226C.olcc.lan","9.0"
"8192",,,,,,,,,,"AFA6291C-4300-44FE-A36B-17DDB37891AA","3383-8513-9464-5865-3226-3755-99","HICP1320_CLU.olcc.lan","/subscriptions/bc602065-8f71-487b-9fa1-e872b4ce9a79/resourceGroups/rg-dcstratmig-prd-004/providers/Microsoft.OffAzure/HyperVSites/HYPV-DAL-AZ-VA1534site/clusters/hicp1320-clu-olcc-lan-31e1b8b3-0964-4bf3-b3c6-23cd3b478dfd","2025-02-14T18:18:52.4306753Z","Microsoft.Azure.PowerShell.Cmdlets.Migrate.Models.Api202001.IHyperVDisk[]","DC01-RDLI19-SVR","Microsoft.Azure.PowerShell.Cmdlets.Migrate.Models.Api202001.IHealthErrorDetails[]","BIOS","1",,,,,"Yes","HICP1320C",,"/subscriptions/bc602065-8f71-487b-9fa1-e872b4ce9a79/resourceGroups/rg-dcstratmig-prd-004/providers/Microsoft.OffAzure/HyperVSites/HYPV-DAL-AZ-VA1534site/machines/885f9afa-f7b7-46b2-87c2-2d16d4a5b6b2","885f9afa-f7b7-46b2-87c2-2d16d4a5b6b2","False","False","True","Cluster","65536","885f9afa-f7b7-46b2-87c2-2d16d4a5b6b2","Microsoft.Azure.PowerShell.Cmdlets.Migrate.Models.Api202001.IHyperVNetworkAdapter[]","-1","4",,"otherguestfamily",,"PowerOff","Microsoft.OffAzure/HyperVSites/machines","2025-02-18T13:52:08.9950708Z","C:\ClusterStorage\volume9\atlanta_replication\Hyper-V Replica\Virtual Machines\885F9AFA-F7B7-46B2-87C2-2D16D4A5B6B2.VMCX","","9.0"
"4096",,,,,,,,,,"8D9271E5-1A4A-468F-868D-322F0909920E","6120-4180-5445-2820-4769-4394-08","HICP1320_CLU.olcc.lan","/subscriptions/bc602065-8f71-487b-9fa1-e872b4ce9a79/resourceGroups/rg-dcstratmig-prd-004/providers/Microsoft.OffAzure/HyperVSites/HYPV-DAL-AZ-VA1534site/clusters/hicp1320-clu-olcc-lan-31e1b8b3-0964-4bf3-b3c6-23cd3b478dfd","2025-02-14T18:18:52.6806435Z","Microsoft.Azure.PowerShell.Cmdlets.Migrate.Models.Api202001.IHyperVDisk[]","DC01-WEB-01","Microsoft.Azure.PowerShell.Cmdlets.Migrate.Models.Api202001.IHealthErrorDetails[]","BIOS","1",,,,,"Yes","HICP1320H",,"/subscriptions/bc602065-8f71-487b-9fa1-e872b4ce9a79/resourceGroups/rg-dcstratmig-prd-004/providers/Microsoft.OffAzure/HyperVSites/HYPV-DAL-AZ-VA1534site/machines/c8828f33-dd09-4006-b0f4-2222db34824b","c8828f33-dd09-4006-b0f4-2222db34824b","False","False","True","Cluster","65536","c8828f33-dd09-4006-b0f4-2222db34824b","Microsoft.Azure.PowerShell.Cmdlets.Migrate.Models.Api202001.IHyperVNetworkAdapter[]","-1","2",,"otherguestfamily",,"PowerOff","Microsoft.OffAzure/HyperVSites/machines","2025-02-18T13:52:14.8544265Z","C:\ClusterStorage\volume9\atlanta_replication\Hyper-V Replica\Virtual Machines\C8828F33-DD09-4006-B0F4-2222DB34824B.VMCX","","9.0"
"8192",,,,,,,,,,"69F1BFD0-49E0-4DEB-AE0F-868A343FB912","2584-2629-0970-1167-9172-0126-19","HICP1320_CLU.olcc.lan","/subscriptions/bc602065-8f71-487b-9fa1-e872b4ce9a79/resourceGroups/rg-dcstratmig-prd-004/providers/Microsoft.OffAzure/HyperVSites/HYPV-DAL-AZ-VA1534site/clusters/hicp1320-clu-olcc-lan-31e1b8b3-0964-4bf3-b3c6-23cd3b478dfd","2025-02-14T18:18:52.9306817Z","Microsoft.Azure.PowerShell.Cmdlets.Migrate.Models.Api202001.IHyperVDisk[]","HICP2380A","Microsoft.Azure.PowerShell.Cmdlets.Migrate.Models.Api202001.IHealthErrorDetails[]","UEFI","2",,,,,"Yes","HICP1320B",,"/subscriptions/bc602065-8f71-487b-9fa1-e872b4ce9a79/resourceGroups/rg-dcstratmig-prd-004/providers/Microsoft.OffAzure/HyperVSites/HYPV-DAL-AZ-VA1534site/machines/7e11b4da-688c-468c-b25c-8c026df01cd8","7e11b4da-688c-468c-b25c-8c026df01cd8","False","False","True","Cluster","1048576","7e11b4da-688c-468c-b25c-8c026df01cd8","Microsoft.Azure.PowerShell.Cmdlets.Migrate.Models.Api202001.IHyperVNetworkAdapter[]","-1","2",,"otherguestfamily",,"PowerOff","Microsoft.OffAzure/HyperVSites/machines","2025-02-18T13:51:40.4637673Z","C:\ClusterStorage\volume9\atlanta_replication\Hyper-V Replica\Virtual Machines\7E11B4DA-688C-468C-B25C-8C026DF01CD8.VMCX","","9.0"
"4096",,,,,,,,,,"4E87C341-86BD-42B8-A901-44B06ADEEB9A","8721-5127-4639-6494-5915-2810-33","HICP1320_CLU.olcc.lan","/subscriptions/bc602065-8f71-487b-9fa1-e872b4ce9a79/resourceGroups/rg-dcstratmig-prd-004/providers/Microsoft.OffAzure/HyperVSites/HYPV-DAL-AZ-VA1534site/clusters/hicp1320-clu-olcc-lan-31e1b8b3-0964-4bf3-b3c6-23cd3b478dfd","2025-02-14T18:18:53.1806930Z","Microsoft.Azure.PowerShell.Cmdlets.Migrate.Models.Api202001.IHyperVDisk[]","HICD2224A","Microsoft.Azure.PowerShell.Cmdlets.Migrate.Models.Api202001.IHealthErrorDetails[]","UEFI","2","2/18/2025 1:50:25 PM","Microsoft Windows Server 2019 Standard","Windows","10.0.17763","Yes","HICP1320D",,"/subscriptions/bc602065-8f71-487b-9fa1-e872b4ce9a79/resourceGroups/rg-dcstratmig-prd-004/providers/Microsoft.OffAzure/HyperVSites/HYPV-DAL-AZ-VA1534site/machines/fd615c20-c35f-4cc5-b1d5-0cf3223bc84b","fd615c20-c35f-4cc5-b1d5-0cf3223bc84b","False","False","False","Cluster","1048576","fd615c20-c35f-4cc5-b1d5-0cf3223bc84b","Microsoft.Azure.PowerShell.Cmdlets.Migrate.Models.Api202001.IHyperVNetworkAdapter[]","61","2","Windows Server 2019 Standard","windowsguest","10.0.17763","Running","Microsoft.OffAzure/HyperVSites/machines","2025-02-19T13:50:20.2692390Z","C:\ClusterStorage\Volume8\HICD2224A\Virtual Machines\FD615C20-C35F-4CC5-B1D5-0CF3223BC84B.VMCX","HICD2224A.olcc.lan","9.0"
"4096",,,,,,,,,,"732BF8FF-9A5C-4108-A5CA-4D941D9B9247","2627-6568-2689-5923-0328-6527-86","HICP1320_CLU.olcc.lan","/subscriptions/bc602065-8f71-487b-9fa1-e872b4ce9a79/resourceGroups/rg-dcstratmig-prd-004/providers/Microsoft.OffAzure/HyperVSites/HYPV-DAL-AZ-VA1534site/clusters/hicp1320-clu-olcc-lan-31e1b8b3-0964-4bf3-b3c6-23cd3b478dfd","2025-02-14T18:18:53.4306565Z","Microsoft.Azure.PowerShell.Cmdlets.Migrate.Models.Api202001.IHyperVDisk[]","HICP3503","Microsoft.Azure.PowerShell.Cmdlets.Migrate.Models.Api202001.IHealthErrorDetails[]","BIOS","1",,,,,"Yes","HICP1320D",,"/subscriptions/bc602065-8f71-487b-9fa1-e872b4ce9a79/resourceGroups/rg-dcstratmig-prd-004/providers/Microsoft.OffAzure/HyperVSites/HYPV-DAL-AZ-VA1534site/machines/a528982f-1bec-493b-93a5-337ab6498b2d","a528982f-1bec-493b-93a5-337ab6498b2d","False","False","True","Cluster","1048576","a528982f-1bec-493b-93a5-337ab6498b2d","Microsoft.Azure.PowerShell.Cmdlets.Migrate.Models.Api202001.IHyperVNetworkAdapter[]","-1","2","Rocky Linux","linuxguest","5.14.0","Running","Microsoft.OffAzure/HyperVSites/machines","2025-02-18T13:51:49.0106499Z","C:\ClusterStorage\Volume5\HICN3502\Virtual Machines\A528982F-1BEC-493B-93A5-337AB6498B2D.VMCX","hicp3503.olcc.lan","9.0"
"8192",,,,,,,,,,"64161FC5-4B5C-4058-A277-3BC140B3E602","3740-3623-1353-3369-9283-5019-16",,"/subscriptions/bc602065-8f71-487b-9fa1-e872b4ce9a79/resourceGroups/rg-dcstratmig-prd-004/providers/Microsoft.OffAzure/HyperVSites/HYPV-DAL-AZ-VA1534site/clusters/hicp1320-clu-olcc-lan-31e1b8b3-0964-4bf3-b3c6-23cd3b478dfd","2025-02-14T18:18:53.6807037Z","Microsoft.Azure.PowerShell.Cmdlets.Migrate.Models.Api202001.IHyperVDisk[]","HYPV-DAL-AZ-VA","Microsoft.Azure.PowerShell.Cmdlets.Migrate.Models.Api202001.IHealthErrorDetails[]","BIOS","1",,,,,"No","HICP1320E",,"/subscriptions/bc602065-8f71-487b-9fa1-e872b4ce9a79/resourceGroups/rg-dcstratmig-prd-004/providers/Microsoft.OffAzure/HyperVSites/HYPV-DAL-AZ-VA1534site/machines/cdd3fd76-63c8-42c5-99ba-38dee866a270","cdd3fd76-63c8-42c5-99ba-38dee866a270","False","True","True","Cluster","16384","cdd3fd76-63c8-42c5-99ba-38dee866a270","Microsoft.Azure.PowerShell.Cmdlets.Migrate.Models.Api202001.IHyperVNetworkAdapter[]","-1","8","Windows Server 2022 Datacenter Evaluation","windowsguest","10.0.20348","Running","Microsoft.OffAzure/HyperVSites/machines","2025-02-18T13:51:26.3387105Z","C:\ClusterStorage\Volume8\AzureMigrateAppliance_v25\Virtual Machines\CDD3FD76-63C8-42C5-99BA-38DEE866A270.xml","HYPV-DAL-AZ-VA.olcc.lan","5.0"
"16384",,,,,,,,,,"30832A86-C11F-40C2-B54C-CCF07363B8CF","9650-7998-0428-4304-8533-7080-98","HICP1320_CLU.olcc.lan","/subscriptions/bc602065-8f71-487b-9fa1-e872b4ce9a79/resourceGroups/rg-dcstratmig-prd-004/providers/Microsoft.OffAzure/HyperVSites/HYPV-DAL-AZ-VA1534site/clusters/hicp1320-clu-olcc-lan-31e1b8b3-0964-4bf3-b3c6-23cd3b478dfd","2025-02-14T18:18:53.9306481Z","Microsoft.Azure.PowerShell.Cmdlets.Migrate.Models.Api202001.IHyperVDisk[]","FLOLVSQLQA10","Microsoft.Azure.PowerShell.Cmdlets.Migrate.Models.Api202001.IHealthErrorDetails[]","UEFI","2","2/18/2025 1:50:20 PM","Microsoft Windows Server 2012 R2 Standard","Windows","6.3.9600","Yes","HICP1320H",,"/subscriptions/bc602065-8f71-487b-9fa1-e872b4ce9a79/resourceGroups/rg-dcstratmig-prd-004/providers/Microsoft.OffAzure/HyperVSites/HYPV-DAL-AZ-VA1534site/machines/c948823c-ab89-405e-8020-2233371bb056","c948823c-ab89-405e-8020-2233371bb056","False","False","False","Cluster","1048576","c948823c-ab89-405e-8020-2233371bb056","Microsoft.Azure.PowerShell.Cmdlets.Migrate.Models.Api202001.IHyperVNetworkAdapter[]","88","2","Windows Server 2012 R2 Standard","windowsguest","6.3.9600","Running","Microsoft.OffAzure/HyperVSites/machines","2025-02-20T03:20:42.3640991Z","C:\ClusterStorage\Volume10\FLOLVSQLQA10\Virtual Machines\C948823C-AB89-405E-8020-2233371BB056.VMCX","FLOLVSQLQA10.olcc.lan","9.0"
"16384",,,,,,,,,,"E27043A5-5893-4C46-8421-B7121066C29F","5044-2502-8353-7110-2920-2833-38","HICP1320_CLU.olcc.lan","/subscriptions/bc602065-8f71-487b-9fa1-e872b4ce9a79/resourceGroups/rg-dcstratmig-prd-004/providers/Microsoft.OffAzure/HyperVSites/HYPV-DAL-AZ-VA1534site/clusters/hicp1320-clu-olcc-lan-31e1b8b3-0964-4bf3-b3c6-23cd3b478dfd","2025-02-14T18:18:54.1807132Z","Microsoft.Azure.PowerShell.Cmdlets.Migrate.Models.Api202001.IHyperVDisk[]","HICQ3521","Microsoft.Azure.PowerShell.Cmdlets.Migrate.Models.Api202001.IHealthErrorDetails[]","UEFI","2",,,,,"Yes","HICP1320H",,"/subscriptions/bc602065-8f71-487b-9fa1-e872b4ce9a79/resourceGroups/rg-dcstratmig-prd-004/providers/Microsoft.OffAzure/HyperVSites/HYPV-DAL-AZ-VA1534site/machines/63a4bbd7-0d04-4429-b518-bd6fc38ff01a","63a4bbd7-0d04-4429-b518-bd6fc38ff01a","False","False","True","Cluster","1048576","63a4bbd7-0d04-4429-b518-bd6fc38ff01a","Microsoft.Azure.PowerShell.Cmdlets.Migrate.Models.Api202001.IHyperVNetworkAdapter[]","-1","4","CentOS Stream","linuxguest","4.18.0","Running","Microsoft.OffAzure/HyperVSites/machines","2025-02-18T13:51:24.8231338Z","C:\ClusterStorage\Volume8\HICQ3521\Virtual Machines\63A4BBD7-0D04-4429-B518-BD6FC38FF01A.VMCX","HICQ3521.olcc.lan","9.0"
"32768",,,,,,,,,,"D63ABC01-07E7-4CCB-9C8F-CFAE14657193","3661-9434-7014-0191-6923-6626-01","HICP1320_CLU.olcc.lan","/subscriptions/bc602065-8f71-487b-9fa1-e872b4ce9a79/resourceGroups/rg-dcstratmig-prd-004/providers/Microsoft.OffAzure/HyperVSites/HYPV-DAL-AZ-VA1534site/clusters/hicp1320-clu-olcc-lan-31e1b8b3-0964-4bf3-b3c6-23cd3b478dfd","2025-02-14T18:18:54.4306944Z","Microsoft.Azure.PowerShell.Cmdlets.Migrate.Models.Api202001.IHyperVDisk[]","HICP0050A","Microsoft.Azure.PowerShell.Cmdlets.Migrate.Models.Api202001.IHealthErrorDetails[]","BIOS","1",,,,,"Yes","HICP1320A",,"/subscriptions/bc602065-8f71-487b-9fa1-e872b4ce9a79/resourceGroups/rg-dcstratmig-prd-004/providers/Microsoft.OffAzure/HyperVSites/HYPV-DAL-AZ-VA1534site/machines/4f684249-4a62-48a8-b9e0-4fb6f8ff42fe","4f684249-4a62-48a8-b9e0-4fb6f8ff42fe","False","False","True","Cluster","1048576","4f684249-4a62-48a8-b9e0-4fb6f8ff42fe","Microsoft.Azure.PowerShell.Cmdlets.Migrate.Models.Api202001.IHyperVNetworkAdapter[]","-1","8",,"otherguestfamily",,"PowerOff","Microsoft.OffAzure/HyperVSites/machines","2025-02-18T13:51:27.8699585Z","C:\ClusterStorage\volume9\atlanta_replication\Hyper-V Replica\Virtual Machines\4F684249-4A62-48A8-B9E0-4FB6F8FF42FE.VMCX","","9.0"
"4096",,,,,,,,,,"4E87C341-86BD-42B8-A901-44B06ADEEB9A","8721-5127-4639-6494-5915-2810-33","HICP1320_CLU.olcc.lan","/subscriptions/bc602065-8f71-487b-9fa1-e872b4ce9a79/resourceGroups/rg-dcstratmig-prd-004/providers/Microsoft.OffAzure/HyperVSites/HYPV-DAL-AZ-VA1534site/clusters/hicp1320-clu-olcc-lan-31e1b8b3-0964-4bf3-b3c6-23cd3b478dfd","2025-02-14T18:18:54.6807188Z","Microsoft.Azure.PowerShell.Cmdlets.Migrate.Models.Api202001.IHyperVDisk[]","HICQ8519A","Microsoft.Azure.PowerShell.Cmdlets.Migrate.Models.Api202001.IHealthErrorDetails[]","UEFI","2","2/18/2025 1:50:45 PM","Microsoft Windows Server 2019 Standard","Windows","10.0.17763","Yes","HICP1320J",,"/subscriptions/bc602065-8f71-487b-9fa1-e872b4ce9a79/resourceGroups/rg-dcstratmig-prd-004/providers/Microsoft.OffAzure/HyperVSites/HYPV-DAL-AZ-VA1534site/machines/d940a558-62b0-40c6-aeab-f3886c4f456d","d940a558-62b0-40c6-aeab-f3886c4f456d","False","False","False","Cluster","1048576","d940a558-62b0-40c6-aeab-f3886c4f456d","Microsoft.Azure.PowerShell.Cmdlets.Migrate.Models.Api202001.IHyperVNetworkAdapter[]","21","2",,"otherguestfamily",,"PowerOff","Microsoft.OffAzure/HyperVSites/machines","2025-02-19T14:50:21.7290110Z","C:\ClusterStorage\Volume6\HICQ8519A\Virtual Machines\D940A558-62B0-40C6-AEAB-F3886C4F456D.VMCX","","9.0"
"8192",,,,,,,,,,"4F6EDCB3-4E57-4E5D-9566-A5F193A4EA4B","3793-0040-7070-5899-8818-6456-24","HICP1320_CLU.olcc.lan","/subscriptions/bc602065-8f71-487b-9fa1-e872b4ce9a79/resourceGroups/rg-dcstratmig-prd-004/providers/Microsoft.OffAzure/HyperVSites/HYPV-DAL-AZ-VA1534site/clusters/hicp1320-clu-olcc-lan-31e1b8b3-0964-4bf3-b3c6-23cd3b478dfd","2025-02-14T18:18:54.9306880Z","Microsoft.Azure.PowerShell.Cmdlets.Migrate.Models.Api202001.IHyperVDisk[]","HICP5581","Microsoft.Azure.PowerShell.Cmdlets.Migrate.Models.Api202001.IHealthErrorDetails[]","UEFI","2",,,,,"Yes","HICP1320G",,"/subscriptions/bc602065-8f71-487b-9fa1-e872b4ce9a79/resourceGroups/rg-dcstratmig-prd-004/providers/Microsoft.OffAzure/HyperVSites/HYPV-DAL-AZ-VA1534site/machines/acfda7b3-89f6-4e59-931e-e220ed3b5af2","acfda7b3-89f6-4e59-931e-e220ed3b5af2","False","False","True","Cluster","1048576","acfda7b3-89f6-4e59-931e-e220ed3b5af2","Microsoft.Azure.PowerShell.Cmdlets.Migrate.Models.Api202001.IHyperVNetworkAdapter[]","-1","4","Windows Server 2019 Standard","windowsguest","10.0.17763","Running","Microsoft.OffAzure/HyperVSites/machines","2025-02-18T13:52:09.2450482Z","C:\ClusterStorage\Volume10\HICP5581\Virtual Machines\ACFDA7B3-89F6-4E59-931E-E220ED3B5AF2.VMCX","HICP5581.olcc.lan","9.0"
"4096",,,,,,,,,,"0B40F86D-E081-4C17-90FA-365CA0A878D1","7726-3955-2916-1952-4499-4170-28","HICP1320_CLU.olcc.lan","/subscriptions/bc602065-8f71-487b-9fa1-e872b4ce9a79/resourceGroups/rg-dcstratmig-prd-004/providers/Microsoft.OffAzure/HyperVSites/HYPV-DAL-AZ-VA1534site/clusters/hicp1320-clu-olcc-lan-31e1b8b3-0964-4bf3-b3c6-23cd3b478dfd","2025-02-14T18:18:55.1806913Z","Microsoft.Azure.PowerShell.Cmdlets.Migrate.Models.Api202001.IHyperVDisk[]","NP01-ESB02-ADM","Microsoft.Azure.PowerShell.Cmdlets.Migrate.Models.Api202001.IHealthErrorDetails[]","BIOS","1","2/18/2025 1:50:13 PM","Microsoft Windows Server 2016 Standard","Windows","10.0.14393","Yes","HICP1320H",,"/subscriptions/bc602065-8f71-487b-9fa1-e872b4ce9a79/resourceGroups/rg-dcstratmig-prd-004/providers/Microsoft.OffAzure/HyperVSites/HYPV-DAL-AZ-VA1534site/machines/9bf7af63-2b01-43d8-9ad0-bf619aba734b","9bf7af63-2b01-43d8-9ad0-bf619aba734b","False","False","False","Cluster","65536","9bf7af63-2b01-43d8-9ad0-bf619aba734b","Microsoft.Azure.PowerShell.Cmdlets.Migrate.Models.Api202001.IHyperVNetworkAdapter[]","39","2","Windows Server 2016 Standard","windowsguest","10.0.14393","Running","Microsoft.OffAzure/HyperVSites/machines","2025-02-19T13:50:17.0192594Z","C:\ClusterStorage\Volume10\NP01-ESB02-ADM\Virtual Machines\9BF7AF63-2B01-43D8-9AD0-BF619ABA734B.VMCX","NP01-ESB02-ADM.olcc.lan","9.0"
"8192",,,,,,,,,,"FF78AEF0-473D-4218-ADE4-BD228F23DA66","8731-2151-9394-6557-9290-1849-04","HICP1320_CLU.olcc.lan","/subscriptions/bc602065-8f71-487b-9fa1-e872b4ce9a79/resourceGroups/rg-dcstratmig-prd-004/providers/Microsoft.OffAzure/HyperVSites/HYPV-DAL-AZ-VA1534site/clusters/hicp1320-clu-olcc-lan-31e1b8b3-0964-4bf3-b3c6-23cd3b478dfd","2025-02-14T18:18:55.4307024Z","Microsoft.Azure.PowerShell.Cmdlets.Migrate.Models.Api202001.IHyperVDisk[]","NP01-ESB01-SLDI","Microsoft.Azure.PowerShell.Cmdlets.Migrate.Models.Api202001.IHealthErrorDetails[]","BIOS","1","2/18/2025 1:50:45 PM","Microsoft Windows Server 2019 Standard","Windows","10.0.17763","Yes","HICP1320J",,"/subscriptions/bc602065-8f71-487b-9fa1-e872b4ce9a79/resourceGroups/rg-dcstratmig-prd-004/providers/Microsoft.OffAzure/HyperVSites/HYPV-DAL-AZ-VA1534site/machines/0b271b3c-724c-47ee-9776-8d6aa843999c","0b271b3c-724c-47ee-9776-8d6aa843999c","False","False","False","Cluster","65536","0b271b3c-724c-47ee-9776-8d6aa843999c","Microsoft.Azure.PowerShell.Cmdlets.Migrate.Models.Api202001.IHyperVNetworkAdapter[]","38","2","Windows Server 2019 Standard","windowsguest","10.0.17763","Running","Microsoft.OffAzure/HyperVSites/machines","2025-02-18T13:51:48.4950221Z","C:\ClusterStorage\Volume8\NP01-ESB01-SLDI\Virtual Machines\0B271B3C-724C-47EE-9776-8D6AA843999C.VMCX","NP01-ESB01-SLDI.olcc.lan","9.0"
"6144",,,,,,,,,,"5A9E63B9-F4C1-432D-8442-285C2C9056F5","6623-8121-3314-2484-2792-8398-09","HICP1320_CLU.olcc.lan","/subscriptions/bc602065-8f71-487b-9fa1-e872b4ce9a79/resourceGroups/rg-dcstratmig-prd-004/providers/Microsoft.OffAzure/HyperVSites/HYPV-DAL-AZ-VA1534site/clusters/hicp1320-clu-olcc-lan-31e1b8b3-0964-4bf3-b3c6-23cd3b478dfd","2025-02-14T18:18:55.6806972Z","Microsoft.Azure.PowerShell.Cmdlets.Migrate.Models.Api202001.IHyperVDisk[]","HICP0004","Microsoft.Azure.PowerShell.Cmdlets.Migrate.Models.Api202001.IHealthErrorDetails[]","UEFI","2",,,,,"Yes","HICP1320B",,"/subscriptions/bc602065-8f71-487b-9fa1-e872b4ce9a79/resourceGroups/rg-dcstratmig-prd-004/providers/Microsoft.OffAzure/HyperVSites/HYPV-DAL-AZ-VA1534site/machines/e6e7f982-e3eb-4060-a154-49c4c502ae6e","e6e7f982-e3eb-4060-a154-49c4c502ae6e","False","False","True","Cluster","1048576","e6e7f982-e3eb-4060-a154-49c4c502ae6e","Microsoft.Azure.PowerShell.Cmdlets.Migrate.Models.Api202001.IHyperVNetworkAdapter[]","-1","4","Windows Server 2022 Standard","windowsguest","10.0.20348","Running","Microsoft.OffAzure/HyperVSites/machines","2025-02-20T03:20:40.8484474Z","C:\ClusterStorage\Volume5\HICP0004\Virtual Machines\E6E7F982-E3EB-4060-A154-49C4C502AE6E.VMCX","HICP0004.olcc.lan","9.0"
"4096",,,,,,,,,,"41BE966F-9ED1-4A56-8BBD-F5B68B33DA84","7214-8024-4672-3457-6624-1324-23","HICP1320_CLU.olcc.lan","/subscriptions/bc602065-8f71-487b-9fa1-e872b4ce9a79/resourceGroups/rg-dcstratmig-prd-004/providers/Microsoft.OffAzure/HyperVSites/HYPV-DAL-AZ-VA1534site/clusters/hicp1320-clu-olcc-lan-31e1b8b3-0964-4bf3-b3c6-23cd3b478dfd","2025-02-14T18:18:55.9307143Z","Microsoft.Azure.PowerShell.Cmdlets.Migrate.Models.Api202001.IHyperVDisk[]","HICP2425","Microsoft.Azure.PowerShell.Cmdlets.Migrate.Models.Api202001.IHealthErrorDetails[]","UEFI","2",,,,,"Yes","HICP1320A",,"/subscriptions/bc602065-8f71-487b-9fa1-e872b4ce9a79/resourceGroups/rg-dcstratmig-prd-004/providers/Microsoft.OffAzure/HyperVSites/HYPV-DAL-AZ-VA1534site/machines/b6f0729b-fb88-47d3-a8a2-0ff1443c279e","b6f0729b-fb88-47d3-a8a2-0ff1443c279e","False","False","True","Cluster","1048576","b6f0729b-fb88-47d3-a8a2-0ff1443c279e","Microsoft.Azure.PowerShell.Cmdlets.Migrate.Models.Api202001.IHyperVNetworkAdapter[]","-1","2",,"otherguestfamily",,"PowerOff","Microsoft.OffAzure/HyperVSites/machines","2025-02-18T13:52:15.6200154Z","C:\ClusterStorage\volume9\atlanta_replication\Hyper-V Replica\Virtual Machines\B6F0729B-FB88-47D3-A8A2-0FF1443C279E.VMCX","","9.0"
"4096",,,,,,,,,,"DD6249A5-7B76-423C-8DD9-D66250DA13E2","1057-2821-2112-7406-6305-0352-04","HICP1320_CLU.olcc.lan","/subscriptions/bc602065-8f71-487b-9fa1-e872b4ce9a79/resourceGroups/rg-dcstratmig-prd-004/providers/Microsoft.OffAzure/HyperVSites/HYPV-DAL-AZ-VA1534site/clusters/hicp1320-clu-olcc-lan-31e1b8b3-0964-4bf3-b3c6-23cd3b478dfd","2025-02-14T18:18:56.1806899Z","Microsoft.Azure.PowerShell.Cmdlets.Migrate.Models.Api202001.IHyperVDisk[]","OLPRDSOA1","Microsoft.Azure.PowerShell.Cmdlets.Migrate.Models.Api202001.IHealthErrorDetails[]","BIOS","1",,,,,"Yes","HICP1320J",,"/subscriptions/bc602065-8f71-487b-9fa1-e872b4ce9a79/resourceGroups/rg-dcstratmig-prd-004/providers/Microsoft.OffAzure/HyperVSites/HYPV-DAL-AZ-VA1534site/machines/3500ec14-acef-4371-b769-b714d6630db8","3500ec14-acef-4371-b769-b714d6630db8","False","False","True","Cluster","65536","3500ec14-acef-4371-b769-b714d6630db8","Microsoft.Azure.PowerShell.Cmdlets.Migrate.Models.Api202001.IHyperVNetworkAdapter[]","-1","2",,"otherguestfamily",,"PowerOff","Microsoft.OffAzure/HyperVSites/machines","2025-02-18T13:51:56.8856158Z","C:\ClusterStorage\volume9\atlanta_replication\Hyper-V Replica\Virtual Machines\3500EC14-ACEF-4371-B769-B714D6630DB8.VMCX","","9.0"
"16384",,,,,,,,,,"7C3E7777-E056-4083-9F97-83B644B91169","5205-8532-0447-1875-7945-8688-57","HICP1320_CLU.olcc.lan","/subscriptions/bc602065-8f71-487b-9fa1-e872b4ce9a79/resourceGroups/rg-dcstratmig-prd-004/providers/Microsoft.OffAzure/HyperVSites/HYPV-DAL-AZ-VA1534site/clusters/hicp1320-clu-olcc-lan-31e1b8b3-0964-4bf3-b3c6-23cd3b478dfd","2025-02-14T18:18:56.4307037Z","Microsoft.Azure.PowerShell.Cmdlets.Migrate.Models.Api202001.IHyperVDisk[]","HICD2180","Microsoft.Azure.PowerShell.Cmdlets.Migrate.Models.Api202001.IHealthErrorDetails[]","UEFI","2","2/18/2025 1:51:03 PM","Microsoft Windows Server 2016 Standard","Windows","10.0.14393","Yes","HICP1320G",,"/subscriptions/bc602065-8f71-487b-9fa1-e872b4ce9a79/resourceGroups/rg-dcstratmig-prd-004/providers/Microsoft.OffAzure/HyperVSites/HYPV-DAL-AZ-VA1534site/machines/021746e2-7410-485d-936c-250644fbe0b0","021746e2-7410-485d-936c-250644fbe0b0","False","False","False","Cluster","1048576","021746e2-7410-485d-936c-250644fbe0b0","Microsoft.Azure.PowerShell.Cmdlets.Migrate.Models.Api202001.IHyperVNetworkAdapter[]","24","4","Windows Server 2016 Standard","windowsguest","10.0.14393","Running","Microsoft.OffAzure/HyperVSites/machines","2025-02-18T13:52:01.2294111Z","C:\ClusterStorage\Volume6\HICD2180\Virtual Machines\021746E2-7410-485D-936C-250644FBE0B0.VMCX","HICD2180.olcc.lan","9.0"
"4096",,,,,,,,,,"5CA20CB4-DDD1-4FE0-832B-097F7885B3D8","7187-7987-5107-8470-6508-3894-64","HICP1320_CLU.olcc.lan","/subscriptions/bc602065-8f71-487b-9fa1-e872b4ce9a79/resourceGroups/rg-dcstratmig-prd-004/providers/Microsoft.OffAzure/HyperVSites/HYPV-DAL-AZ-VA1534site/clusters/hicp1320-clu-olcc-lan-31e1b8b3-0964-4bf3-b3c6-23cd3b478dfd","2025-02-14T18:18:56.6807028Z","Microsoft.Azure.PowerShell.Cmdlets.Migrate.Models.Api202001.IHyperVDisk[]","HICD2343","Microsoft.Azure.PowerShell.Cmdlets.Migrate.Models.Api202001.IHealthErrorDetails[]","UEFI","2","2/19/2025 1:50:01 PM","Microsoft Windows Server 2022 Standard","Windows","10.0.20348","Yes","HICP1320K",,"/subscriptions/bc602065-8f71-487b-9fa1-e872b4ce9a79/resourceGroups/rg-dcstratmig-prd-004/providers/Microsoft.OffAzure/HyperVSites/HYPV-DAL-AZ-VA1534site/machines/c6746c38-1598-49a4-957f-f9ba8bd1294d","c6746c38-1598-49a4-957f-f9ba8bd1294d","False","False","False","Cluster","1048576","c6746c38-1598-49a4-957f-f9ba8bd1294d","Microsoft.Azure.PowerShell.Cmdlets.Migrate.Models.Api202001.IHyperVNetworkAdapter[]","7","2","Windows Server 2022 Standard","windowsguest","10.0.20348","Running","Microsoft.OffAzure/HyperVSites/machines","2025-02-19T13:50:18.0192288Z","C:\ClusterStorage\Volume8\HICD2343\Virtual Machines\C6746C38-1598-49A4-957F-F9BA8BD1294D.VMCX","HICD2343.olcc.lan","9.0"
"4096",,,,,,,,,,"B1FE2A54-2B5D-4367-8E55-FAEDC75EE547","8444-2128-7248-0793-3151-2058-40","HICP1320_CLU.olcc.lan","/subscriptions/bc602065-8f71-487b-9fa1-e872b4ce9a79/resourceGroups/rg-dcstratmig-prd-004/providers/Microsoft.OffAzure/HyperVSites/HYPV-DAL-AZ-VA1534site/clusters/hicp1320-clu-olcc-lan-31e1b8b3-0964-4bf3-b3c6-23cd3b478dfd","2025-02-14T18:18:56.9306648Z","Microsoft.Azure.PowerShell.Cmdlets.Migrate.Models.Api202001.IHyperVDisk[]","HICN1006","Microsoft.Azure.PowerShell.Cmdlets.Migrate.Models.Api202001.IHealthErrorDetails[]","UEFI","2","2/19/2025 1:50:00 PM","Microsoft Windows Server 2022 Standard","Windows","10.0.20348","Yes","HICP1320B",,"/subscriptions/bc602065-8f71-487b-9fa1-e872b4ce9a79/resourceGroups/rg-dcstratmig-prd-004/providers/Microsoft.OffAzure/HyperVSites/HYPV-DAL-AZ-VA1534site/machines/8b452143-4a6a-4f77-8168-e0569c8ec07b","8b452143-4a6a-4f77-8168-e0569c8ec07b","False","False","False","Cluster","1048576","8b452143-4a6a-4f77-8168-e0569c8ec07b","Microsoft.Azure.PowerShell.Cmdlets.Migrate.Models.Api202001.IHyperVNetworkAdapter[]","22","2","Windows Server 2022 Standard","windowsguest","10.0.20348","Running","Microsoft.OffAzure/HyperVSites/machines","2025-02-19T13:50:17.2692273Z","C:\ClusterStorage\Volume8\HICN1006\Virtual Machines\8B452143-4A6A-4F77-8168-E0569C8EC07B.VMCX","HICN1006.olcc.lan","9.0"
"6144",,,,,,,,,,"4E87C341-86BD-42B8-A901-44B06ADEEB9A","8721-5127-4639-6494-5915-2810-33","HICP1320_CLU.olcc.lan","/subscriptions/bc602065-8f71-487b-9fa1-e872b4ce9a79/resourceGroups/rg-dcstratmig-prd-004/providers/Microsoft.OffAzure/HyperVSites/HYPV-DAL-AZ-VA1534site/clusters/hicp1320-clu-olcc-lan-31e1b8b3-0964-4bf3-b3c6-23cd3b478dfd","2025-02-14T18:18:57.1807174Z","Microsoft.Azure.PowerShell.Cmdlets.Migrate.Models.Api202001.IHyperVDisk[]","HICQ2226B","Microsoft.Azure.PowerShell.Cmdlets.Migrate.Models.Api202001.IHealthErrorDetails[]","UEFI","2","2/18/2025 1:50:39 PM","Microsoft Windows Server 2019 Standard","Windows","10.0.17763","Yes","HICP1320A",,"/subscriptions/bc602065-8f71-487b-9fa1-e872b4ce9a79/resourceGroups/rg-dcstratmig-prd-004/providers/Microsoft.OffAzure/HyperVSites/HYPV-DAL-AZ-VA1534site/machines/cf7157f0-dcfb-4dd2-b4b9-2eb6c41f4cdf","cf7157f0-dcfb-4dd2-b4b9-2eb6c41f4cdf","False","False","False","Cluster","1048576","cf7157f0-dcfb-4dd2-b4b9-2eb6c41f4cdf","Microsoft.Azure.PowerShell.Cmdlets.Migrate.Models.Api202001.IHyperVNetworkAdapter[]","22","2","Windows Server 2019 Standard","windowsguest","10.0.17763","Running","Microsoft.OffAzure/HyperVSites/machines","2025-02-18T13:50:39.1336354Z","C:\ClusterStorage\Volume6\HICQ2226B\Virtual Machines\CF7157F0-DCFB-4DD2-B4B9-2EB6C41F4CDF.VMCX","HICQ2226B.olcc.lan","9.0"
"12288",,,,,,,,,,"015EA221-DC0E-4611-8610-FC46522B8848","0124-1300-3521-3755-9104-5668-42","HICP1320_CLU.olcc.lan","/subscriptions/bc602065-8f71-487b-9fa1-e872b4ce9a79/resourceGroups/rg-dcstratmig-prd-004/providers/Microsoft.OffAzure/HyperVSites/HYPV-DAL-AZ-VA1534site/clusters/hicp1320-clu-olcc-lan-31e1b8b3-0964-4bf3-b3c6-23cd3b478dfd","2025-02-14T18:18:57.4306951Z","Microsoft.Azure.PowerShell.Cmdlets.Migrate.Models.Api202001.IHyperVDisk[]","NP03-CTX01-ACQ","Microsoft.Azure.PowerShell.Cmdlets.Migrate.Models.Api202001.IHealthErrorDetails[]","BIOS","1",,,,,"Yes","HICP1320F",,"/subscriptions/bc602065-8f71-487b-9fa1-e872b4ce9a79/resourceGroups/rg-dcstratmig-prd-004/providers/Microsoft.OffAzure/HyperVSites/HYPV-DAL-AZ-VA1534site/machines/bf1b7c35-38da-4eb4-a7b5-2e288d931952","bf1b7c35-38da-4eb4-a7b5-2e288d931952","False","False","True","Cluster","65536","bf1b7c35-38da-4eb4-a7b5-2e288d931952","Microsoft.Azure.PowerShell.Cmdlets.Migrate.Models.Api202001.IHyperVNetworkAdapter[]","-1","4",,"otherguestfamily",,"PowerOff","Microsoft.OffAzure/HyperVSites/machines","2025-02-18T13:51:53.8231710Z","C:\ClusterStorage\Volume8\NP03-CTX01-ACQ\Virtual Machines\BF1B7C35-38DA-4EB4-A7B5-2E288D931952.VMCX","","9.0"
"16384",,,,,,,,,,"0C16B52C-B4F7-4D66-A6EC-8E24A1116E3A","1167-5230-4940-4878-1361-8389-79","HICP1320_CLU.olcc.lan","/subscriptions/bc602065-8f71-487b-9fa1-e872b4ce9a79/resourceGroups/rg-dcstratmig-prd-004/providers/Microsoft.OffAzure/HyperVSites/HYPV-DAL-AZ-VA1534site/clusters/hicp1320-clu-olcc-lan-31e1b8b3-0964-4bf3-b3c6-23cd3b478dfd","2025-02-14T18:18:57.6806954Z","Microsoft.Azure.PowerShell.Cmdlets.Migrate.Models.Api202001.IHyperVDisk[]","OLWEBSTG","Microsoft.Azure.PowerShell.Cmdlets.Migrate.Models.Api202001.IHealthErrorDetails[]","BIOS","1",,,,,"Yes","HICP1320E",,"/subscriptions/bc602065-8f71-487b-9fa1-e872b4ce9a79/resourceGroups/rg-dcstratmig-prd-004/providers/Microsoft.OffAzure/HyperVSites/HYPV-DAL-AZ-VA1534site/machines/05fbe3a9-fdd8-40e7-a225-7b68afed14a7","05fbe3a9-fdd8-40e7-a225-7b68afed14a7","False","False","True","Cluster","65536","05fbe3a9-fdd8-40e7-a225-7b68afed14a7","Microsoft.Azure.PowerShell.Cmdlets.Migrate.Models.Api202001.IHyperVNetworkAdapter[]","-1","4",,"otherguestfamily",,"PowerOff","Microsoft.OffAzure/HyperVSites/machines","2025-02-18T13:52:03.7294103Z","C:\ClusterStorage\Volume10\OLWEBSTG\Virtual Machines\05FBE3A9-FDD8-40E7-A225-7B68AFED14A7.VMCX","","9.0"
"8192",,,,,,,,,,"E88C7A58-7802-470C-B2C8-E562994E68E1","5615-5083-8181-1083-1887-4248-63","HICP1320_CLU.olcc.lan","/subscriptions/bc602065-8f71-487b-9fa1-e872b4ce9a79/resourceGroups/rg-dcstratmig-prd-004/providers/Microsoft.OffAzure/HyperVSites/HYPV-DAL-AZ-VA1534site/clusters/hicp1320-clu-olcc-lan-31e1b8b3-0964-4bf3-b3c6-23cd3b478dfd","2025-02-14T18:18:57.9307225Z","Microsoft.Azure.PowerShell.Cmdlets.Migrate.Models.Api202001.IHyperVDisk[]","HICD2290A","Microsoft.Azure.PowerShell.Cmdlets.Migrate.Models.Api202001.IHealthErrorDetails[]","UEFI","2",,,,,"Yes","HICP1320C",,"/subscriptions/bc602065-8f71-487b-9fa1-e872b4ce9a79/resourceGroups/rg-dcstratmig-prd-004/providers/Microsoft.OffAzure/HyperVSites/HYPV-DAL-AZ-VA1534site/machines/90800f59-a806-4f48-b943-2ed61bb989b5","90800f59-a806-4f48-b943-2ed61bb989b5","False","False","True","Cluster","1048576","90800f59-a806-4f48-b943-2ed61bb989b5","Microsoft.Azure.PowerShell.Cmdlets.Migrate.Models.Api202001.IHyperVNetworkAdapter[]","-1","2","Windows Server 2022 Standard","windowsguest","10.0.20348","Running","Microsoft.OffAzure/HyperVSites/machines","2025-02-18T13:51:59.1512807Z","C:\ClusterStorage\Volume10\HICD2290A\Virtual Machines\90800F59-A806-4F48-B943-2ED61BB989B5.VMCX","HICD2290A.hicvdev.olcc.lan","9.0"
"8192",,,,,,,,,,"799D850D-F2B3-48D3-96CE-10ADAF3C828A","7947-2686-4716-7600-9630-8029-55","HICP1320_CLU.olcc.lan","/subscriptions/bc602065-8f71-487b-9fa1-e872b4ce9a79/resourceGroups/rg-dcstratmig-prd-004/providers/Microsoft.OffAzure/HyperVSites/HYPV-DAL-AZ-VA1534site/clusters/hicp1320-clu-olcc-lan-31e1b8b3-0964-4bf3-b3c6-23cd3b478dfd","2025-02-14T18:18:58.1806961Z","Microsoft.Azure.PowerShell.Cmdlets.Migrate.Models.Api202001.IHyperVDisk[]","NP02-ESB01-MVP","Microsoft.Azure.PowerShell.Cmdlets.Migrate.Models.Api202001.IHealthErrorDetails[]","BIOS","1","2/18/2025 1:51:06 PM","Microsoft Windows Server 2019 Datacenter","Windows","10.0.17763","Yes","HICP1320D",,"/subscriptions/bc602065-8f71-487b-9fa1-e872b4ce9a79/resourceGroups/rg-dcstratmig-prd-004/providers/Microsoft.OffAzure/HyperVSites/HYPV-DAL-AZ-VA1534site/machines/e79c1775-fb4f-4f74-a4e9-756221dcc661","e79c1775-fb4f-4f74-a4e9-756221dcc661","False","False","False","Cluster","65536","e79c1775-fb4f-4f74-a4e9-756221dcc661","Microsoft.Azure.PowerShell.Cmdlets.Migrate.Models.Api202001.IHyperVNetworkAdapter[]","43","2","Windows Server 2019 Datacenter","windowsguest","10.0.17763","Running","Microsoft.OffAzure/HyperVSites/machines","2025-02-19T13:50:14.7692178Z","C:\ClusterStorage\Volume6\NP02-ESB01-MVP\Virtual Machines\E79C1775-FB4F-4F74-A4E9-756221DCC661.VMCX","NP02-ESB01-MVP.olcc.lan","9.0"
"4096",,,,,,,,,,"870311E8-9125-4B3E-AE7F-C00D2BC1523A","5963-4236-9771-3739-9274-8169-60","HICP1320_CLU.olcc.lan","/subscriptions/bc602065-8f71-487b-9fa1-e872b4ce9a79/resourceGroups/rg-dcstratmig-prd-004/providers/Microsoft.OffAzure/HyperVSites/HYPV-DAL-AZ-VA1534site/clusters/hicp1320-clu-olcc-lan-31e1b8b3-0964-4bf3-b3c6-23cd3b478dfd","2025-02-14T18:18:58.4307066Z","Microsoft.Azure.PowerShell.Cmdlets.Migrate.Models.Api202001.IHyperVDisk[]","HICN3510","Microsoft.Azure.PowerShell.Cmdlets.Migrate.Models.Api202001.IHealthErrorDetails[]","UEFI","2",,,,,"Yes","HICP1320D",,"/subscriptions/bc602065-8f71-487b-9fa1-e872b4ce9a79/resourceGroups/rg-dcstratmig-prd-004/providers/Microsoft.OffAzure/HyperVSites/HYPV-DAL-AZ-VA1534site/machines/7093af46-1d02-42ff-89fe-a4bb1b6cadef","7093af46-1d02-42ff-89fe-a4bb1b6cadef","False","False","True","Cluster","1048576","7093af46-1d02-42ff-89fe-a4bb1b6cadef","Microsoft.Azure.PowerShell.Cmdlets.Migrate.Models.Api202001.IHyperVNetworkAdapter[]","-1","2","Red Hat Enterprise Linux","linuxguest","4.18.0","Running","Microsoft.OffAzure/HyperVSites/machines","2025-02-18T13:52:13.3388029Z","C:\ClusterStorage\Volume10\HICN3510\Virtual Machines\7093AF46-1D02-42FF-89FE-A4BB1B6CADEF.VMCX","hicn3510","9.0"
"24576",,,,,,,,,,"90B6A44B-8763-4F52-BE2A-783AF5F39897","5785-8103-4920-7397-5101-6016-72","HICP1320_CLU.olcc.lan","/subscriptions/bc602065-8f71-487b-9fa1-e872b4ce9a79/resourceGroups/rg-dcstratmig-prd-004/providers/Microsoft.OffAzure/HyperVSites/HYPV-DAL-AZ-VA1534site/clusters/hicp1320-clu-olcc-lan-31e1b8b3-0964-4bf3-b3c6-23cd3b478dfd","2025-02-14T18:18:58.6806678Z","Microsoft.Azure.PowerShell.Cmdlets.Migrate.Models.Api202001.IHyperVDisk[]","HICP2275","Microsoft.Azure.PowerShell.Cmdlets.Migrate.Models.Api202001.IHealthErrorDetails[]","UEFI","2",,,,,"Yes","HICP1320F",,"/subscriptions/bc602065-8f71-487b-9fa1-e872b4ce9a79/resourceGroups/rg-dcstratmig-prd-004/providers/Microsoft.OffAzure/HyperVSites/HYPV-DAL-AZ-VA1534site/machines/8d054ea0-825c-4ac9-9f3a-1bdd5c30522a","8d054ea0-825c-4ac9-9f3a-1bdd5c30522a","False","False","True","Cluster","1048576","8d054ea0-825c-4ac9-9f3a-1bdd5c30522a","Microsoft.Azure.PowerShell.Cmdlets.Migrate.Models.Api202001.IHyperVNetworkAdapter[]","-1","8",,"otherguestfamily",,"PowerOff","Microsoft.OffAzure/HyperVSites/machines","2025-02-18T13:52:14.0887961Z","C:\ClusterStorage\volume9\atlanta_replication\Hyper-V Replica\Virtual Machines\8D054EA0-825C-4AC9-9F3A-1BDD5C30522A.VMCX","","9.0"
"4096",,,,,,,,,,"FCDA67E1-9AC5-4A6E-83AD-2C3BE93EF4A6","8815-1381-1260-8839-5348-8946-92","HICP1320_CLU.olcc.lan","/subscriptions/bc602065-8f71-487b-9fa1-e872b4ce9a79/resourceGroups/rg-dcstratmig-prd-004/providers/Microsoft.OffAzure/HyperVSites/HYPV-DAL-AZ-VA1534site/clusters/hicp1320-clu-olcc-lan-31e1b8b3-0964-4bf3-b3c6-23cd3b478dfd","2025-02-14T18:18:58.9306683Z","Microsoft.Azure.PowerShell.Cmdlets.Migrate.Models.Api202001.IHyperVDisk[]","HICD8526A","Microsoft.Azure.PowerShell.Cmdlets.Migrate.Models.Api202001.IHealthErrorDetails[]","UEFI","2",,,,,"Yes","HICP1320F",,"/subscriptions/bc602065-8f71-487b-9fa1-e872b4ce9a79/resourceGroups/rg-dcstratmig-prd-004/providers/Microsoft.OffAzure/HyperVSites/HYPV-DAL-AZ-VA1534site/machines/f38e2d7a-34ca-46d2-8416-1eb90489e6c6","f38e2d7a-34ca-46d2-8416-1eb90489e6c6","False","False","True","Cluster","1048576","f38e2d7a-34ca-46d2-8416-1eb90489e6c6","Microsoft.Azure.PowerShell.Cmdlets.Migrate.Models.Api202001.IHyperVNetworkAdapter[]","-1","2",,"otherguestfamily",,"PowerOff","Microsoft.OffAzure/HyperVSites/machines","2025-02-18T13:52:02.7294066Z","C:\ClusterStorage\Volume8\HICD8526A\Virtual Machines\F38E2D7A-34CA-46D2-8416-1EB90489E6C6.VMCX","","9.0"
"4096",,,,,,,,,,"A8D385DF-1B0C-4B02-925F-EF6F1BC5DB7A","9983-3820-5709-8599-9775-3969-42","HICP1320_CLU.olcc.lan","/subscriptions/bc602065-8f71-487b-9fa1-e872b4ce9a79/resourceGroups/rg-dcstratmig-prd-004/providers/Microsoft.OffAzure/HyperVSites/HYPV-DAL-AZ-VA1534site/clusters/hicp1320-clu-olcc-lan-31e1b8b3-0964-4bf3-b3c6-23cd3b478dfd","2025-02-14T18:18:59.1807264Z","Microsoft.Azure.PowerShell.Cmdlets.Migrate.Models.Api202001.IHyperVDisk[]","NP01-APP02-MVP","Microsoft.Azure.PowerShell.Cmdlets.Migrate.Models.Api202001.IHealthErrorDetails[]","BIOS","1","2/18/2025 1:51:13 PM","Microsoft Windows Server 2019 Standard","Windows","10.0.17763","Yes","HICP1320K",,"/subscriptions/bc602065-8f71-487b-9fa1-e872b4ce9a79/resourceGroups/rg-dcstratmig-prd-004/providers/Microsoft.OffAzure/HyperVSites/HYPV-DAL-AZ-VA1534site/machines/101adcd9-5aa3-4994-a88a-9f9e87371df6","101adcd9-5aa3-4994-a88a-9f9e87371df6","False","False","False","Cluster","65536","101adcd9-5aa3-4994-a88a-9f9e87371df6","Microsoft.Azure.PowerShell.Cmdlets.Migrate.Models.Api202001.IHyperVNetworkAdapter[]","72","2","Windows Server 2019 Standard","windowsguest","10.0.17763","Running","Microsoft.OffAzure/HyperVSites/machines","2025-02-18T13:52:09.4950506Z","C:\ClusterStorage\Volume6\NP01-APP02-MVP\Virtual Machines\101ADCD9-5AA3-4994-A88A-9F9E87371DF6.VMCX","NP01-APP02-MVP.olcc.lan","9.0"
"4096",,,,,,,,,,"1C769FFC-76A2-4FD3-B161-8842575DDF45","6307-5132-6429-9117-2061-7904-44","HICP1320_CLU.olcc.lan","/subscriptions/bc602065-8f71-487b-9fa1-e872b4ce9a79/resourceGroups/rg-dcstratmig-prd-004/providers/Microsoft.OffAzure/HyperVSites/HYPV-DAL-AZ-VA1534site/clusters/hicp1320-clu-olcc-lan-31e1b8b3-0964-4bf3-b3c6-23cd3b478dfd","2025-02-14T18:18:59.4307327Z","Microsoft.Azure.PowerShell.Cmdlets.Migrate.Models.Api202001.IHyperVDisk[]","HICN5511","Microsoft.Azure.PowerShell.Cmdlets.Migrate.Models.Api202001.IHealthErrorDetails[]","UEFI","2","2/18/2025 1:50:59 PM","Microsoft Windows Server 2022 Standard","Windows","10.0.20348","Yes","HICP1320H",,"/subscriptions/bc602065-8f71-487b-9fa1-e872b4ce9a79/resourceGroups/rg-dcstratmig-prd-004/providers/Microsoft.OffAzure/HyperVSites/HYPV-DAL-AZ-VA1534site/machines/6a849a9e-e208-4a16-9332-030030133116","6a849a9e-e208-4a16-9332-030030133116","False","False","False","Cluster","1048576","6a849a9e-e208-4a16-9332-030030133116","Microsoft.Azure.PowerShell.Cmdlets.Migrate.Models.Api202001.IHyperVNetworkAdapter[]","31","2",,"otherguestfamily",,"PowerOff","Microsoft.OffAzure/HyperVSites/machines","2025-02-19T20:19:28.9305194Z","C:\ClusterStorage\Volume6\HICN5511\HICN5511\Virtual Machines\6A849A9E-E208-4A16-9332-030030133116.VMCX","","9.0"
"8192",,,,,,,,,,"3841318B-BACA-4041-9651-44C86DFFAA2F","2945-0575-6986-1780-4866-9109-68","HICP1320_CLU.olcc.lan","/subscriptions/bc602065-8f71-487b-9fa1-e872b4ce9a79/resourceGroups/rg-dcstratmig-prd-004/providers/Microsoft.OffAzure/HyperVSites/HYPV-DAL-AZ-VA1534site/clusters/hicp1320-clu-olcc-lan-31e1b8b3-0964-4bf3-b3c6-23cd3b478dfd","2025-02-14T18:18:59.6807428Z","Microsoft.Azure.PowerShell.Cmdlets.Migrate.Models.Api202001.IHyperVDisk[]","HICQ8550","Microsoft.Azure.PowerShell.Cmdlets.Migrate.Models.Api202001.IHealthErrorDetails[]","UEFI","2","2/18/2025 1:50:48 PM","Microsoft Windows Server 2019 Standard","Windows","10.0.17763","Yes","HICP1320D",,"/subscriptions/bc602065-8f71-487b-9fa1-e872b4ce9a79/resourceGroups/rg-dcstratmig-prd-004/providers/Microsoft.OffAzure/HyperVSites/HYPV-DAL-AZ-VA1534site/machines/16a60c10-9dbf-4914-afd1-5e6874213c01","16a60c10-9dbf-4914-afd1-5e6874213c01","False","False","False","Cluster","1048576","16a60c10-9dbf-4914-afd1-5e6874213c01","Microsoft.Azure.PowerShell.Cmdlets.Migrate.Models.Api202001.IHyperVNetworkAdapter[]","23","2","Windows Server 2019 Standard","windowsguest","10.0.17763","Running","Microsoft.OffAzure/HyperVSites/machines","2025-02-18T13:50:48.5557253Z","C:\ClusterStorage\Volume10\HICQ8550\Virtual Machines\16A60C10-9DBF-4914-AFD1-5E6874213C01.VMCX","HICQ8550.olcc.lan","9.0"
"4096",,,,,,,,,,"4A4B4AF2-57C1-4A67-9E21-55AE43CDB36A","9418-7736-6551-7219-1166-8359-62","HICP1320_CLU.olcc.lan","/subscriptions/bc602065-8f71-487b-9fa1-e872b4ce9a79/resourceGroups/rg-dcstratmig-prd-004/providers/Microsoft.OffAzure/HyperVSites/HYPV-DAL-AZ-VA1534site/clusters/hicp1320-clu-olcc-lan-31e1b8b3-0964-4bf3-b3c6-23cd3b478dfd","2025-02-14T18:18:59.9307202Z","Microsoft.Azure.PowerShell.Cmdlets.Migrate.Models.Api202001.IHyperVDisk[]","HICP2240","Microsoft.Azure.PowerShell.Cmdlets.Migrate.Models.Api202001.IHealthErrorDetails[]","UEFI","2",,,,,"Yes","HICP1320B",,"/subscriptions/bc602065-8f71-487b-9fa1-e872b4ce9a79/resourceGroups/rg-dcstratmig-prd-004/providers/Microsoft.OffAzure/HyperVSites/HYPV-DAL-AZ-VA1534site/machines/144f2fc4-e99a-4281-9809-1244fc506a26","144f2fc4-e99a-4281-9809-1244fc506a26","False","False","True","Cluster","1048576","144f2fc4-e99a-4281-9809-1244fc506a26","Microsoft.Azure.PowerShell.Cmdlets.Migrate.Models.Api202001.IHyperVNetworkAdapter[]","-1","2",,"otherguestfamily",,"PowerOff","Microsoft.OffAzure/HyperVSites/machines","2025-02-18T13:51:54.3231647Z","C:\ClusterStorage\volume9\atlanta_replication\Hyper-V Replica\Virtual Machines\144F2FC4-E99A-4281-9809-1244FC506A26.VMCX","","9.0"
"8192",,,,,,,,,,"EC5FB998-3419-4FBD-8A7A-A97FD81FD9DC","8055-6061-4326-7940-9605-9885-35","HICP1320_CLU.olcc.lan","/subscriptions/bc602065-8f71-487b-9fa1-e872b4ce9a79/resourceGroups/rg-dcstratmig-prd-004/providers/Microsoft.OffAzure/HyperVSites/HYPV-DAL-AZ-VA1534site/clusters/hicp1320-clu-olcc-lan-31e1b8b3-0964-4bf3-b3c6-23cd3b478dfd","2025-02-14T18:19:00.1808122Z","Microsoft.Azure.PowerShell.Cmdlets.Migrate.Models.Api202001.IHyperVDisk[]","DC01-PRNT-SVR03","Microsoft.Azure.PowerShell.Cmdlets.Migrate.Models.Api202001.IHealthErrorDetails[]","UEFI","2",,,,,"Yes","HICP1320A",,"/subscriptions/bc602065-8f71-487b-9fa1-e872b4ce9a79/resourceGroups/rg-dcstratmig-prd-004/providers/Microsoft.OffAzure/HyperVSites/HYPV-DAL-AZ-VA1534site/machines/1ea5f772-0e5f-456b-b7f7-af18f2ae2c6f","1ea5f772-0e5f-456b-b7f7-af18f2ae2c6f","False","False","True","Cluster","1048576","1ea5f772-0e5f-456b-b7f7-af18f2ae2c6f","Microsoft.Azure.PowerShell.Cmdlets.Migrate.Models.Api202001.IHyperVNetworkAdapter[]","-1","4",,"otherguestfamily",,"PowerOff","Microsoft.OffAzure/HyperVSites/machines","2025-02-18T13:51:39.2137848Z","C:\ClusterStorage\volume9\atlanta_replication\Hyper-V Replica\Virtual Machines\1EA5F772-0E5F-456B-B7F7-AF18F2AE2C6F.VMCX","","9.0"
"6144",,,,,,,,,,"BAE240C4-A92F-4475-ACFB-5253FA7A283B","1384-5452-2526-6954-3704-2757-75","HICP1320_CLU.olcc.lan","/subscriptions/bc602065-8f71-487b-9fa1-e872b4ce9a79/resourceGroups/rg-dcstratmig-prd-004/providers/Microsoft.OffAzure/HyperVSites/HYPV-DAL-AZ-VA1534site/clusters/hicp1320-clu-olcc-lan-31e1b8b3-0964-4bf3-b3c6-23cd3b478dfd","2025-02-14T18:19:00.4307094Z","Microsoft.Azure.PowerShell.Cmdlets.Migrate.Models.Api202001.IHyperVDisk[]","HICD7150","Microsoft.Azure.PowerShell.Cmdlets.Migrate.Models.Api202001.IHealthErrorDetails[]","UEFI","2","2/17/2025 6:12:28 PM","Microsoft Windows Server 2019 Standard","Windows","10.0.17763","Yes","HICP1320D",,"/subscriptions/bc602065-8f71-487b-9fa1-e872b4ce9a79/resourceGroups/rg-dcstratmig-prd-004/providers/Microsoft.OffAzure/HyperVSites/HYPV-DAL-AZ-VA1534site/machines/fd1def6b-bc27-455e-a2d1-401c6cdc9947","fd1def6b-bc27-455e-a2d1-401c6cdc9947","False","False","False","Cluster","1048576","fd1def6b-bc27-455e-a2d1-401c6cdc9947","Microsoft.Azure.PowerShell.Cmdlets.Migrate.Models.Api202001.IHyperVNetworkAdapter[]","21","2","Windows Server 2019 Standard","windowsguest","10.0.17763","Running","Microsoft.OffAzure/HyperVSites/machines","2025-02-18T13:51:45.9794820Z","C:\ClusterStorage\Volume5\HICD7150\Virtual Machines\FD1DEF6B-BC27-455E-A2D1-401C6CDC9947.VMCX","HICD7150.olcc.lan","9.0"
"4096",,,,,,,,,,"4A4B4AF2-57C1-4A67-9E21-55AE43CDB36A","9418-7736-6551-7219-1166-8359-62","HICP1320_CLU.olcc.lan","/subscriptions/bc602065-8f71-487b-9fa1-e872b4ce9a79/resourceGroups/rg-dcstratmig-prd-004/providers/Microsoft.OffAzure/HyperVSites/HYPV-DAL-AZ-VA1534site/clusters/hicp1320-clu-olcc-lan-31e1b8b3-0964-4bf3-b3c6-23cd3b478dfd","2025-02-14T18:19:00.6807126Z","Microsoft.Azure.PowerShell.Cmdlets.Migrate.Models.Api202001.IHyperVDisk[]","HICP8512A","Microsoft.Azure.PowerShell.Cmdlets.Migrate.Models.Api202001.IHealthErrorDetails[]","UEFI","2",,,,,"Yes","HICP1320J",,"/subscriptions/bc602065-8f71-487b-9fa1-e872b4ce9a79/resourceGroups/rg-dcstratmig-prd-004/providers/Microsoft.OffAzure/HyperVSites/HYPV-DAL-AZ-VA1534site/machines/9662521e-b34f-4553-aa15-bcd542c8dd85","9662521e-b34f-4553-aa15-bcd542c8dd85","False","False","True","Cluster","1048576","9662521e-b34f-4553-aa15-bcd542c8dd85","Microsoft.Azure.PowerShell.Cmdlets.Migrate.Models.Api202001.IHyperVNetworkAdapter[]","-1","2",,"otherguestfamily",,"PowerOff","Microsoft.OffAzure/HyperVSites/machines","2025-02-18T13:51:42.9637929Z","C:\ClusterStorage\volume9\atlanta_replication\Hyper-V Replica\Virtual Machines\9662521E-B34F-4553-AA15-BCD542C8DD85.VMCX","","9.0"
"6144",,,,,,,,,,"D034E166-3011-42D1-95BE-F3F4E009E54B","8043-6467-5872-7098-8836-1501-41","HICP1320_CLU.olcc.lan","/subscriptions/bc602065-8f71-487b-9fa1-e872b4ce9a79/resourceGroups/rg-dcstratmig-prd-004/providers/Microsoft.OffAzure/HyperVSites/HYPV-DAL-AZ-VA1534site/clusters/hicp1320-clu-olcc-lan-31e1b8b3-0964-4bf3-b3c6-23cd3b478dfd","2025-02-14T18:19:00.9306807Z","Microsoft.Azure.PowerShell.Cmdlets.Migrate.Models.Api202001.IHyperVDisk[]","NP01-ESB01-MON","Microsoft.Azure.PowerShell.Cmdlets.Migrate.Models.Api202001.IHealthErrorDetails[]","BIOS","1","2/18/2025 1:50:59 PM","Microsoft Windows Server 2016 Standard","Windows","10.0.14393","Yes","HICP1320H",,"/subscriptions/bc602065-8f71-487b-9fa1-e872b4ce9a79/resourceGroups/rg-dcstratmig-prd-004/providers/Microsoft.OffAzure/HyperVSites/HYPV-DAL-AZ-VA1534site/machines/e1f2b3ef-f12b-45a7-a925-208ee94e86b3","e1f2b3ef-f12b-45a7-a925-208ee94e86b3","False","False","False","Cluster","65536","e1f2b3ef-f12b-45a7-a925-208ee94e86b3","Microsoft.Azure.PowerShell.Cmdlets.Migrate.Models.Api202001.IHyperVNetworkAdapter[]","44","2","Windows Server 2016 Standard","windowsguest","10.0.14393","Running","Microsoft.OffAzure/HyperVSites/machines","2025-02-19T23:49:36.7487475Z","C:\ClusterStorage\Volume5\NP01-ESB01-MON\Virtual Machines\E1F2B3EF-F12B-45A7-A925-208EE94E86B3.VMCX","NP01-ESB01-MON.olcc.lan","9.0"
"20480",,,,,,,,,,"3D7BD7A2-4B82-487A-B1BB-CD22E8D118A9","2290-8197-3651-3415-9394-0255-58","HICP1320_CLU.olcc.lan","/subscriptions/bc602065-8f71-487b-9fa1-e872b4ce9a79/resourceGroups/rg-dcstratmig-prd-004/providers/Microsoft.OffAzure/HyperVSites/HYPV-DAL-AZ-VA1534site/clusters/hicp1320-clu-olcc-lan-31e1b8b3-0964-4bf3-b3c6-23cd3b478dfd","2025-02-14T18:19:01.1963118Z","Microsoft.Azure.PowerShell.Cmdlets.Migrate.Models.Api202001.IHyperVDisk[]","HICP2180A","Microsoft.Azure.PowerShell.Cmdlets.Migrate.Models.Api202001.IHealthErrorDetails[]","UEFI","2",,,,,"Yes","HICP1320F",,"/subscriptions/bc602065-8f71-487b-9fa1-e872b4ce9a79/resourceGroups/rg-dcstratmig-prd-004/providers/Microsoft.OffAzure/HyperVSites/HYPV-DAL-AZ-VA1534site/machines/d5f6fe62-17d4-468c-84df-cf9b7b811c75","d5f6fe62-17d4-468c-84df-cf9b7b811c75","False","False","True","Cluster","1048576","d5f6fe62-17d4-468c-84df-cf9b7b811c75","Microsoft.Azure.PowerShell.Cmdlets.Migrate.Models.Api202001.IHyperVNetworkAdapter[]","-1","8",,"otherguestfamily",,"PowerOff","Microsoft.OffAzure/HyperVSites/machines","2025-02-18T13:51:35.9168764Z","C:\ClusterStorage\volume9\atlanta_replication\Hyper-V Replica\Virtual Machines\D5F6FE62-17D4-468C-84DF-CF9B7B811C75.VMCX","","9.0"
"4096",,,,,,,,,,"B5D08318-B5AD-42AC-A36B-554AEB002FF3","4185-6480-4836-1492-3226-6654-28","HICP1320_CLU.olcc.lan","/subscriptions/bc602065-8f71-487b-9fa1-e872b4ce9a79/resourceGroups/rg-dcstratmig-prd-004/providers/Microsoft.OffAzure/HyperVSites/HYPV-DAL-AZ-VA1534site/clusters/hicp1320-clu-olcc-lan-31e1b8b3-0964-4bf3-b3c6-23cd3b478dfd","2025-02-14T18:19:01.4463517Z","Microsoft.Azure.PowerShell.Cmdlets.Migrate.Models.Api202001.IHyperVDisk[]","NP02-CTX01-TSWU","Microsoft.Azure.PowerShell.Cmdlets.Migrate.Models.Api202001.IHealthErrorDetails[]","BIOS","1",,,,,"Yes","HICP1320F",,"/subscriptions/bc602065-8f71-487b-9fa1-e872b4ce9a79/resourceGroups/rg-dcstratmig-prd-004/providers/Microsoft.OffAzure/HyperVSites/HYPV-DAL-AZ-VA1534site/machines/3e6a4310-ccda-4733-805c-81d8cadb0187","3e6a4310-ccda-4733-805c-81d8cadb0187","False","False","True","Cluster","65536","3e6a4310-ccda-4733-805c-81d8cadb0187","Microsoft.Azure.PowerShell.Cmdlets.Migrate.Models.Api202001.IHyperVNetworkAdapter[]","-1","4",,"otherguestfamily",,"PowerOff","Microsoft.OffAzure/HyperVSites/machines","2025-02-18T13:51:37.7137258Z","C:\ClusterStorage\Volume6\NP02-CTX01-TSWU\Virtual Machines\3E6A4310-CCDA-4733-805C-81D8CADB0187.VMCX","","9.0"
"16384",,,,,,,,,,"2F13B50D-AF15-42B3-B8C9-E9B5A1F4EAC8","2149-0467-4780-8371-2429-9400-82","HICP1320_CLU.olcc.lan","/subscriptions/bc602065-8f71-487b-9fa1-e872b4ce9a79/resourceGroups/rg-dcstratmig-prd-004/providers/Microsoft.OffAzure/HyperVSites/HYPV-DAL-AZ-VA1534site/clusters/hicp1320-clu-olcc-lan-31e1b8b3-0964-4bf3-b3c6-23cd3b478dfd","2025-02-14T18:19:01.6963523Z","Microsoft.Azure.PowerShell.Cmdlets.Migrate.Models.Api202001.IHyperVDisk[]","HICQ6508","Microsoft.Azure.PowerShell.Cmdlets.Migrate.Models.Api202001.IHealthErrorDetails[]","UEFI","2","2/19/2025 1:49:54 PM","Microsoft Windows Server 2019 Standard","Windows","10.0.17763","Yes","HICP1320G",,"/subscriptions/bc602065-8f71-487b-9fa1-e872b4ce9a79/resourceGroups/rg-dcstratmig-prd-004/providers/Microsoft.OffAzure/HyperVSites/HYPV-DAL-AZ-VA1534site/machines/18f28dcc-c575-4436-b421-f9c8b62578ad","18f28dcc-c575-4436-b421-f9c8b62578ad","False","False","False","Cluster","1048576","18f28dcc-c575-4436-b421-f9c8b62578ad","Microsoft.Azure.PowerShell.Cmdlets.Migrate.Models.Api202001.IHyperVNetworkAdapter[]","100","4","Windows Server 2019 Standard","windowsguest","10.0.17763","Running","Microsoft.OffAzure/HyperVSites/machines","2025-02-19T13:50:14.2692152Z","C:\ClusterStorage\Volume10\HICQ6508\Virtual Machines\18F28DCC-C575-4436-B421-F9C8B62578AD.VMCX","HICQ6508.olcc.lan","9.0"
"6144",,,,,,,,,,"4E87C341-86BD-42B8-A901-44B06ADEEB9A","8721-5127-4639-6494-5915-2810-33","HICP1320_CLU.olcc.lan","/subscriptions/bc602065-8f71-487b-9fa1-e872b4ce9a79/resourceGroups/rg-dcstratmig-prd-004/providers/Microsoft.OffAzure/HyperVSites/HYPV-DAL-AZ-VA1534site/clusters/hicp1320-clu-olcc-lan-31e1b8b3-0964-4bf3-b3c6-23cd3b478dfd","2025-02-14T18:19:01.9619369Z","Microsoft.Azure.PowerShell.Cmdlets.Migrate.Models.Api202001.IHyperVDisk[]","HICQ2226D","Microsoft.Azure.PowerShell.Cmdlets.Migrate.Models.Api202001.IHealthErrorDetails[]","UEFI","2","2/18/2025 1:50:25 PM","Microsoft Windows Server 2019 Standard","Windows","10.0.17763","Yes","HICP1320E",,"/subscriptions/bc602065-8f71-487b-9fa1-e872b4ce9a79/resourceGroups/rg-dcstratmig-prd-004/providers/Microsoft.OffAzure/HyperVSites/HYPV-DAL-AZ-VA1534site/machines/9e9fc541-a525-462b-9dfa-8b03881c6834","9e9fc541-a525-462b-9dfa-8b03881c6834","False","False","False","Cluster","1048576","9e9fc541-a525-462b-9dfa-8b03881c6834","Microsoft.Azure.PowerShell.Cmdlets.Migrate.Models.Api202001.IHyperVNetworkAdapter[]","22","2","Windows Server 2019 Standard","windowsguest","10.0.17763","Running","Microsoft.OffAzure/HyperVSites/machines","2025-02-18T13:50:25.9247200Z","C:\ClusterStorage\Volume5\HICQ2226D\Virtual Machines\9E9FC541-A525-462B-9DFA-8B03881C6834.VMCX","HICQ2226D.olcc.lan","9.0"
"8192",,,,,,,,,,"D25CE0B3-1C88-4452-8EDE-2C5276FD4ED7","6336-0022-8010-0042-1518-9656-83","HICP1320_CLU.olcc.lan","/subscriptions/bc602065-8f71-487b-9fa1-e872b4ce9a79/resourceGroups/rg-dcstratmig-prd-004/providers/Microsoft.OffAzure/HyperVSites/HYPV-DAL-AZ-VA1534site/clusters/hicp1320-clu-olcc-lan-31e1b8b3-0964-4bf3-b3c6-23cd3b478dfd","2025-02-14T18:19:02.1963121Z","Microsoft.Azure.PowerShell.Cmdlets.Migrate.Models.Api202001.IHyperVDisk[]","HICQ2360","Microsoft.Azure.PowerShell.Cmdlets.Migrate.Models.Api202001.IHealthErrorDetails[]","UEFI","2","2/18/2025 1:51:15 PM","Microsoft Windows Server 2019 Standard","Windows","10.0.17763","Yes","HICP1320J",,"/subscriptions/bc602065-8f71-487b-9fa1-e872b4ce9a79/resourceGroups/rg-dcstratmig-prd-004/providers/Microsoft.OffAzure/HyperVSites/HYPV-DAL-AZ-VA1534site/machines/c0e5ff09-b186-42b7-9ab9-07ad7bf28cfc","c0e5ff09-b186-42b7-9ab9-07ad7bf28cfc","False","False","False","Cluster","1048576","c0e5ff09-b186-42b7-9ab9-07ad7bf28cfc","Microsoft.Azure.PowerShell.Cmdlets.Migrate.Models.Api202001.IHyperVNetworkAdapter[]","25","8","Windows Server 2019 Standard","windowsguest","10.0.17763","Running","Microsoft.OffAzure/HyperVSites/machines","2025-02-18T13:51:15.4779567Z","C:\ClusterStorage\Volume10\HICQ2360\Virtual Machines\C0E5FF09-B186-42B7-9AB9-07AD7BF28CFC.VMCX","HICQ2360.olcc.lan","9.0"
"4096",,,,,,,,,,"24FE08E6-8545-4659-BECC-D9232B019E2C","7460-3176-6279-6882-7279-6223-65","HICP1320_CLU.olcc.lan","/subscriptions/bc602065-8f71-487b-9fa1-e872b4ce9a79/resourceGroups/rg-dcstratmig-prd-004/providers/Microsoft.OffAzure/HyperVSites/HYPV-DAL-AZ-VA1534site/clusters/hicp1320-clu-olcc-lan-31e1b8b3-0964-4bf3-b3c6-23cd3b478dfd","2025-02-14T18:19:02.4463360Z","Microsoft.Azure.PowerShell.Cmdlets.Migrate.Models.Api202001.IHyperVDisk[]","NP02-APP01-SHR","Microsoft.Azure.PowerShell.Cmdlets.Migrate.Models.Api202001.IHealthErrorDetails[]","BIOS","1","2/18/2025 1:50:55 PM","Microsoft Windows Server 2019 Standard","Windows","10.0.17763","Yes","HICP1320D",,"/subscriptions/bc602065-8f71-487b-9fa1-e872b4ce9a79/resourceGroups/rg-dcstratmig-prd-004/providers/Microsoft.OffAzure/HyperVSites/HYPV-DAL-AZ-VA1534site/machines/bfcd71ed-9299-441a-9be9-06ad5ac0f920","bfcd71ed-9299-441a-9be9-06ad5ac0f920","False","False","False","Cluster","65536","bfcd71ed-9299-441a-9be9-06ad5ac0f920","Microsoft.Azure.PowerShell.Cmdlets.Migrate.Models.Api202001.IHyperVNetworkAdapter[]","32","1","Windows Server 2019 Standard","windowsguest","10.0.17763","Running","Microsoft.OffAzure/HyperVSites/machines","2025-02-18T13:51:55.0887873Z","C:\ClusterStorage\Volume6\NP02-APP01-SHR\Virtual Machines\BFCD71ED-9299-441A-9BE9-06AD5AC0F920.VMCX","NP02-APP01-SHR.olcc.lan","9.0"
"8192",,,,,,,,,,"5DA7E6EF-82E0-4BAC-A6A5-997CF424AE8D","7146-9849-0153-2889-3976-2826-30","HICP1320_CLU.olcc.lan","/subscriptions/bc602065-8f71-487b-9fa1-e872b4ce9a79/resourceGroups/rg-dcstratmig-prd-004/providers/Microsoft.OffAzure/HyperVSites/HYPV-DAL-AZ-VA1534site/clusters/hicp1320-clu-olcc-lan-31e1b8b3-0964-4bf3-b3c6-23cd3b478dfd","2025-02-14T18:19:02.6963558Z","Microsoft.Azure.PowerShell.Cmdlets.Migrate.Models.Api202001.IHyperVDisk[]","NP01-APP01A-ROP","Microsoft.Azure.PowerShell.Cmdlets.Migrate.Models.Api202001.IHealthErrorDetails[]","BIOS","1","2/18/2025 1:51:06 PM","Microsoft Windows Server 2019 Standard","Windows","10.0.17763","Yes","HICP1320G",,"/subscriptions/bc602065-8f71-487b-9fa1-e872b4ce9a79/resourceGroups/rg-dcstratmig-prd-004/providers/Microsoft.OffAzure/HyperVSites/HYPV-DAL-AZ-VA1534site/machines/2b65de0b-73bc-4776-a759-c4eaf9921b10","2b65de0b-73bc-4776-a759-c4eaf9921b10","False","False","False","Cluster","65536","2b65de0b-73bc-4776-a759-c4eaf9921b10","Microsoft.Azure.PowerShell.Cmdlets.Migrate.Models.Api202001.IHyperVNetworkAdapter[]","56","2","Windows Server 2019 Standard","windowsguest","10.0.17763","Running","Microsoft.OffAzure/HyperVSites/machines","2025-02-19T13:50:19.7692341Z","C:\ClusterStorage\Volume8\NP01-APP01A-ROP\Virtual Machines\2B65DE0B-73BC-4776-A759-C4EAF9921B10.VMCX","NP01-APP01A-ROP.olcc.lan","9.0"
"4096",,,,,,,,,,"6F0B94BE-B2DB-424E-B8A0-77B99B739F8E","5595-9098-0641-1222-0998-4187-64","HICP1320_CLU.olcc.lan","/subscriptions/bc602065-8f71-487b-9fa1-e872b4ce9a79/resourceGroups/rg-dcstratmig-prd-004/providers/Microsoft.OffAzure/HyperVSites/HYPV-DAL-AZ-VA1534site/clusters/hicp1320-clu-olcc-lan-31e1b8b3-0964-4bf3-b3c6-23cd3b478dfd","2025-02-14T18:19:02.9463378Z","Microsoft.Azure.PowerShell.Cmdlets.Migrate.Models.Api202001.IHyperVDisk[]","NP01-OKTA-SVC01","Microsoft.Azure.PowerShell.Cmdlets.Migrate.Models.Api202001.IHealthErrorDetails[]","BIOS","1","2/18/2025 1:50:16 PM","Microsoft Windows Server 2019 Standard","Windows","10.0.17763","Yes","HICP1320J",,"/subscriptions/bc602065-8f71-487b-9fa1-e872b4ce9a79/resourceGroups/rg-dcstratmig-prd-004/providers/Microsoft.OffAzure/HyperVSites/HYPV-DAL-AZ-VA1534site/machines/8d492711-622e-4d39-8842-96ce8263f961","8d492711-622e-4d39-8842-96ce8263f961","False","False","False","Cluster","65536","8d492711-622e-4d39-8842-96ce8263f961","Microsoft.Azure.PowerShell.Cmdlets.Migrate.Models.Api202001.IHyperVNetworkAdapter[]","37","2","Windows Server 2019 Standard","windowsguest","10.0.17763","Running","Microsoft.OffAzure/HyperVSites/machines","2025-02-19T21:19:45.6522680Z","C:\ClusterStorage\Volume8\NP01-OKTA-SVC01\Virtual Machines\8D492711-622E-4D39-8842-96CE8263F961.VMCX","NP01-OKTA-SVC01.olcc.lan","9.0"
"4096",,,,,,,,,,"48DBBC4D-B15D-4344-B635-CD14988DF21D","7113-2234-7436-3311-9984-5056-36",,"/subscriptions/bc602065-8f71-487b-9fa1-e872b4ce9a79/resourceGroups/rg-dcstratmig-prd-004/providers/Microsoft.OffAzure/HyperVSites/HYPV-DAL-AZ-VA1534site/clusters/hicp1320-clu-olcc-lan-31e1b8b3-0964-4bf3-b3c6-23cd3b478dfd","2025-02-14T18:19:03.1963633Z","Microsoft.Azure.PowerShell.Cmdlets.Migrate.Models.Api202001.IHyperVDisk[]","DC02-WEB-01","Microsoft.Azure.PowerShell.Cmdlets.Migrate.Models.Api202001.IHealthErrorDetails[]","BIOS","1",,,,,"No","HICP1320K",,"/subscriptions/bc602065-8f71-487b-9fa1-e872b4ce9a79/resourceGroups/rg-dcstratmig-prd-004/providers/Microsoft.OffAzure/HyperVSites/HYPV-DAL-AZ-VA1534site/machines/8614a4bf-52d3-46cb-a92f-1aa5742479b8","8614a4bf-52d3-46cb-a92f-1aa5742479b8","False","False","True","Cluster","65536","8614a4bf-52d3-46cb-a92f-1aa5742479b8","Microsoft.Azure.PowerShell.Cmdlets.Migrate.Models.Api202001.IHyperVNetworkAdapter[]","-1","2",,"otherguestfamily",,"PowerOff","Microsoft.OffAzure/HyperVSites/machines","2025-02-18T13:51:48.7606525Z","C:\ClusterStorage\Volume6\DC02-WEB-01\Virtual Machines\8614A4BF-52D3-46CB-A92F-1AA5742479B8.VMCX","","9.0"
"8192",,,,,,,,,,"2026E997-46CE-4944-BB05-2A154E0A8F56","4099-9511-8609-0032-3582-1905-11","HICP1320_CLU.olcc.lan","/subscriptions/bc602065-8f71-487b-9fa1-e872b4ce9a79/resourceGroups/rg-dcstratmig-prd-004/providers/Microsoft.OffAzure/HyperVSites/HYPV-DAL-AZ-VA1534site/clusters/hicp1320-clu-olcc-lan-31e1b8b3-0964-4bf3-b3c6-23cd3b478dfd","2025-02-14T18:19:03.4463279Z","Microsoft.Azure.PowerShell.Cmdlets.Migrate.Models.Api202001.IHyperVDisk[]","HICP2224A","Microsoft.Azure.PowerShell.Cmdlets.Migrate.Models.Api202001.IHealthErrorDetails[]","UEFI","2",,,,,"Yes","HICP1320K",,"/subscriptions/bc602065-8f71-487b-9fa1-e872b4ce9a79/resourceGroups/rg-dcstratmig-prd-004/providers/Microsoft.OffAzure/HyperVSites/HYPV-DAL-AZ-VA1534site/machines/654c8d56-dfe2-4f24-acf9-b056d079070f","654c8d56-dfe2-4f24-acf9-b056d079070f","False","False","True","Cluster","1048576","654c8d56-dfe2-4f24-acf9-b056d079070f","Microsoft.Azure.PowerShell.Cmdlets.Migrate.Models.Api202001.IHyperVNetworkAdapter[]","-1","4",,"otherguestfamily",,"PowerOff","Microsoft.OffAzure/HyperVSites/machines","2025-02-18T13:51:34.6512568Z","C:\ClusterStorage\volume9\atlanta_replication\Hyper-V Replica\Virtual Machines\654C8D56-DFE2-4F24-ACF9-B056D079070F.VMCX","","9.0"
"4096",,,,,,,,,,"75FE23E1-1801-4097-BE7C-D8FE8CF78939","3609-6783-1333-5250-9421-2115-78","HICP1320_CLU.olcc.lan","/subscriptions/bc602065-8f71-487b-9fa1-e872b4ce9a79/resourceGroups/rg-dcstratmig-prd-004/providers/Microsoft.OffAzure/HyperVSites/HYPV-DAL-AZ-VA1534site/clusters/hicp1320-clu-olcc-lan-31e1b8b3-0964-4bf3-b3c6-23cd3b478dfd","2025-02-14T18:19:03.6963291Z","Microsoft.Azure.PowerShell.Cmdlets.Migrate.Models.Api202001.IHyperVDisk[]","SCOFQ2651","Microsoft.Azure.PowerShell.Cmdlets.Migrate.Models.Api202001.IHealthErrorDetails[]","UEFI","2","2/18/2025 1:50:47 PM","Microsoft Windows Server 2019 Standard","Windows","10.0.17763","Yes","HICP1320F",,"/subscriptions/bc602065-8f71-487b-9fa1-e872b4ce9a79/resourceGroups/rg-dcstratmig-prd-004/providers/Microsoft.OffAzure/HyperVSites/HYPV-DAL-AZ-VA1534site/machines/727f211b-26b9-4444-8a69-da42b94c568f","727f211b-26b9-4444-8a69-da42b94c568f","False","False","False","Cluster","1048576","727f211b-26b9-4444-8a69-da42b94c568f","Microsoft.Azure.PowerShell.Cmdlets.Migrate.Models.Api202001.IHyperVNetworkAdapter[]","27","2","Windows Server 2019 Standard","windowsguest","10.0.17763","Running","Microsoft.OffAzure/HyperVSites/machines","2025-02-19T13:50:09.7538639Z","C:\ClusterStorage\Volume5\SCOFQ2651\Virtual Machines\727F211B-26B9-4444-8A69-DA42B94C568F.VMCX","SCOFQ2651.olcc.lan","9.0"
"20480",,,,,,,,,,"9A5B7E72-DE2E-4AA4-BAAF-838C98DD00C8","0794-6888-1499-6840-8384-5546-44","HICP1320_CLU.olcc.lan","/subscriptions/bc602065-8f71-487b-9fa1-e872b4ce9a79/resourceGroups/rg-dcstratmig-prd-004/providers/Microsoft.OffAzure/HyperVSites/HYPV-DAL-AZ-VA1534site/clusters/hicp1320-clu-olcc-lan-31e1b8b3-0964-4bf3-b3c6-23cd3b478dfd","2025-02-14T18:19:03.9463663Z","Microsoft.Azure.PowerShell.Cmdlets.Migrate.Models.Api202001.IHyperVDisk[]","HICQ2180C","Microsoft.Azure.PowerShell.Cmdlets.Migrate.Models.Api202001.IHealthErrorDetails[]","UEFI","2","2/18/2025 1:50:42 PM","Microsoft Windows Server 2016 Standard","Windows","10.0.14393","Yes","HICP1320H",,"/subscriptions/bc602065-8f71-487b-9fa1-e872b4ce9a79/resourceGroups/rg-dcstratmig-prd-004/providers/Microsoft.OffAzure/HyperVSites/HYPV-DAL-AZ-VA1534site/machines/ba266343-4825-4d5e-a7a4-1647d3315dc3","ba266343-4825-4d5e-a7a4-1647d3315dc3","False","False","False","Cluster","1048576","ba266343-4825-4d5e-a7a4-1647d3315dc3","Microsoft.Azure.PowerShell.Cmdlets.Migrate.Models.Api202001.IHyperVNetworkAdapter[]","17","8","Windows Server 2016 Standard","windowsguest","10.0.14393","Running","Microsoft.OffAzure/HyperVSites/machines","2025-02-18T13:52:33.1825712Z","C:\ClusterStorage\Volume10\HICQ2180C\Virtual Machines\BA266343-4825-4D5E-A7A4-1647D3315DC3.VMCX","HICQ2180C.olcc.lan","9.0"
"4096",,,,,,,,,,"870311E8-9125-4B3E-AE7F-C00D2BC1523A","5963-4236-9771-3739-9274-8169-60","HICP1320_CLU.olcc.lan","/subscriptions/bc602065-8f71-487b-9fa1-e872b4ce9a79/resourceGroups/rg-dcstratmig-prd-004/providers/Microsoft.OffAzure/HyperVSites/HYPV-DAL-AZ-VA1534site/clusters/hicp1320-clu-olcc-lan-31e1b8b3-0964-4bf3-b3c6-23cd3b478dfd","2025-02-14T18:19:04.1963712Z","Microsoft.Azure.PowerShell.Cmdlets.Migrate.Models.Api202001.IHyperVDisk[]","HICD3901","Microsoft.Azure.PowerShell.Cmdlets.Migrate.Models.Api202001.IHealthErrorDetails[]","UEFI","2",,,,,"Yes","HICP1320J",,"/subscriptions/bc602065-8f71-487b-9fa1-e872b4ce9a79/resourceGroups/rg-dcstratmig-prd-004/providers/Microsoft.OffAzure/HyperVSites/HYPV-DAL-AZ-VA1534site/machines/a4ec214e-0b2b-48bd-9ab1-a1f1eb19b429","a4ec214e-0b2b-48bd-9ab1-a1f1eb19b429","False","False","True","Cluster","1048576","a4ec214e-0b2b-48bd-9ab1-a1f1eb19b429","Microsoft.Azure.PowerShell.Cmdlets.Migrate.Models.Api202001.IHyperVNetworkAdapter[]","-1","2","Red Hat Enterprise Linux","linuxguest","4.18.0","Running","Microsoft.OffAzure/HyperVSites/machines","2025-02-18T13:51:37.1980989Z","C:\ClusterStorage\Volume8\HICD3901\Virtual Machines\A4EC214E-0B2B-48BD-9AB1-A1F1EB19B429.VMCX","hicd3901.olcc.lan","9.0"
"4096",,,,,,,,,,"51A2C69E-6BD3-4302-BBC9-741B2242CDBC","6038-8295-4950-1633-5535-2814-33","HICP1320_CLU.olcc.lan","/subscriptions/bc602065-8f71-487b-9fa1-e872b4ce9a79/resourceGroups/rg-dcstratmig-prd-004/providers/Microsoft.OffAzure/HyperVSites/HYPV-DAL-AZ-VA1534site/clusters/hicp1320-clu-olcc-lan-31e1b8b3-0964-4bf3-b3c6-23cd3b478dfd","2025-02-14T18:19:04.4463674Z","Microsoft.Azure.PowerShell.Cmdlets.Migrate.Models.Api202001.IHyperVDisk[]","HICQ2015","Microsoft.Azure.PowerShell.Cmdlets.Migrate.Models.Api202001.IHealthErrorDetails[]","UEFI","2","2/19/2025 1:49:56 PM","Microsoft Windows Server 2019 Standard","Windows","10.0.17763","Yes","HICP1320J",,"/subscriptions/bc602065-8f71-487b-9fa1-e872b4ce9a79/resourceGroups/rg-dcstratmig-prd-004/providers/Microsoft.OffAzure/HyperVSites/HYPV-DAL-AZ-VA1534site/machines/3b6a83d9-edef-4a7c-bb30-29f3e54952f4","3b6a83d9-edef-4a7c-bb30-29f3e54952f4","False","False","False","Cluster","1048576","3b6a83d9-edef-4a7c-bb30-29f3e54952f4","Microsoft.Azure.PowerShell.Cmdlets.Migrate.Models.Api202001.IHyperVNetworkAdapter[]","53","2","Windows Server 2019 Standard","windowsguest","10.0.17763","Running","Microsoft.OffAzure/HyperVSites/machines","2025-02-19T13:49:56.6709778Z","C:\ClusterStorage\Volume5\HICQ2015\Virtual Machines\3B6A83D9-EDEF-4A7C-BB30-29F3E54952F4.VMCX","HICQ2015.olcc.lan","9.0"
"8192",,,,,,,,,,"7C4E4F90-C363-46E4-91AA-62DF3CBA2AE9","2047-6927-2138-5225-6501-2164-86","HICP1320_CLU.olcc.lan","/subscriptions/bc602065-8f71-487b-9fa1-e872b4ce9a79/resourceGroups/rg-dcstratmig-prd-004/providers/Microsoft.OffAzure/HyperVSites/HYPV-DAL-AZ-VA1534site/clusters/hicp1320-clu-olcc-lan-31e1b8b3-0964-4bf3-b3c6-23cd3b478dfd","2025-02-14T18:19:04.6973633Z","Microsoft.Azure.PowerShell.Cmdlets.Migrate.Models.Api202001.IHyperVDisk[]","FLOLVESBPRD2","Microsoft.Azure.PowerShell.Cmdlets.Migrate.Models.Api202001.IHealthErrorDetails[]","BIOS","1",,,,,"Yes","HICP1320D",,"/subscriptions/bc602065-8f71-487b-9fa1-e872b4ce9a79/resourceGroups/rg-dcstratmig-prd-004/providers/Microsoft.OffAzure/HyperVSites/HYPV-DAL-AZ-VA1534site/machines/eec5b712-db5f-48e6-bb58-50a4708e36c8","eec5b712-db5f-48e6-bb58-50a4708e36c8","False","False","True","Cluster","65536","eec5b712-db5f-48e6-bb58-50a4708e36c8","Microsoft.Azure.PowerShell.Cmdlets.Migrate.Models.Api202001.IHyperVNetworkAdapter[]","-1","4",,"otherguestfamily",,"PowerOff","Microsoft.OffAzure/HyperVSites/machines","2025-02-18T13:51:29.6356394Z","C:\ClusterStorage\volume9\atlanta_replication\Hyper-V Replica\Virtual Machines\EEC5B712-DB5F-48E6-BB58-50A4708E36C8.VMCX","","9.0"
"4096",,,,,,,,,,"5862078F-2757-4FE9-B5F2-A3AF8BFCB475","1677-4372-1609-8826-7408-1009-93","HICP1320_CLU.olcc.lan","/subscriptions/bc602065-8f71-487b-9fa1-e872b4ce9a79/resourceGroups/rg-dcstratmig-prd-004/providers/Microsoft.OffAzure/HyperVSites/HYPV-DAL-AZ-VA1534site/clusters/hicp1320-clu-olcc-lan-31e1b8b3-0964-4bf3-b3c6-23cd3b478dfd","2025-02-14T18:19:04.9473689Z","Microsoft.Azure.PowerShell.Cmdlets.Migrate.Models.Api202001.IHyperVDisk[]","NP01-ESB01-ADM","Microsoft.Azure.PowerShell.Cmdlets.Migrate.Models.Api202001.IHealthErrorDetails[]","BIOS","1","2/18/2025 1:51:17 PM","Microsoft Windows Server 2016 Standard","Windows","10.0.14393","Yes","HICP1320J",,"/subscriptions/bc602065-8f71-487b-9fa1-e872b4ce9a79/resourceGroups/rg-dcstratmig-prd-004/providers/Microsoft.OffAzure/HyperVSites/HYPV-DAL-AZ-VA1534site/machines/8c73d72d-e2dc-4d52-8c91-d27d225d5349","8c73d72d-e2dc-4d52-8c91-d27d225d5349","False","False","False","Cluster","65536","8c73d72d-e2dc-4d52-8c91-d27d225d5349","Microsoft.Azure.PowerShell.Cmdlets.Migrate.Models.Api202001.IHyperVNetworkAdapter[]","39","2","Windows Server 2016 Standard","windowsguest","10.0.14393","Running","Microsoft.OffAzure/HyperVSites/machines","2025-02-18T13:52:12.8075564Z","C:\ClusterStorage\Volume10\NP01-ESB01-ADM\Virtual Machines\8C73D72D-E2DC-4D52-8C91-D27D225D5349.VMCX","NP01-ESB01-ADM.olcc.lan","9.0"
"4096",,,,,,,,,,"73AD58EF-A376-4057-B0C4-67CEEE7C94BF","9493-6724-1454-3654-7712-7581-61","HICP1320_CLU.olcc.lan","/subscriptions/bc602065-8f71-487b-9fa1-e872b4ce9a79/resourceGroups/rg-dcstratmig-prd-004/providers/Microsoft.OffAzure/HyperVSites/HYPV-DAL-AZ-VA1534site/clusters/hicp1320-clu-olcc-lan-31e1b8b3-0964-4bf3-b3c6-23cd3b478dfd","2025-02-14T18:19:05.1973703Z","Microsoft.Azure.PowerShell.Cmdlets.Migrate.Models.Api202001.IHyperVDisk[]","HICQ2343","Microsoft.Azure.PowerShell.Cmdlets.Migrate.Models.Api202001.IHealthErrorDetails[]","UEFI","2","2/19/2025 1:50:08 PM","Microsoft Windows Server 2022 Standard","Windows","10.0.20348","Yes","HICP1320B",,"/subscriptions/bc602065-8f71-487b-9fa1-e872b4ce9a79/resourceGroups/rg-dcstratmig-prd-004/providers/Microsoft.OffAzure/HyperVSites/HYPV-DAL-AZ-VA1534site/machines/75cf2a15-f942-440b-b17b-00c72d774fd0","75cf2a15-f942-440b-b17b-00c72d774fd0","False","False","False","Cluster","1048576","75cf2a15-f942-440b-b17b-00c72d774fd0","Microsoft.Azure.PowerShell.Cmdlets.Migrate.Models.Api202001.IHyperVNetworkAdapter[]","7","2","Windows Server 2022 Standard","windowsguest","10.0.20348","Running","Microsoft.OffAzure/HyperVSites/machines","2025-02-19T13:50:21.7726170Z","C:\ClusterStorage\Volume5\HICQ2343\Virtual Machines\75CF2A15-F942-440B-B17B-00C72D774FD0.VMCX","HICQ2343.olcc.lan","9.0"
"8192",,,,,,,,,,"30D99001-E40A-4D21-B470-43AF4B9B956E","0069-5477-7459-2672-0020-9271-30","HICP1320_CLU.olcc.lan","/subscriptions/bc602065-8f71-487b-9fa1-e872b4ce9a79/resourceGroups/rg-dcstratmig-prd-004/providers/Microsoft.OffAzure/HyperVSites/HYPV-DAL-AZ-VA1534site/clusters/hicp1320-clu-olcc-lan-31e1b8b3-0964-4bf3-b3c6-23cd3b478dfd","2025-02-14T18:19:05.4473770Z","Microsoft.Azure.PowerShell.Cmdlets.Migrate.Models.Api202001.IHyperVDisk[]","HICP0111B","Microsoft.Azure.PowerShell.Cmdlets.Migrate.Models.Api202001.IHealthErrorDetails[]","UEFI","2","2/18/2025 1:50:35 PM","Microsoft Windows Server 2022 Standard","Windows","10.0.20348","Yes","HICP1320D",,"/subscriptions/bc602065-8f71-487b-9fa1-e872b4ce9a79/resourceGroups/rg-dcstratmig-prd-004/providers/Microsoft.OffAzure/HyperVSites/HYPV-DAL-AZ-VA1534site/machines/d2b2abf1-8bb2-4ed0-8ebc-35236b8dfdcf","d2b2abf1-8bb2-4ed0-8ebc-35236b8dfdcf","False","False","False","Cluster","1048576","d2b2abf1-8bb2-4ed0-8ebc-35236b8dfdcf","Microsoft.Azure.PowerShell.Cmdlets.Migrate.Models.Api202001.IHyperVNetworkAdapter[]","30","4","Windows Server 2022 Standard","windowsguest","10.0.20348","Running","Microsoft.OffAzure/HyperVSites/machines","2025-02-18T13:52:32.4325836Z","C:\ClusterStorage\Volume5\HICP0111B\Virtual Machines\D2B2ABF1-8BB2-4ED0-8EBC-35236B8DFDCF.VMCX","HICP0111B.olcc.lan","9.0"
"4096",,,,,,,,,,"3491F70E-1B1F-49BD-9205-B6AA848B7F66","4545-0074-2002-3250-1856-3063-58","HICP1320_CLU.olcc.lan","/subscriptions/bc602065-8f71-487b-9fa1-e872b4ce9a79/resourceGroups/rg-dcstratmig-prd-004/providers/Microsoft.OffAzure/HyperVSites/HYPV-DAL-AZ-VA1534site/clusters/hicp1320-clu-olcc-lan-31e1b8b3-0964-4bf3-b3c6-23cd3b478dfd","2025-02-14T18:19:05.6973734Z","Microsoft.Azure.PowerShell.Cmdlets.Migrate.Models.Api202001.IHyperVDisk[]","HICQ2341","Microsoft.Azure.PowerShell.Cmdlets.Migrate.Models.Api202001.IHealthErrorDetails[]","UEFI","2","2/19/2025 1:50:02 PM","Microsoft Windows Server 2022 Standard","Windows","10.0.20348","Yes","HICP1320D",,"/subscriptions/bc602065-8f71-487b-9fa1-e872b4ce9a79/resourceGroups/rg-dcstratmig-prd-004/providers/Microsoft.OffAzure/HyperVSites/HYPV-DAL-AZ-VA1534site/machines/aa75bbf5-f8e1-436d-8063-99922ab0218a","aa75bbf5-f8e1-436d-8063-99922ab0218a","False","False","False","Cluster","1048576","aa75bbf5-f8e1-436d-8063-99922ab0218a","Microsoft.Azure.PowerShell.Cmdlets.Migrate.Models.Api202001.IHyperVNetworkAdapter[]","15","2","Windows Server 2022 Standard","windowsguest","10.0.20348","Running","Microsoft.OffAzure/HyperVSites/machines","2025-02-19T13:50:22.5226231Z","C:\ClusterStorage\Volume8\HICQ2341\Virtual Machines\AA75BBF5-F8E1-436D-8063-99922AB0218A.VMCX","HICQ2341.olcc.lan","9.0"
"8192",,,,,,,,,,"3B871D01-06C3-41ED-8C88-2F656538E58D","9485-0448-4028-0632-2082-8738-05","HICP1320_CLU.olcc.lan","/subscriptions/bc602065-8f71-487b-9fa1-e872b4ce9a79/resourceGroups/rg-dcstratmig-prd-004/providers/Microsoft.OffAzure/HyperVSites/HYPV-DAL-AZ-VA1534site/clusters/hicp1320-clu-olcc-lan-31e1b8b3-0964-4bf3-b3c6-23cd3b478dfd","2025-02-14T18:19:05.9473748Z","Microsoft.Azure.PowerShell.Cmdlets.Migrate.Models.Api202001.IHyperVDisk[]","DC01-WB01-CAPM","Microsoft.Azure.PowerShell.Cmdlets.Migrate.Models.Api202001.IHealthErrorDetails[]","BIOS","1",,,,,"Yes","HICP1320A",,"/subscriptions/bc602065-8f71-487b-9fa1-e872b4ce9a79/resourceGroups/rg-dcstratmig-prd-004/providers/Microsoft.OffAzure/HyperVSites/HYPV-DAL-AZ-VA1534site/machines/fcba68d6-52e1-47db-b80b-1996d98ed01c","fcba68d6-52e1-47db-b80b-1996d98ed01c","False","False","True","Cluster","65536","fcba68d6-52e1-47db-b80b-1996d98ed01c","Microsoft.Azure.PowerShell.Cmdlets.Migrate.Models.Api202001.IHyperVNetworkAdapter[]","-1","2",,"otherguestfamily",,"PowerOff","Microsoft.OffAzure/HyperVSites/machines","2025-02-18T13:52:10.7763181Z","C:\ClusterStorage\volume9\atlanta_replication\Hyper-V Replica\Virtual Machines\FCBA68D6-52E1-47DB-B80B-1996D98ED01C.VMCX","","9.0"
"16384",,,,,,,,,,"A6DFB76B-E797-44E2-868A-4602665C93EB","7610-7523-0922-4104-1962-8870-08","HICP1320_CLU.olcc.lan","/subscriptions/bc602065-8f71-487b-9fa1-e872b4ce9a79/resourceGroups/rg-dcstratmig-prd-004/providers/Microsoft.OffAzure/HyperVSites/HYPV-DAL-AZ-VA1534site/clusters/hicp1320-clu-olcc-lan-31e1b8b3-0964-4bf3-b3c6-23cd3b478dfd","2025-02-14T18:19:06.1973692Z","Microsoft.Azure.PowerShell.Cmdlets.Migrate.Models.Api202001.IHyperVDisk[]","HICP7075","Microsoft.Azure.PowerShell.Cmdlets.Migrate.Models.Api202001.IHealthErrorDetails[]","BIOS","1",,,,,"Yes","HICP1320H",,"/subscriptions/bc602065-8f71-487b-9fa1-e872b4ce9a79/resourceGroups/rg-dcstratmig-prd-004/providers/Microsoft.OffAzure/HyperVSites/HYPV-DAL-AZ-VA1534site/machines/66ae2b7b-6be9-44eb-ad90-25d0766fa8c7","66ae2b7b-6be9-44eb-ad90-25d0766fa8c7","False","False","True","Cluster","65536","66ae2b7b-6be9-44eb-ad90-25d0766fa8c7","Microsoft.Azure.PowerShell.Cmdlets.Migrate.Models.Api202001.IHyperVNetworkAdapter[]","-1","4",,"otherguestfamily",,"PowerOff","Microsoft.OffAzure/HyperVSites/machines","2025-02-18T13:51:33.3855937Z","C:\ClusterStorage\volume9\atlanta_replication\Hyper-V Replica\Virtual Machines\66AE2B7B-6BE9-44EB-AD90-25D0766FA8C7.VMCX","","9.0"
"8192",,,,,,,,,,"EB1D3E6C-4808-422A-8C0D-131D9457D90A","8056-5943-3813-2944-9096-4097-48","HICP1320_CLU.olcc.lan","/subscriptions/bc602065-8f71-487b-9fa1-e872b4ce9a79/resourceGroups/rg-dcstratmig-prd-004/providers/Microsoft.OffAzure/HyperVSites/HYPV-DAL-AZ-VA1534site/clusters/hicp1320-clu-olcc-lan-31e1b8b3-0964-4bf3-b3c6-23cd3b478dfd","2025-02-14T18:19:06.4474177Z","Microsoft.Azure.PowerShell.Cmdlets.Migrate.Models.Api202001.IHyperVDisk[]","HICDR7010","Microsoft.Azure.PowerShell.Cmdlets.Migrate.Models.Api202001.IHealthErrorDetails[]","UEFI","2","2/18/2025 1:50:27 PM","Microsoft Windows Server 2022 Standard","Windows","10.0.20348","Yes","HICP1320K",,"/subscriptions/bc602065-8f71-487b-9fa1-e872b4ce9a79/resourceGroups/rg-dcstratmig-prd-004/providers/Microsoft.OffAzure/HyperVSites/HYPV-DAL-AZ-VA1534site/machines/361c86c5-d97d-4a3f-8eda-3783db89c012","361c86c5-d97d-4a3f-8eda-3783db89c012","False","False","False","Cluster","1048576","361c86c5-d97d-4a3f-8eda-3783db89c012","Microsoft.Azure.PowerShell.Cmdlets.Migrate.Models.Api202001.IHyperVNetworkAdapter[]","22","4","Windows Server 2022 Standard","windowsguest","10.0.20348","Running","Microsoft.OffAzure/HyperVSites/machines","2025-02-18T13:52:30.9013365Z","C:\ClusterStorage\Volume10\HICDR7010\Virtual Machines\361C86C5-D97D-4A3F-8EDA-3783DB89C012.VMCX","HICDR7010.olcc.lan","9.0"
"4096",,,,,,,,,,"8D1F6F9F-204B-4222-A463-EFCD05B5DBCC","8460-5529-5170-9470-6890-3233-72","HICP1320_CLU.olcc.lan","/subscriptions/bc602065-8f71-487b-9fa1-e872b4ce9a79/resourceGroups/rg-dcstratmig-prd-004/providers/Microsoft.OffAzure/HyperVSites/HYPV-DAL-AZ-VA1534site/clusters/hicp1320-clu-olcc-lan-31e1b8b3-0964-4bf3-b3c6-23cd3b478dfd","2025-02-14T18:19:06.6974130Z","Microsoft.Azure.PowerShell.Cmdlets.Migrate.Models.Api202001.IHyperVDisk[]","HICN2268D","Microsoft.Azure.PowerShell.Cmdlets.Migrate.Models.Api202001.IHealthErrorDetails[]","UEFI","2","2/18/2025 1:50:41 PM","Microsoft Windows Server 2022 Standard","Windows","10.0.20348","Yes","HICP1320K",,"/subscriptions/bc602065-8f71-487b-9fa1-e872b4ce9a79/resourceGroups/rg-dcstratmig-prd-004/providers/Microsoft.OffAzure/HyperVSites/HYPV-DAL-AZ-VA1534site/machines/e3bebd3c-8702-4444-be33-d4cacb51266f","e3bebd3c-8702-4444-be33-d4cacb51266f","False","False","False","Cluster","1048576","e3bebd3c-8702-4444-be33-d4cacb51266f","Microsoft.Azure.PowerShell.Cmdlets.Migrate.Models.Api202001.IHyperVNetworkAdapter[]","13","2","Windows Server 2022 Standard","windowsguest","10.0.20348","Running","Microsoft.OffAzure/HyperVSites/machines","2025-02-18T13:51:46.2449821Z","C:\ClusterStorage\Volume2\HICN2268D\Virtual Machines\E3BEBD3C-8702-4444-BE33-D4CACB51266F.VMCX","HICN2268D.olcc.lan","9.0"
"8192",,,,,,,,,,"78845F55-5559-42C6-8190-FFE145E2A138","1448-3620-4771-9553-2775-3461-17","HICP1320_CLU.olcc.lan","/subscriptions/bc602065-8f71-487b-9fa1-e872b4ce9a79/resourceGroups/rg-dcstratmig-prd-004/providers/Microsoft.OffAzure/HyperVSites/HYPV-DAL-AZ-VA1534site/clusters/hicp1320-clu-olcc-lan-31e1b8b3-0964-4bf3-b3c6-23cd3b478dfd","2025-02-14T18:19:06.9473845Z","Microsoft.Azure.PowerShell.Cmdlets.Migrate.Models.Api202001.IHyperVDisk[]","FLOLVESBPRD1","Microsoft.Azure.PowerShell.Cmdlets.Migrate.Models.Api202001.IHealthErrorDetails[]","BIOS","1",,,,,"Yes","HICP1320B",,"/subscriptions/bc602065-8f71-487b-9fa1-e872b4ce9a79/resourceGroups/rg-dcstratmig-prd-004/providers/Microsoft.OffAzure/HyperVSites/HYPV-DAL-AZ-VA1534site/machines/4accc4af-eebb-432b-8985-8af72cb026e7","4accc4af-eebb-432b-8985-8af72cb026e7","False","False","True","Cluster","65536","4accc4af-eebb-432b-8985-8af72cb026e7","Microsoft.Azure.PowerShell.Cmdlets.Migrate.Models.Api202001.IHyperVNetworkAdapter[]","-1","4",,"otherguestfamily",,"PowerOff","Microsoft.OffAzure/HyperVSites/machines","2025-02-18T13:52:10.2919249Z","C:\ClusterStorage\volume9\atlanta_replication\Hyper-V Replica\Virtual Machines\4ACCC4AF-EEBB-432B-8985-8AF72CB026E7.VMCX","","9.0"
"8192",,,,,,,,,,"E616D635-90CA-44D3-9A9A-D15D4174D359","0224-9973-8203-7994-1747-2525-91","HICP1320_CLU.olcc.lan","/subscriptions/bc602065-8f71-487b-9fa1-e872b4ce9a79/resourceGroups/rg-dcstratmig-prd-004/providers/Microsoft.OffAzure/HyperVSites/HYPV-DAL-AZ-VA1534site/clusters/hicp1320-clu-olcc-lan-31e1b8b3-0964-4bf3-b3c6-23cd3b478dfd","2025-02-14T18:19:07.1973798Z","Microsoft.Azure.PowerShell.Cmdlets.Migrate.Models.Api202001.IHyperVDisk[]","HICN2380A","Microsoft.Azure.PowerShell.Cmdlets.Migrate.Models.Api202001.IHealthErrorDetails[]","UEFI","2","2/18/2025 1:50:19 PM","Microsoft Windows Server 2019 Standard","Windows","10.0.17763","Yes","HICP1320A",,"/subscriptions/bc602065-8f71-487b-9fa1-e872b4ce9a79/resourceGroups/rg-dcstratmig-prd-004/providers/Microsoft.OffAzure/HyperVSites/HYPV-DAL-AZ-VA1534site/machines/459fcd67-feb8-4966-b78c-1d5a15140c3d","459fcd67-feb8-4966-b78c-1d5a15140c3d","False","False","False","Cluster","1048576","459fcd67-feb8-4966-b78c-1d5a15140c3d","Microsoft.Azure.PowerShell.Cmdlets.Migrate.Models.Api202001.IHyperVNetworkAdapter[]","28","2","Windows Server 2019 Standard","windowsguest","10.0.17763","Running","Microsoft.OffAzure/HyperVSites/machines","2025-02-18T13:51:29.3856233Z","C:\ClusterStorage\Volume10\HICN2380A\Virtual Machines\459FCD67-FEB8-4966-B78C-1D5A15140C3D.VMCX","HICN2380A.olcc.lan","9.0"
"24576",,,,,,,,,,"C5F53FAE-56BB-43C7-9798-1293D181270A","2159-1456-5957-3213-7398-3379-97","HICP1320_CLU.olcc.lan","/subscriptions/bc602065-8f71-487b-9fa1-e872b4ce9a79/resourceGroups/rg-dcstratmig-prd-004/providers/Microsoft.OffAzure/HyperVSites/HYPV-DAL-AZ-VA1534site/clusters/hicp1320-clu-olcc-lan-31e1b8b3-0964-4bf3-b3c6-23cd3b478dfd","2025-02-14T18:19:07.4473851Z","Microsoft.Azure.PowerShell.Cmdlets.Migrate.Models.Api202001.IHyperVDisk[]","DC02-POLLER1-SW","Microsoft.Azure.PowerShell.Cmdlets.Migrate.Models.Api202001.IHealthErrorDetails[]","BIOS","1","2/19/2025 1:50:01 PM","Microsoft Windows Server 2019 Standard","Windows","10.0.17763","Yes","HICP1320C",,"/subscriptions/bc602065-8f71-487b-9fa1-e872b4ce9a79/resourceGroups/rg-dcstratmig-prd-004/providers/Microsoft.OffAzure/HyperVSites/HYPV-DAL-AZ-VA1534site/machines/0e0d3623-2f92-4535-a003-e4bf69476c78","0e0d3623-2f92-4535-a003-e4bf69476c78","False","False","False","Cluster","65536","0e0d3623-2f92-4535-a003-e4bf69476c78","Microsoft.Azure.PowerShell.Cmdlets.Migrate.Models.Api202001.IHyperVNetworkAdapter[]","63","6","Windows Server 2019 Standard","windowsguest","10.0.17763","Running","Microsoft.OffAzure/HyperVSites/machines","2025-02-20T03:20:40.0984936Z","C:\ClusterStorage\Volume5\DC02-POLLER1-SW\Virtual Machines\0E0D3623-2F92-4535-A003-E4BF69476C78.VMCX","DC02-POLLER1-SW.olcc.lan","9.0"
"16384",,,,,,,,,,"AADF08B2-FA65-4E74-9195-A51A9778885A","1002-3583-2904-6632-6278-6265-65","HICP1320_CLU.olcc.lan","/subscriptions/bc602065-8f71-487b-9fa1-e872b4ce9a79/resourceGroups/rg-dcstratmig-prd-004/providers/Microsoft.OffAzure/HyperVSites/HYPV-DAL-AZ-VA1534site/clusters/hicp1320-clu-olcc-lan-31e1b8b3-0964-4bf3-b3c6-23cd3b478dfd","2025-02-14T18:19:07.6975349Z","Microsoft.Azure.PowerShell.Cmdlets.Migrate.Models.Api202001.IHyperVDisk[]","HICQ2600","Microsoft.Azure.PowerShell.Cmdlets.Migrate.Models.Api202001.IHealthErrorDetails[]","UEFI","2","2/19/2025 1:49:47 PM","Microsoft Windows Server 2019 Standard","Windows","10.0.17763","Yes","HICP1320D",,"/subscriptions/bc602065-8f71-487b-9fa1-e872b4ce9a79/resourceGroups/rg-dcstratmig-prd-004/providers/Microsoft.OffAzure/HyperVSites/HYPV-DAL-AZ-VA1534site/machines/a39a9f48-dffd-48e9-a2f0-fd1060d5d824","a39a9f48-dffd-48e9-a2f0-fd1060d5d824","False","False","False","Cluster","1048576","a39a9f48-dffd-48e9-a2f0-fd1060d5d824","Microsoft.Azure.PowerShell.Cmdlets.Migrate.Models.Api202001.IHyperVNetworkAdapter[]","16","4",,"otherguestfamily",,"PowerOff","Microsoft.OffAzure/HyperVSites/machines","2025-02-19T20:19:28.6805234Z","C:\ClusterStorage\Volume10\HICQ2600\Virtual Machines\A39A9F48-DFFD-48E9-A2F0-FD1060D5D824.VMCX","","9.0"
"4096",,,,,,,,,,"C6011BD7-CF25-4188-8582-3B3AB149609B","5849-2428-3165-7473-1357-2846-94","HICP1320_CLU.olcc.lan","/subscriptions/bc602065-8f71-487b-9fa1-e872b4ce9a79/resourceGroups/rg-dcstratmig-prd-004/providers/Microsoft.OffAzure/HyperVSites/HYPV-DAL-AZ-VA1534site/clusters/hicp1320-clu-olcc-lan-31e1b8b3-0964-4bf3-b3c6-23cd3b478dfd","2025-02-14T18:19:07.9474396Z","Microsoft.Azure.PowerShell.Cmdlets.Migrate.Models.Api202001.IHyperVDisk[]","NP02-APP01A-ROP","Microsoft.Azure.PowerShell.Cmdlets.Migrate.Models.Api202001.IHealthErrorDetails[]","BIOS","1","2/18/2025 1:50:43 PM","Microsoft Windows Server 2019 Standard","Windows","10.0.17763","Yes","HICP1320H",,"/subscriptions/bc602065-8f71-487b-9fa1-e872b4ce9a79/resourceGroups/rg-dcstratmig-prd-004/providers/Microsoft.OffAzure/HyperVSites/HYPV-DAL-AZ-VA1534site/machines/e410757d-17ed-4314-b663-6ddb597e6706","e410757d-17ed-4314-b663-6ddb597e6706","False","False","False","Cluster","65536","e410757d-17ed-4314-b663-6ddb597e6706","Microsoft.Azure.PowerShell.Cmdlets.Migrate.Models.Api202001.IHyperVNetworkAdapter[]","55","2","Windows Server 2019 Standard","windowsguest","10.0.17763","Running","Microsoft.OffAzure/HyperVSites/machines","2025-02-18T13:52:33.6825748Z","C:\ClusterStorage\Volume8\NP02-APP01A-ROP\Virtual Machines\E410757D-17ED-4314-B663-6DDB597E6706.VMCX","NP02-APP01A-ROP.olcc.lan","9.0"
"8192",,,,,,,,,,"3841318B-BACA-4041-9651-44C86DFFAA2F","2945-0575-6986-1780-4866-9109-68","HICP1320_CLU.olcc.lan","/subscriptions/bc602065-8f71-487b-9fa1-e872b4ce9a79/resourceGroups/rg-dcstratmig-prd-004/providers/Microsoft.OffAzure/HyperVSites/HYPV-DAL-AZ-VA1534site/clusters/hicp1320-clu-olcc-lan-31e1b8b3-0964-4bf3-b3c6-23cd3b478dfd","2025-02-14T18:19:08.1974099Z","Microsoft.Azure.PowerShell.Cmdlets.Migrate.Models.Api202001.IHyperVDisk[]","HICQ2550","Microsoft.Azure.PowerShell.Cmdlets.Migrate.Models.Api202001.IHealthErrorDetails[]","UEFI","2","2/18/2025 1:50:50 PM","Microsoft Windows Server 2019 Standard","Windows","10.0.17763","Yes","HICP1320A",,"/subscriptions/bc602065-8f71-487b-9fa1-e872b4ce9a79/resourceGroups/rg-dcstratmig-prd-004/providers/Microsoft.OffAzure/HyperVSites/HYPV-DAL-AZ-VA1534site/machines/c58684a4-7cb8-4da8-b862-6afb0d03f33b","c58684a4-7cb8-4da8-b862-6afb0d03f33b","False","False","False","Cluster","1048576","c58684a4-7cb8-4da8-b862-6afb0d03f33b","Microsoft.Azure.PowerShell.Cmdlets.Migrate.Models.Api202001.IHyperVNetworkAdapter[]","169","2","Windows Server 2019 Standard","windowsguest","10.0.17763","Running","Microsoft.OffAzure/HyperVSites/machines","2025-02-18T13:51:52.0419430Z","C:\ClusterStorage\Volume6\HICQ2550\Virtual Machines\C58684A4-7CB8-4DA8-B862-6AFB0D03F33B.VMCX","HICQ2550.olcc.lan","9.0"
"8192",,,,,,,,,,"3AB36D2A-051C-4EBA-87BB-B97482A7D26D","7331-1376-1295-3238-5525-3085-36","HICP1320_CLU.olcc.lan","/subscriptions/bc602065-8f71-487b-9fa1-e872b4ce9a79/resourceGroups/rg-dcstratmig-prd-004/providers/Microsoft.OffAzure/HyperVSites/HYPV-DAL-AZ-VA1534site/clusters/hicp1320-clu-olcc-lan-31e1b8b3-0964-4bf3-b3c6-23cd3b478dfd","2025-02-14T18:19:08.4473997Z","Microsoft.Azure.PowerShell.Cmdlets.Migrate.Models.Api202001.IHyperVDisk[]","HICP2432","Microsoft.Azure.PowerShell.Cmdlets.Migrate.Models.Api202001.IHealthErrorDetails[]","BIOS","1",,,,,"Yes","HICP1320C",,"/subscriptions/bc602065-8f71-487b-9fa1-e872b4ce9a79/resourceGroups/rg-dcstratmig-prd-004/providers/Microsoft.OffAzure/HyperVSites/HYPV-DAL-AZ-VA1534site/machines/acc3da70-1307-49c4-a395-58347683db2c","acc3da70-1307-49c4-a395-58347683db2c","False","False","True","Cluster","1048576","acc3da70-1307-49c4-a395-58347683db2c","Microsoft.Azure.PowerShell.Cmdlets.Migrate.Models.Api202001.IHyperVNetworkAdapter[]","-1","4",,"otherguestfamily",,"Running","Microsoft.OffAzure/HyperVSites/machines","2025-02-20T03:20:41.5984736Z","C:\ClusterStorage\Volume6\HICP2423B\Virtual Machines\ACC3DA70-1307-49C4-A395-58347683DB2C.VMCX","","9.0"
"8192",,,,,,,,,,"E3C7DA76-4BED-41B0-A5CC-ABBE0CED2CE0","2884-7188-3844-6924-5941-3912-98","HICP1320_CLU.olcc.lan","/subscriptions/bc602065-8f71-487b-9fa1-e872b4ce9a79/resourceGroups/rg-dcstratmig-prd-004/providers/Microsoft.OffAzure/HyperVSites/HYPV-DAL-AZ-VA1534site/clusters/hicp1320-clu-olcc-lan-31e1b8b3-0964-4bf3-b3c6-23cd3b478dfd","2025-02-14T18:19:08.6981979Z","Microsoft.Azure.PowerShell.Cmdlets.Migrate.Models.Api202001.IHyperVDisk[]","HICP2225A","Microsoft.Azure.PowerShell.Cmdlets.Migrate.Models.Api202001.IHealthErrorDetails[]","UEFI","2",,,,,"Yes","HICP1320G",,"/subscriptions/bc602065-8f71-487b-9fa1-e872b4ce9a79/resourceGroups/rg-dcstratmig-prd-004/providers/Microsoft.OffAzure/HyperVSites/HYPV-DAL-AZ-VA1534site/machines/d5e9d2dd-28e9-43d6-9b4f-b80cfbddf009","d5e9d2dd-28e9-43d6-9b4f-b80cfbddf009","False","False","True","Cluster","1048576","d5e9d2dd-28e9-43d6-9b4f-b80cfbddf009","Microsoft.Azure.PowerShell.Cmdlets.Migrate.Models.Api202001.IHyperVNetworkAdapter[]","-1","4",,"otherguestfamily",,"PowerOff","Microsoft.OffAzure/HyperVSites/machines","2025-02-18T13:51:32.3855986Z","C:\ClusterStorage\volume9\atlanta_replication\Hyper-V Replica\Virtual Machines\D5E9D2DD-28E9-43D6-9B4F-B80CFBDDF009.VMCX","","9.0"
"4096",,,,,,,,,,"7CC5BAB5-7F82-4F09-A540-05E01C6BE7DD","3729-4002-7564-5066-2231-0871-89","HICP1320_CLU.olcc.lan","/subscriptions/bc602065-8f71-487b-9fa1-e872b4ce9a79/resourceGroups/rg-dcstratmig-prd-004/providers/Microsoft.OffAzure/HyperVSites/HYPV-DAL-AZ-VA1534site/clusters/hicp1320-clu-olcc-lan-31e1b8b3-0964-4bf3-b3c6-23cd3b478dfd","2025-02-14T18:19:08.9481800Z","Microsoft.Azure.PowerShell.Cmdlets.Migrate.Models.Api202001.IHyperVDisk[]","OLTSWDB1","Microsoft.Azure.PowerShell.Cmdlets.Migrate.Models.Api202001.IHealthErrorDetails[]","BIOS","1",,,,,"Yes","HICP1320A",,"/subscriptions/bc602065-8f71-487b-9fa1-e872b4ce9a79/resourceGroups/rg-dcstratmig-prd-004/providers/Microsoft.OffAzure/HyperVSites/HYPV-DAL-AZ-VA1534site/machines/a326bd3d-aae6-4804-91b6-b6cf68cb0d92","a326bd3d-aae6-4804-91b6-b6cf68cb0d92","False","False","True","Cluster","65536","a326bd3d-aae6-4804-91b6-b6cf68cb0d92","Microsoft.Azure.PowerShell.Cmdlets.Migrate.Models.Api202001.IHyperVNetworkAdapter[]","-1","2",,"otherguestfamily",,"PowerOff","Microsoft.OffAzure/HyperVSites/machines","2025-02-18T13:51:36.9481403Z","C:\ClusterStorage\volume9\atlanta_replication\Hyper-V Replica\Virtual Machines\A326BD3D-AAE6-4804-91B6-B6CF68CB0D92.VMCX","","9.0"
"4096",,,,,,,,,,"1B470522-AF73-40F9-A945-3C17C979B134","3065-6613-3072-8885-5651-1581-18","HICP1320_CLU.olcc.lan","/subscriptions/bc602065-8f71-487b-9fa1-e872b4ce9a79/resourceGroups/rg-dcstratmig-prd-004/providers/Microsoft.OffAzure/HyperVSites/HYPV-DAL-AZ-VA1534site/clusters/hicp1320-clu-olcc-lan-31e1b8b3-0964-4bf3-b3c6-23cd3b478dfd","2025-02-14T18:19:09.1982118Z","Microsoft.Azure.PowerShell.Cmdlets.Migrate.Models.Api202001.IHyperVDisk[]","HICQ8526B","Microsoft.Azure.PowerShell.Cmdlets.Migrate.Models.Api202001.IHealthErrorDetails[]","UEFI","2","2/18/2025 1:50:15 PM","Microsoft Windows Server 2019 Standard","Windows","10.0.17763","Yes","HICP1320B",,"/subscriptions/bc602065-8f71-487b-9fa1-e872b4ce9a79/resourceGroups/rg-dcstratmig-prd-004/providers/Microsoft.OffAzure/HyperVSites/HYPV-DAL-AZ-VA1534site/machines/2ed38b44-3bde-4ffd-afbe-9f4b9a30f87b","2ed38b44-3bde-4ffd-afbe-9f4b9a30f87b","False","False","False","Cluster","1048576","2ed38b44-3bde-4ffd-afbe-9f4b9a30f87b","Microsoft.Azure.PowerShell.Cmdlets.Migrate.Models.Api202001.IHyperVNetworkAdapter[]","108","2","Windows Server 2019 Standard","windowsguest","10.0.17763","Running","Microsoft.OffAzure/HyperVSites/machines","2025-02-18T13:51:27.6199997Z","C:\ClusterStorage\Volume6\HICQ8526B\Virtual Machines\2ED38B44-3BDE-4FFD-AFBE-9F4B9A30F87B.VMCX","HICQ8526B.olcc.lan","9.0"
"8192",,,,,,,,,,"023DECF2-0EDA-4922-B39B-EB338D9BF7E9","9696-6374-0571-4892-7901-0672-99","HICP1320_CLU.olcc.lan","/subscriptions/bc602065-8f71-487b-9fa1-e872b4ce9a79/resourceGroups/rg-dcstratmig-prd-004/providers/Microsoft.OffAzure/HyperVSites/HYPV-DAL-AZ-VA1534site/clusters/hicp1320-clu-olcc-lan-31e1b8b3-0964-4bf3-b3c6-23cd3b478dfd","2025-02-14T18:19:09.4481858Z","Microsoft.Azure.PowerShell.Cmdlets.Migrate.Models.Api202001.IHyperVDisk[]","FLOLVRMQPRD1","Microsoft.Azure.PowerShell.Cmdlets.Migrate.Models.Api202001.IHealthErrorDetails[]","BIOS","1",,,,,"Yes","HICP1320B",,"/subscriptions/bc602065-8f71-487b-9fa1-e872b4ce9a79/resourceGroups/rg-dcstratmig-prd-004/providers/Microsoft.OffAzure/HyperVSites/HYPV-DAL-AZ-VA1534site/machines/28cc1004-ded8-40fc-8a0c-2ca11db2fb1a","28cc1004-ded8-40fc-8a0c-2ca11db2fb1a","False","False","True","Cluster","65536","28cc1004-ded8-40fc-8a0c-2ca11db2fb1a","Microsoft.Azure.PowerShell.Cmdlets.Migrate.Models.Api202001.IHyperVNetworkAdapter[]","-1","4",,"otherguestfamily",,"PowerOff","Microsoft.OffAzure/HyperVSites/machines","2025-02-18T13:52:11.2763080Z","C:\ClusterStorage\volume9\atlanta_replication\Hyper-V Replica\Virtual Machines\28CC1004-DED8-40FC-8A0C-2CA11DB2FB1A.VMCX","","9.0"
"8192",,,,,,,,,,"B8C40CEA-4F52-45D9-A056-488740DAEF77","3169-2330-3237-4425-2272-9439-02","HICP1320_CLU.olcc.lan","/subscriptions/bc602065-8f71-487b-9fa1-e872b4ce9a79/resourceGroups/rg-dcstratmig-prd-004/providers/Microsoft.OffAzure/HyperVSites/HYPV-DAL-AZ-VA1534site/clusters/hicp1320-clu-olcc-lan-31e1b8b3-0964-4bf3-b3c6-23cd3b478dfd","2025-02-14T18:19:09.6981877Z","Microsoft.Azure.PowerShell.Cmdlets.Migrate.Models.Api202001.IHyperVDisk[]","NP01-APP01A-TSW","Microsoft.Azure.PowerShell.Cmdlets.Migrate.Models.Api202001.IHealthErrorDetails[]","BIOS","1","2/18/2025 1:50:44 PM","Microsoft Windows Server 2019 Standard","Windows","10.0.17763","Yes","HICP1320G",,"/subscriptions/bc602065-8f71-487b-9fa1-e872b4ce9a79/resourceGroups/rg-dcstratmig-prd-004/providers/Microsoft.OffAzure/HyperVSites/HYPV-DAL-AZ-VA1534site/machines/3117944c-8f04-43e0-a353-24a932cf1894","3117944c-8f04-43e0-a353-24a932cf1894","False","False","False","Cluster","65536","3117944c-8f04-43e0-a353-24a932cf1894","Microsoft.Azure.PowerShell.Cmdlets.Migrate.Models.Api202001.IHyperVNetworkAdapter[]","50","2","Windows Server 2019 Standard","windowsguest","10.0.17763","Running","Microsoft.OffAzure/HyperVSites/machines","2025-02-19T13:50:14.0348487Z","C:\ClusterStorage\Volume6\NP01-APP01A-TSW\Virtual Machines\3117944C-8F04-43E0-A353-24A932CF1894.VMCX","NP01-APP01A-TSW.olcc.lan","9.0"
"8192",,,,,,,,,,"50573FEE-F5DB-4563-9BD5-5BAABA96A6FE","7406-1702-6771-9417-0590-4266-04","HICP1320_CLU.olcc.lan","/subscriptions/bc602065-8f71-487b-9fa1-e872b4ce9a79/resourceGroups/rg-dcstratmig-prd-004/providers/Microsoft.OffAzure/HyperVSites/HYPV-DAL-AZ-VA1534site/clusters/hicp1320-clu-olcc-lan-31e1b8b3-0964-4bf3-b3c6-23cd3b478dfd","2025-02-14T18:19:09.9503974Z","Microsoft.Azure.PowerShell.Cmdlets.Migrate.Models.Api202001.IHyperVDisk[]","HICD2365","Microsoft.Azure.PowerShell.Cmdlets.Migrate.Models.Api202001.IHealthErrorDetails[]","UEFI","2","2/18/2025 1:51:05 PM","Microsoft Windows Server 2022 Standard","Windows","10.0.20348","Yes","HICP1320J",,"/subscriptions/bc602065-8f71-487b-9fa1-e872b4ce9a79/resourceGroups/rg-dcstratmig-prd-004/providers/Microsoft.OffAzure/HyperVSites/HYPV-DAL-AZ-VA1534site/machines/610fce22-9c97-4c7a-9fc2-9943bd2ae7da","610fce22-9c97-4c7a-9fc2-9943bd2ae7da","False","False","False","Cluster","1048576","610fce22-9c97-4c7a-9fc2-9943bd2ae7da","Microsoft.Azure.PowerShell.Cmdlets.Migrate.Models.Api202001.IHyperVNetworkAdapter[]","15","2",,"otherguestfamily",,"PowerOff","Microsoft.OffAzure/HyperVSites/machines","2025-02-19T15:19:07.6981496Z","C:\ClusterStorage\Volume10\HICD2365\Virtual Machines\610FCE22-9C97-4C7A-9FC2-9943BD2AE7DA.VMCX","","9.0"
"16384",,,,,,,,,,"123623DC-BE5C-4A05-BC41-41F5857F3590","5845-4677-9784-4438-3808-1212-25","HICP1320_CLU.olcc.lan","/subscriptions/bc602065-8f71-487b-9fa1-e872b4ce9a79/resourceGroups/rg-dcstratmig-prd-004/providers/Microsoft.OffAzure/HyperVSites/HYPV-DAL-AZ-VA1534site/clusters/hicp1320-clu-olcc-lan-31e1b8b3-0964-4bf3-b3c6-23cd3b478dfd","2025-02-14T18:19:10.2004142Z","Microsoft.Azure.PowerShell.Cmdlets.Migrate.Models.Api202001.IHyperVDisk[]","HICD6508","Microsoft.Azure.PowerShell.Cmdlets.Migrate.Models.Api202001.IHealthErrorDetails[]","UEFI","2","2/19/2025 1:50:03 PM","Microsoft Windows Server 2019 Standard","Windows","10.0.17763","Yes","HICP1320G",,"/subscriptions/bc602065-8f71-487b-9fa1-e872b4ce9a79/resourceGroups/rg-dcstratmig-prd-004/providers/Microsoft.OffAzure/HyperVSites/HYPV-DAL-AZ-VA1534site/machines/515f2b34-6e40-4272-bbc3-2b4a1c6d8992","515f2b34-6e40-4272-bbc3-2b4a1c6d8992","False","False","False","Cluster","1048576","515f2b34-6e40-4272-bbc3-2b4a1c6d8992","Microsoft.Azure.PowerShell.Cmdlets.Migrate.Models.Api202001.IHyperVNetworkAdapter[]","102","4","Windows Server 2019 Standard","windowsguest","10.0.17763","Running","Microsoft.OffAzure/HyperVSites/machines","2025-02-19T13:50:18.5192348Z","C:\ClusterStorage\Volume6\HICD6508\Virtual Machines\515F2B34-6E40-4272-BBC3-2B4A1C6D8992.VMCX","HICD6508.olcc.lan","9.0"
"4096",,,,,,,,,,"B9A4A4B8-14ED-44B1-B05D-C835A0575637","9640-9022-5321-9013-0640-5896-99","HICP1320_CLU.olcc.lan","/subscriptions/bc602065-8f71-487b-9fa1-e872b4ce9a79/resourceGroups/rg-dcstratmig-prd-004/providers/Microsoft.OffAzure/HyperVSites/HYPV-DAL-AZ-VA1534site/clusters/hicp1320-clu-olcc-lan-31e1b8b3-0964-4bf3-b3c6-23cd3b478dfd","2025-02-14T18:19:10.4503995Z","Microsoft.Azure.PowerShell.Cmdlets.Migrate.Models.Api202001.IHyperVDisk[]","HICQ2000","Microsoft.Azure.PowerShell.Cmdlets.Migrate.Models.Api202001.IHealthErrorDetails[]","BIOS","1","2/14/2025 6:23:21 PM","Microsoft Windows Server 2019 Standard","Windows","10.0.17763","Yes","HICP1320B",,"/subscriptions/bc602065-8f71-487b-9fa1-e872b4ce9a79/resourceGroups/rg-dcstratmig-prd-004/providers/Microsoft.OffAzure/HyperVSites/HYPV-DAL-AZ-VA1534site/machines/968d5c1c-f716-4be1-9366-dfb99cbee5eb","968d5c1c-f716-4be1-9366-dfb99cbee5eb","False","False","False","Cluster","65536","968d5c1c-f716-4be1-9366-dfb99cbee5eb","Microsoft.Azure.PowerShell.Cmdlets.Migrate.Models.Api202001.IHyperVNetworkAdapter[]","33","2","Windows Server 2019 Standard","windowsguest","10.0.17763","Running","Microsoft.OffAzure/HyperVSites/machines","2025-02-18T13:52:01.9793942Z","C:\ClusterStorage\Volume8\HICQ2000\Virtual Machines\968D5C1C-F716-4BE1-9366-DFB99CBEE5EB.VMCX","HICQ2000.olcc.lan","9.0"
"4096",,,,,,,,,,"4E87C341-86BD-42B8-A901-44B06ADEEB9A","8721-5127-4639-6494-5915-2810-33","HICP1320_CLU.olcc.lan","/subscriptions/bc602065-8f71-487b-9fa1-e872b4ce9a79/resourceGroups/rg-dcstratmig-prd-004/providers/Microsoft.OffAzure/HyperVSites/HYPV-DAL-AZ-VA1534site/clusters/hicp1320-clu-olcc-lan-31e1b8b3-0964-4bf3-b3c6-23cd3b478dfd","2025-02-14T18:19:10.7003924Z","Microsoft.Azure.PowerShell.Cmdlets.Migrate.Models.Api202001.IHyperVDisk[]","HICQ8517A","Microsoft.Azure.PowerShell.Cmdlets.Migrate.Models.Api202001.IHealthErrorDetails[]","UEFI","2","2/18/2025 1:50:46 PM","Microsoft Windows Server 2019 Standard","Windows","10.0.17763","Yes","HICP1320K",,"/subscriptions/bc602065-8f71-487b-9fa1-e872b4ce9a79/resourceGroups/rg-dcstratmig-prd-004/providers/Microsoft.OffAzure/HyperVSites/HYPV-DAL-AZ-VA1534site/machines/693a5e2a-cf74-44d9-9bed-423d169b7593","693a5e2a-cf74-44d9-9bed-423d169b7593","False","False","False","Cluster","1048576","693a5e2a-cf74-44d9-9bed-423d169b7593","Microsoft.Azure.PowerShell.Cmdlets.Migrate.Models.Api202001.IHyperVNetworkAdapter[]","21","2","Windows Server 2019 Standard","windowsguest","10.0.17763","Running","Microsoft.OffAzure/HyperVSites/machines","2025-02-18T13:52:33.9325866Z","C:\ClusterStorage\Volume8\HICQ8517A\Virtual Machines\693A5E2A-CF74-44D9-9BED-423D169B7593.VMCX","HICQ8517A.olcc.lan","9.0"
"8192",,,,,,,,,,"F8FE5A07-F32C-4112-971D-BF3122918DD7","0058-2370-5301-0700-9675-7045-63","HICP1320_CLU.olcc.lan","/subscriptions/bc602065-8f71-487b-9fa1-e872b4ce9a79/resourceGroups/rg-dcstratmig-prd-004/providers/Microsoft.OffAzure/HyperVSites/HYPV-DAL-AZ-VA1534site/clusters/hicp1320-clu-olcc-lan-31e1b8b3-0964-4bf3-b3c6-23cd3b478dfd","2025-02-14T18:19:10.9504056Z","Microsoft.Azure.PowerShell.Cmdlets.Migrate.Models.Api202001.IHyperVDisk[]","NP02-APP01-RMQ","Microsoft.Azure.PowerShell.Cmdlets.Migrate.Models.Api202001.IHealthErrorDetails[]","BIOS","1","2/14/2025 6:23:22 PM","Microsoft Windows Server 2016 Standard","Windows","10.0.14393","Yes","HICP1320A",,"/subscriptions/bc602065-8f71-487b-9fa1-e872b4ce9a79/resourceGroups/rg-dcstratmig-prd-004/providers/Microsoft.OffAzure/HyperVSites/HYPV-DAL-AZ-VA1534site/machines/0ad571b2-e35c-441b-9a95-b662e3055b30","0ad571b2-e35c-441b-9a95-b662e3055b30","False","False","False","Cluster","65536","0ad571b2-e35c-441b-9a95-b662e3055b30","Microsoft.Azure.PowerShell.Cmdlets.Migrate.Models.Api202001.IHyperVNetworkAdapter[]","50","2","Windows Server 2016 Standard","windowsguest","10.0.14393","Running","Microsoft.OffAzure/HyperVSites/machines","2025-02-18T13:52:06.9950370Z","C:\ClusterStorage\Volume5\NP02-APP01-RMQ\Virtual Machines\0AD571B2-E35C-441B-9A95-B662E3055B30.VMCX","NP02-APP01-RMQ.olcc.lan","9.0"
"8192",,,,,,,,,,"80AEDCDB-AEF4-4A78-BCD7-E2D715CDEBCB","4179-5967-1787-5426-6675-3177-77","HICP1320_CLU.olcc.lan","/subscriptions/bc602065-8f71-487b-9fa1-e872b4ce9a79/resourceGroups/rg-dcstratmig-prd-004/providers/Microsoft.OffAzure/HyperVSites/HYPV-DAL-AZ-VA1534site/clusters/hicp1320-clu-olcc-lan-31e1b8b3-0964-4bf3-b3c6-23cd3b478dfd","2025-02-14T18:19:11.3878988Z","Microsoft.Azure.PowerShell.Cmdlets.Migrate.Models.Api202001.IHyperVDisk[]","HICQ0050A","Microsoft.Azure.PowerShell.Cmdlets.Migrate.Models.Api202001.IHealthErrorDetails[]","BIOS","1",,,,,"Yes","HICP1320K",,"/subscriptions/bc602065-8f71-487b-9fa1-e872b4ce9a79/resourceGroups/rg-dcstratmig-prd-004/providers/Microsoft.OffAzure/HyperVSites/HYPV-DAL-AZ-VA1534site/machines/89cd406b-6d15-4b97-a8f7-7f3010dd002b","89cd406b-6d15-4b97-a8f7-7f3010dd002b","False","False","True","Cluster","1048576","89cd406b-6d15-4b97-a8f7-7f3010dd002b","Microsoft.Azure.PowerShell.Cmdlets.Migrate.Models.Api202001.IHyperVNetworkAdapter[]","-1","2","Flatcar Container Linux by Kinvolk","linuxguest","6.6.74","Running","Microsoft.OffAzure/HyperVSites/machines","2025-02-18T13:51:39.4637703Z","C:\ClusterStorage\Volume5\HICQ0050A\Virtual Machines\89CD406B-6D15-4B97-A8F7-7F3010DD002B.VMCX","sailpoint-va","9.0"
"4096",,,,,,,,,,"6A0A54E4-56E4-48FD-AC1C-76B04D30F4D4","7109-0712-9178-9601-4352-1420-61","HICP1320_CLU.olcc.lan","/subscriptions/bc602065-8f71-487b-9fa1-e872b4ce9a79/resourceGroups/rg-dcstratmig-prd-004/providers/Microsoft.OffAzure/HyperVSites/HYPV-DAL-AZ-VA1534site/clusters/hicp1320-clu-olcc-lan-31e1b8b3-0964-4bf3-b3c6-23cd3b478dfd","2025-02-14T18:19:11.5910456Z","Microsoft.Azure.PowerShell.Cmdlets.Migrate.Models.Api202001.IHyperVDisk[]","NP01-APP01-AZSY","Microsoft.Azure.PowerShell.Cmdlets.Migrate.Models.Api202001.IHealthErrorDetails[]","BIOS","1","2/18/2025 1:51:03 PM","Microsoft Windows Server 2019 Standard","Windows","10.0.17763","Yes","HICP1320J",,"/subscriptions/bc602065-8f71-487b-9fa1-e872b4ce9a79/resourceGroups/rg-dcstratmig-prd-004/providers/Microsoft.OffAzure/HyperVSites/HYPV-DAL-AZ-VA1534site/machines/530ee8ef-2d15-4a59-9461-a57cdddf004f","530ee8ef-2d15-4a59-9461-a57cdddf004f","False","False","False","Cluster","65536","530ee8ef-2d15-4a59-9461-a57cdddf004f","Microsoft.Azure.PowerShell.Cmdlets.Migrate.Models.Api202001.IHyperVNetworkAdapter[]","106","1","Windows Server 2019 Standard","windowsguest","10.0.17763","Running","Microsoft.OffAzure/HyperVSites/machines","2025-02-19T18:19:24.5762051Z","C:\ClusterStorage\Volume8\NP01-APP01-AZSY\Virtual Machines\530EE8EF-2D15-4A59-9461-A57CDDDF004F.VMCX","NP01-APP01-AZSY.olcc.lan","9.0"
"8192",,,,,,,,,,"0160DF67-DBCD-450D-94C2-02339D0791D9","4752-1678-0531-9758-7029-1767-07","HICP1320_CLU.olcc.lan","/subscriptions/bc602065-8f71-487b-9fa1-e872b4ce9a79/resourceGroups/rg-dcstratmig-prd-004/providers/Microsoft.OffAzure/HyperVSites/HYPV-DAL-AZ-VA1534site/clusters/hicp1320-clu-olcc-lan-31e1b8b3-0964-4bf3-b3c6-23cd3b478dfd","2025-02-14T18:19:11.8410239Z","Microsoft.Azure.PowerShell.Cmdlets.Migrate.Models.Api202001.IHyperVDisk[]","HICD1650","Microsoft.Azure.PowerShell.Cmdlets.Migrate.Models.Api202001.IHealthErrorDetails[]","UEFI","2",,,,,"Yes","HICP1320F",,"/subscriptions/bc602065-8f71-487b-9fa1-e872b4ce9a79/resourceGroups/rg-dcstratmig-prd-004/providers/Microsoft.OffAzure/HyperVSites/HYPV-DAL-AZ-VA1534site/machines/6c980df8-1714-4e36-989b-6d64687db674","6c980df8-1714-4e36-989b-6d64687db674","False","False","True","Cluster","1048576","6c980df8-1714-4e36-989b-6d64687db674","Microsoft.Azure.PowerShell.Cmdlets.Migrate.Models.Api202001.IHyperVNetworkAdapter[]","-1","2",,"otherguestfamily",,"PowerOff","Microsoft.OffAzure/HyperVSites/machines","2025-02-18T13:51:50.7762708Z","C:\ClusterStorage\Volume8\HICD1650\Virtual Machines\6C980DF8-1714-4E36-989B-6D64687DB674.VMCX","","9.0"
"4096",,,,,,,,,,"50699450-10A5-40A3-8D40-43B1A8EFE4BF","5098-6218-5688-2257-8581-8065-42","HICP1320_CLU.olcc.lan","/subscriptions/bc602065-8f71-487b-9fa1-e872b4ce9a79/resourceGroups/rg-dcstratmig-prd-004/providers/Microsoft.OffAzure/HyperVSites/HYPV-DAL-AZ-VA1534site/clusters/hicp1320-clu-olcc-lan-31e1b8b3-0964-4bf3-b3c6-23cd3b478dfd","2025-02-14T18:19:12.0909962Z","Microsoft.Azure.PowerShell.Cmdlets.Migrate.Models.Api202001.IHyperVDisk[]","FLOLVINTWEB","Microsoft.Azure.PowerShell.Cmdlets.Migrate.Models.Api202001.IHealthErrorDetails[]","BIOS","1",,,,,"Yes","HICP1320A",,"/subscriptions/bc602065-8f71-487b-9fa1-e872b4ce9a79/resourceGroups/rg-dcstratmig-prd-004/providers/Microsoft.OffAzure/HyperVSites/HYPV-DAL-AZ-VA1534site/machines/55d7a3f1-673a-402f-9000-d45ac36c73a9","55d7a3f1-673a-402f-9000-d45ac36c73a9","False","False","True","Cluster","65536","55d7a3f1-673a-402f-9000-d45ac36c73a9","Microsoft.Azure.PowerShell.Cmdlets.Migrate.Models.Api202001.IHyperVNetworkAdapter[]","-1","2",,"otherguestfamily",,"PowerOff","Microsoft.OffAzure/HyperVSites/machines","2025-02-18T13:51:59.4169307Z","C:\ClusterStorage\volume9\atlanta_replication\Hyper-V Replica\Virtual Machines\55D7A3F1-673A-402F-9000-D45AC36C73A9.VMCX","","9.0"
"4096",,,,,,,,,,"3841318B-BACA-4041-9651-44C86DFFAA2F","2945-0575-6986-1780-4866-9109-68","HICP1320_CLU.olcc.lan","/subscriptions/bc602065-8f71-487b-9fa1-e872b4ce9a79/resourceGroups/rg-dcstratmig-prd-004/providers/Microsoft.OffAzure/HyperVSites/HYPV-DAL-AZ-VA1534site/clusters/hicp1320-clu-olcc-lan-31e1b8b3-0964-4bf3-b3c6-23cd3b478dfd","2025-02-14T18:19:12.3410034Z","Microsoft.Azure.PowerShell.Cmdlets.Migrate.Models.Api202001.IHyperVDisk[]","HICP0051B","Microsoft.Azure.PowerShell.Cmdlets.Migrate.Models.Api202001.IHealthErrorDetails[]","UEFI","2","2/18/2025 1:51:19 PM","Microsoft Windows Server 2019 Standard","Windows","10.0.17763","Yes","HICP1320K",,"/subscriptions/bc602065-8f71-487b-9fa1-e872b4ce9a79/resourceGroups/rg-dcstratmig-prd-004/providers/Microsoft.OffAzure/HyperVSites/HYPV-DAL-AZ-VA1534site/machines/710d9b79-03e8-4d53-8231-92e896aec10d","710d9b79-03e8-4d53-8231-92e896aec10d","False","False","False","Cluster","1048576","710d9b79-03e8-4d53-8231-92e896aec10d","Microsoft.Azure.PowerShell.Cmdlets.Migrate.Models.Api202001.IHyperVNetworkAdapter[]","21","2","Windows Server 2019 Standard","windowsguest","10.0.17763","Running","Microsoft.OffAzure/HyperVSites/machines","2025-02-20T03:20:39.8328257Z","C:\ClusterStorage\Volume5\HICP0051B\Virtual Machines\710D9B79-03E8-4D53-8231-92E896AEC10D.VMCX","HICP0051B.olcc.lan","9.0"
"8192",,,,,,,,,,"4E87C341-86BD-42B8-A901-44B06ADEEB9A","8721-5127-4639-6494-5915-2810-33","HICP1320_CLU.olcc.lan","/subscriptions/bc602065-8f71-487b-9fa1-e872b4ce9a79/resourceGroups/rg-dcstratmig-prd-004/providers/Microsoft.OffAzure/HyperVSites/HYPV-DAL-AZ-VA1534site/clusters/hicp1320-clu-olcc-lan-31e1b8b3-0964-4bf3-b3c6-23cd3b478dfd","2025-02-14T18:19:12.5910257Z","Microsoft.Azure.PowerShell.Cmdlets.Migrate.Models.Api202001.IHyperVDisk[]","HICQ2222A","Microsoft.Azure.PowerShell.Cmdlets.Migrate.Models.Api202001.IHealthErrorDetails[]","UEFI","2","2/18/2025 1:50:27 PM","Microsoft Windows Server 2019 Standard","Windows","10.0.17763","Yes","HICP1320G",,"/subscriptions/bc602065-8f71-487b-9fa1-e872b4ce9a79/resourceGroups/rg-dcstratmig-prd-004/providers/Microsoft.OffAzure/HyperVSites/HYPV-DAL-AZ-VA1534site/machines/430f85fe-c17d-4c40-8048-12882c4d9673","430f85fe-c17d-4c40-8048-12882c4d9673","False","False","False","Cluster","1048576","430f85fe-c17d-4c40-8048-12882c4d9673","Microsoft.Azure.PowerShell.Cmdlets.Migrate.Models.Api202001.IHyperVNetworkAdapter[]","15","4","Windows Server 2019 Standard","windowsguest","10.0.17763","Running","Microsoft.OffAzure/HyperVSites/machines","2025-02-18T13:52:30.6513197Z","C:\ClusterStorage\Volume10\HICQ2222A\Virtual Machines\430F85FE-C17D-4C40-8048-12882C4D9673.VMCX","HICQ2222A.olcc.lan","9.0"
"4096",,,,,,,,,,"1191393B-722B-4A6B-AA7C-C196C07A8356","9326-8587-6731-7637-8870-3443-20","HICP1320_CLU.olcc.lan","/subscriptions/bc602065-8f71-487b-9fa1-e872b4ce9a79/resourceGroups/rg-dcstratmig-prd-004/providers/Microsoft.OffAzure/HyperVSites/HYPV-DAL-AZ-VA1534site/clusters/hicp1320-clu-olcc-lan-31e1b8b3-0964-4bf3-b3c6-23cd3b478dfd","2025-02-14T18:19:12.8410301Z","Microsoft.Azure.PowerShell.Cmdlets.Migrate.Models.Api202001.IHyperVDisk[]","HICQ2801","Microsoft.Azure.PowerShell.Cmdlets.Migrate.Models.Api202001.IHealthErrorDetails[]","UEFI","2","2/18/2025 1:50:42 PM","Microsoft Windows Server 2022 Standard","Windows","10.0.20348","Yes","HICP1320B",,"/subscriptions/bc602065-8f71-487b-9fa1-e872b4ce9a79/resourceGroups/rg-dcstratmig-prd-004/providers/Microsoft.OffAzure/HyperVSites/HYPV-DAL-AZ-VA1534site/machines/66dfae8f-7fcb-4855-8794-542b212e7359","66dfae8f-7fcb-4855-8794-542b212e7359","False","False","False","Cluster","1048576","66dfae8f-7fcb-4855-8794-542b212e7359","Microsoft.Azure.PowerShell.Cmdlets.Migrate.Models.Api202001.IHyperVNetworkAdapter[]","6","2","Windows Server 2022 Standard","windowsguest","10.0.20348","Running","Microsoft.OffAzure/HyperVSites/machines","2025-02-18T13:51:46.7294022Z","C:\ClusterStorage\Volume5\HICQ2801\Virtual Machines\66DFAE8F-7FCB-4855-8794-542B212E7359.VMCX","HICQ2801.olcc.lan","9.0"
"4096",,,,,,,,,,"5E69BF9A-9880-4FD6-A80F-C5F955CBE056","1677-8903-2049-2535-0355-9836-94","HICP1320_CLU.olcc.lan","/subscriptions/bc602065-8f71-487b-9fa1-e872b4ce9a79/resourceGroups/rg-dcstratmig-prd-004/providers/Microsoft.OffAzure/HyperVSites/HYPV-DAL-AZ-VA1534site/clusters/hicp1320-clu-olcc-lan-31e1b8b3-0964-4bf3-b3c6-23cd3b478dfd","2025-02-14T18:19:13.0910245Z","Microsoft.Azure.PowerShell.Cmdlets.Migrate.Models.Api202001.IHyperVDisk[]","HICD2381","Microsoft.Azure.PowerShell.Cmdlets.Migrate.Models.Api202001.IHealthErrorDetails[]","UEFI","2","2/18/2025 1:51:00 PM","Microsoft Windows Server 2019 Standard","Windows","10.0.17763","Yes","HICP1320H",,"/subscriptions/bc602065-8f71-487b-9fa1-e872b4ce9a79/resourceGroups/rg-dcstratmig-prd-004/providers/Microsoft.OffAzure/HyperVSites/HYPV-DAL-AZ-VA1534site/machines/e6518225-c470-4916-966f-5d504c3e3ae0","e6518225-c470-4916-966f-5d504c3e3ae0","False","False","False","Cluster","1048576","e6518225-c470-4916-966f-5d504c3e3ae0","Microsoft.Azure.PowerShell.Cmdlets.Migrate.Models.Api202001.IHyperVNetworkAdapter[]","104","2","Windows Server 2019 Standard","windowsguest","10.0.17763","Running","Microsoft.OffAzure/HyperVSites/machines","2025-02-18T13:52:36.9637976Z","C:\ClusterStorage\Volume10\HICD2381\Virtual Machines\E6518225-C470-4916-966F-5D504C3E3AE0.VMCX","HICD2381.olcc.lan","9.0"
"4096",,,,,,,,,,"BB90427A-9C0B-4CD5-94E8-D7A6641D083D","0558-6636-9456-9211-2545-6995-47","HICP1320_CLU.olcc.lan","/subscriptions/bc602065-8f71-487b-9fa1-e872b4ce9a79/resourceGroups/rg-dcstratmig-prd-004/providers/Microsoft.OffAzure/HyperVSites/HYPV-DAL-AZ-VA1534site/clusters/hicp1320-clu-olcc-lan-31e1b8b3-0964-4bf3-b3c6-23cd3b478dfd","2025-02-14T18:19:13.3410360Z","Microsoft.Azure.PowerShell.Cmdlets.Migrate.Models.Api202001.IHyperVDisk[]","HICD2225B","Microsoft.Azure.PowerShell.Cmdlets.Migrate.Models.Api202001.IHealthErrorDetails[]","UEFI","2","2/18/2025 1:50:44 PM","Microsoft Windows Server 2019 Standard","Windows","10.0.17763","Yes","HICP1320D",,"/subscriptions/bc602065-8f71-487b-9fa1-e872b4ce9a79/resourceGroups/rg-dcstratmig-prd-004/providers/Microsoft.OffAzure/HyperVSites/HYPV-DAL-AZ-VA1534site/machines/80ffcab5-fbf3-48a2-a40d-67ae245a761a","80ffcab5-fbf3-48a2-a40d-67ae245a761a","False","False","False","Cluster","1048576","80ffcab5-fbf3-48a2-a40d-67ae245a761a","Microsoft.Azure.PowerShell.Cmdlets.Migrate.Models.Api202001.IHyperVNetworkAdapter[]","21","2","Windows Server 2019 Standard","windowsguest","10.0.17763","Running","Microsoft.OffAzure/HyperVSites/machines","2025-02-18T13:50:44.6648751Z","C:\ClusterStorage\Volume6\HICD2225B\Virtual Machines\80FFCAB5-FBF3-48A2-A40D-67AE245A761A.VMCX","HICD2225B.olcc.lan","9.0"
"8192",,,,,,,,,,"A4B50F92-6EF5-48BE-BA28-4FB17C0943BF","6778-7265-1666-2709-3341-5083-03","HICP1320_CLU.olcc.lan","/subscriptions/bc602065-8f71-487b-9fa1-e872b4ce9a79/resourceGroups/rg-dcstratmig-prd-004/providers/Microsoft.OffAzure/HyperVSites/HYPV-DAL-AZ-VA1534site/clusters/hicp1320-clu-olcc-lan-31e1b8b3-0964-4bf3-b3c6-23cd3b478dfd","2025-02-14T18:19:13.5910389Z","Microsoft.Azure.PowerShell.Cmdlets.Migrate.Models.Api202001.IHyperVDisk[]","HICP1221A","Microsoft.Azure.PowerShell.Cmdlets.Migrate.Models.Api202001.IHealthErrorDetails[]","UEFI","2","2/18/2025 1:51:09 PM","Microsoft Windows Server 2019 Datacenter","Windows","10.0.17763","Yes","HICP1320J",,"/subscriptions/bc602065-8f71-487b-9fa1-e872b4ce9a79/resourceGroups/rg-dcstratmig-prd-004/providers/Microsoft.OffAzure/HyperVSites/HYPV-DAL-AZ-VA1534site/machines/4747f949-dfc6-4bb2-af30-956eaaf0e6e0","4747f949-dfc6-4bb2-af30-956eaaf0e6e0","False","False","False","Cluster","1048576","4747f949-dfc6-4bb2-af30-956eaaf0e6e0","Microsoft.Azure.PowerShell.Cmdlets.Migrate.Models.Api202001.IHyperVNetworkAdapter[]","13","4","Windows Server 2019 Datacenter","windowsguest","10.0.17763","Running","Microsoft.OffAzure/HyperVSites/machines","2025-02-20T03:20:41.3484710Z","C:\ClusterStorage\Volume6\HICP1221A\Virtual Machines\4747F949-DFC6-4BB2-AF30-956EAAF0E6E0.VMCX","HICP1221A.olcc.lan","9.0"
"4096",,,,,,,,,,"CBA13422-EBE7-42EA-A3B1-444B842B1B85","7543-8576-5849-7715-9297-3260-06","HICP1320_CLU.olcc.lan","/subscriptions/bc602065-8f71-487b-9fa1-e872b4ce9a79/resourceGroups/rg-dcstratmig-prd-004/providers/Microsoft.OffAzure/HyperVSites/HYPV-DAL-AZ-VA1534site/clusters/hicp1320-clu-olcc-lan-31e1b8b3-0964-4bf3-b3c6-23cd3b478dfd","2025-02-14T18:19:13.8429566Z","Microsoft.Azure.PowerShell.Cmdlets.Migrate.Models.Api202001.IHyperVDisk[]","HICQ8535","Microsoft.Azure.PowerShell.Cmdlets.Migrate.Models.Api202001.IHealthErrorDetails[]","UEFI","2","2/18/2025 1:51:20 PM","Microsoft Windows Server 2019 Standard","Windows","10.0.17763","Yes","HICP1320J",,"/subscriptions/bc602065-8f71-487b-9fa1-e872b4ce9a79/resourceGroups/rg-dcstratmig-prd-004/providers/Microsoft.OffAzure/HyperVSites/HYPV-DAL-AZ-VA1534site/machines/a9dbbca8-fb58-40f9-8cde-0d4eabaa75d8","a9dbbca8-fb58-40f9-8cde-0d4eabaa75d8","False","False","False","Cluster","1048576","a9dbbca8-fb58-40f9-8cde-0d4eabaa75d8","Microsoft.Azure.PowerShell.Cmdlets.Migrate.Models.Api202001.IHyperVNetworkAdapter[]","21","2","Windows Server 2019 Standard","windowsguest","10.0.17763","Running","Microsoft.OffAzure/HyperVSites/machines","2025-02-18T13:52:14.3388083Z","C:\ClusterStorage\Volume6\HICQ8535\Virtual Machines\A9DBBCA8-FB58-40F9-8CDE-0D4EABAA75D8.VMCX","HICQ8535.olcc.lan","9.0"
"6144",,,,,,,,,,"5334A8DD-A704-4EBE-9FA1-85E5D124C093","6998-4314-9051-1648-1958-0324-96","HICP1320_CLU.olcc.lan","/subscriptions/bc602065-8f71-487b-9fa1-e872b4ce9a79/resourceGroups/rg-dcstratmig-prd-004/providers/Microsoft.OffAzure/HyperVSites/HYPV-DAL-AZ-VA1534site/clusters/hicp1320-clu-olcc-lan-31e1b8b3-0964-4bf3-b3c6-23cd3b478dfd","2025-02-14T18:19:14.0929091Z","Microsoft.Azure.PowerShell.Cmdlets.Migrate.Models.Api202001.IHyperVDisk[]","OLCATAPPSQA","Microsoft.Azure.PowerShell.Cmdlets.Migrate.Models.Api202001.IHealthErrorDetails[]","BIOS","1",,,,,"Yes","HICP1320B",,"/subscriptions/bc602065-8f71-487b-9fa1-e872b4ce9a79/resourceGroups/rg-dcstratmig-prd-004/providers/Microsoft.OffAzure/HyperVSites/HYPV-DAL-AZ-VA1534site/machines/bbb12622-19a0-43dc-9f77-92797557b0c2","bbb12622-19a0-43dc-9f77-92797557b0c2","False","False","True","Cluster","65536","bbb12622-19a0-43dc-9f77-92797557b0c2","Microsoft.Azure.PowerShell.Cmdlets.Migrate.Models.Api202001.IHyperVNetworkAdapter[]","-1","4",,"otherguestfamily",,"Running","Microsoft.OffAzure/HyperVSites/machines","2025-02-18T13:51:38.2137297Z","C:\ClusterStorage\Volume5\OLCATAPPSQA\Virtual Machines\BBB12622-19A0-43DC-9F77-92797557B0C2.VMCX","","9.0"
"4096",,,,,,,,,,"870311E8-9125-4B3E-AE7F-C00D2BC1523A","5963-4236-9771-3739-9274-8169-60","HICP1320_CLU.olcc.lan","/subscriptions/bc602065-8f71-487b-9fa1-e872b4ce9a79/resourceGroups/rg-dcstratmig-prd-004/providers/Microsoft.OffAzure/HyperVSites/HYPV-DAL-AZ-VA1534site/clusters/hicp1320-clu-olcc-lan-31e1b8b3-0964-4bf3-b3c6-23cd3b478dfd","2025-02-14T18:19:14.3429732Z","Microsoft.Azure.PowerShell.Cmdlets.Migrate.Models.Api202001.IHyperVDisk[]","HICD3501","Microsoft.Azure.PowerShell.Cmdlets.Migrate.Models.Api202001.IHealthErrorDetails[]","UEFI","2",,,,,"Yes","HICP1320K",,"/subscriptions/bc602065-8f71-487b-9fa1-e872b4ce9a79/resourceGroups/rg-dcstratmig-prd-004/providers/Microsoft.OffAzure/HyperVSites/HYPV-DAL-AZ-VA1534site/machines/772b96c7-f232-4958-969f-e35d07565e90","772b96c7-f232-4958-969f-e35d07565e90","False","False","True","Cluster","1048576","772b96c7-f232-4958-969f-e35d07565e90","Microsoft.Azure.PowerShell.Cmdlets.Migrate.Models.Api202001.IHyperVNetworkAdapter[]","-1","2","Red Hat Enterprise Linux Server","linuxguest","3.10.0","Running","Microsoft.OffAzure/HyperVSites/machines","2025-02-18T13:51:47.7293924Z","C:\ClusterStorage\Volume10\HICU3502\Virtual Machines\772B96C7-F232-4958-969F-E35D07565E90.VMCX","hicd3501.olcc.lan","9.0"
"16384",,,,,,,,,,"E16B85BB-C7EE-4082-A003-F34D8409C103","6579-0264-3479-7271-3918-9485-64","HICP1320_CLU.olcc.lan","/subscriptions/bc602065-8f71-487b-9fa1-e872b4ce9a79/resourceGroups/rg-dcstratmig-prd-004/providers/Microsoft.OffAzure/HyperVSites/HYPV-DAL-AZ-VA1534site/clusters/hicp1320-clu-olcc-lan-31e1b8b3-0964-4bf3-b3c6-23cd3b478dfd","2025-02-14T18:19:14.5929216Z","Microsoft.Azure.PowerShell.Cmdlets.Migrate.Models.Api202001.IHyperVDisk[]","NP05-APP01A-ROP","Microsoft.Azure.PowerShell.Cmdlets.Migrate.Models.Api202001.IHealthErrorDetails[]","BIOS","1",,,,,"Yes","HICP1320G",,"/subscriptions/bc602065-8f71-487b-9fa1-e872b4ce9a79/resourceGroups/rg-dcstratmig-prd-004/providers/Microsoft.OffAzure/HyperVSites/HYPV-DAL-AZ-VA1534site/machines/552282d6-9348-4c2f-83f2-36b99fb90923","552282d6-9348-4c2f-83f2-36b99fb90923","False","False","True","Cluster","65536","552282d6-9348-4c2f-83f2-36b99fb90923","Microsoft.Azure.PowerShell.Cmdlets.Migrate.Models.Api202001.IHyperVNetworkAdapter[]","-1","2",,"otherguestfamily",,"PowerOff","Microsoft.OffAzure/HyperVSites/machines","2025-02-18T13:52:15.1044026Z","C:\ClusterStorage\Volume10\NP05-APP01A-ROP\Virtual Machines\552282D6-9348-4C2F-83F2-36B99FB90923.VMCX","","9.0"
"4096",,,,,,,,,,"870311E8-9125-4B3E-AE7F-C00D2BC1523A","5963-4236-9771-3739-9274-8169-60","HICP1320_CLU.olcc.lan","/subscriptions/bc602065-8f71-487b-9fa1-e872b4ce9a79/resourceGroups/rg-dcstratmig-prd-004/providers/Microsoft.OffAzure/HyperVSites/HYPV-DAL-AZ-VA1534site/clusters/hicp1320-clu-olcc-lan-31e1b8b3-0964-4bf3-b3c6-23cd3b478dfd","2025-02-14T18:19:14.8429669Z","Microsoft.Azure.PowerShell.Cmdlets.Migrate.Models.Api202001.IHyperVDisk[]","HICQ3901","Microsoft.Azure.PowerShell.Cmdlets.Migrate.Models.Api202001.IHealthErrorDetails[]","UEFI","2",,,,,"Yes","HICP1320J",,"/subscriptions/bc602065-8f71-487b-9fa1-e872b4ce9a79/resourceGroups/rg-dcstratmig-prd-004/providers/Microsoft.OffAzure/HyperVSites/HYPV-DAL-AZ-VA1534site/machines/c5b90c25-2417-400a-86da-66fbf2114b03","c5b90c25-2417-400a-86da-66fbf2114b03","False","False","True","Cluster","1048576","c5b90c25-2417-400a-86da-66fbf2114b03","Microsoft.Azure.PowerShell.Cmdlets.Migrate.Models.Api202001.IHyperVNetworkAdapter[]","-1","2","Red Hat Enterprise Linux","linuxguest","4.18.0","Running","Microsoft.OffAzure/HyperVSites/machines","2025-02-18T13:51:45.2293581Z","C:\ClusterStorage\Volume10\HICQ3901\Virtual Machines\C5B90C25-2417-400A-86DA-66FBF2114B03.VMCX","hicq3901","9.0"
"8192",,,,,,,,,,"1546CF93-AC12-4875-B385-419BB7E45F17","6067-3936-3821-2128-9167-8971-57","HICP1320_CLU.olcc.lan","/subscriptions/bc602065-8f71-487b-9fa1-e872b4ce9a79/resourceGroups/rg-dcstratmig-prd-004/providers/Microsoft.OffAzure/HyperVSites/HYPV-DAL-AZ-VA1534site/clusters/hicp1320-clu-olcc-lan-31e1b8b3-0964-4bf3-b3c6-23cd3b478dfd","2025-02-14T18:19:15.0939493Z","Microsoft.Azure.PowerShell.Cmdlets.Migrate.Models.Api202001.IHyperVDisk[]","HICD2361B","Microsoft.Azure.PowerShell.Cmdlets.Migrate.Models.Api202001.IHealthErrorDetails[]","UEFI","2","2/14/2025 6:23:25 PM","Microsoft Windows Server 2019 Standard","Windows","10.0.17763","Yes","HICP1320B",,"/subscriptions/bc602065-8f71-487b-9fa1-e872b4ce9a79/resourceGroups/rg-dcstratmig-prd-004/providers/Microsoft.OffAzure/HyperVSites/HYPV-DAL-AZ-VA1534site/machines/29152387-9e27-4999-87ef-8a1afbd1e530","29152387-9e27-4999-87ef-8a1afbd1e530","False","False","False","Cluster","1048576","29152387-9e27-4999-87ef-8a1afbd1e530","Microsoft.Azure.PowerShell.Cmdlets.Migrate.Models.Api202001.IHyperVNetworkAdapter[]","25","8","Windows Server 2019 Standard","windowsguest","10.0.17763","Running","Microsoft.OffAzure/HyperVSites/machines","2025-02-18T13:52:05.7294402Z","C:\ClusterStorage\Volume10\HICD2361B\Virtual Machines\29152387-9E27-4999-87EF-8A1AFBD1E530.VMCX","HICD2361B.olcc.lan","9.0"
"4096",,,,,,,,,,"FFAA4605-0D0A-4C20-B9D8-82A50DDEAB22","5190-7410-0981-1525-6401-0262-99","HICP1320_CLU.olcc.lan","/subscriptions/bc602065-8f71-487b-9fa1-e872b4ce9a79/resourceGroups/rg-dcstratmig-prd-004/providers/Microsoft.OffAzure/HyperVSites/HYPV-DAL-AZ-VA1534site/clusters/hicp1320-clu-olcc-lan-31e1b8b3-0964-4bf3-b3c6-23cd3b478dfd","2025-02-14T18:19:15.3439795Z","Microsoft.Azure.PowerShell.Cmdlets.Migrate.Models.Api202001.IHyperVDisk[]","HICQ2130","Microsoft.Azure.PowerShell.Cmdlets.Migrate.Models.Api202001.IHealthErrorDetails[]","UEFI","2","2/19/2025 1:49:48 PM","Microsoft Windows Server 2019 Standard","Windows","10.0.17763","Yes","HICP1320J",,"/subscriptions/bc602065-8f71-487b-9fa1-e872b4ce9a79/resourceGroups/rg-dcstratmig-prd-004/providers/Microsoft.OffAzure/HyperVSites/HYPV-DAL-AZ-VA1534site/machines/f321ecb4-c233-4363-8910-988af5093b28","f321ecb4-c233-4363-8910-988af5093b28","False","False","False","Cluster","1048576","f321ecb4-c233-4363-8910-988af5093b28","Microsoft.Azure.PowerShell.Cmdlets.Migrate.Models.Api202001.IHyperVNetworkAdapter[]","177","2","Windows Server 2019 Standard","windowsguest","10.0.17763","Running","Microsoft.OffAzure/HyperVSites/machines","2025-02-19T13:50:11.2535848Z","C:\ClusterStorage\Volume10\HICQ2130\Virtual Machines\F321ECB4-C233-4363-8910-988AF5093B28.VMCX","HICQ2130.olcc.lan","9.0"
"16384",,,,,,,,,,"995D0F04-29CF-42DC-A751-2AE5DD31E1A9","0715-7260-9430-7473-0456-2264-38","HICP1320_CLU.olcc.lan","/subscriptions/bc602065-8f71-487b-9fa1-e872b4ce9a79/resourceGroups/rg-dcstratmig-prd-004/providers/Microsoft.OffAzure/HyperVSites/HYPV-DAL-AZ-VA1534site/clusters/hicp1320-clu-olcc-lan-31e1b8b3-0964-4bf3-b3c6-23cd3b478dfd","2025-02-14T18:19:15.5939452Z","Microsoft.Azure.PowerShell.Cmdlets.Migrate.Models.Api202001.IHyperVDisk[]","DC02-COMSRV","Microsoft.Azure.PowerShell.Cmdlets.Migrate.Models.Api202001.IHealthErrorDetails[]","BIOS","1","2/17/2025 6:12:25 PM","Microsoft Windows Server 2016 Standard","Windows","10.0.14393","Yes","HICP1320C",,"/subscriptions/bc602065-8f71-487b-9fa1-e872b4ce9a79/resourceGroups/rg-dcstratmig-prd-004/providers/Microsoft.OffAzure/HyperVSites/HYPV-DAL-AZ-VA1534site/machines/9941c593-b301-4241-b581-5743549ae755","9941c593-b301-4241-b581-5743549ae755","False","False","False","Cluster","65536","9941c593-b301-4241-b581-5743549ae755","Microsoft.Azure.PowerShell.Cmdlets.Migrate.Models.Api202001.IHyperVNetworkAdapter[]","99","8","Windows Server 2016 Standard","windowsguest","10.0.14393","Running","Microsoft.OffAzure/HyperVSites/machines","2025-02-18T13:52:13.5888091Z","C:\ClusterStorage\Volume8\DC02-COMSRV\Virtual Machines\9941C593-B301-4241-B581-5743549AE755.VMCX","dc02-comsrv.olcc.lan","9.0"
"4096",,,,,,,,,,"4E87C341-86BD-42B8-A901-44B06ADEEB9A","8721-5127-4639-6494-5915-2810-33","HICP1320_CLU.olcc.lan","/subscriptions/bc602065-8f71-487b-9fa1-e872b4ce9a79/resourceGroups/rg-dcstratmig-prd-004/providers/Microsoft.OffAzure/HyperVSites/HYPV-DAL-AZ-VA1534site/clusters/hicp1320-clu-olcc-lan-31e1b8b3-0964-4bf3-b3c6-23cd3b478dfd","2025-02-14T18:19:15.8439973Z","Microsoft.Azure.PowerShell.Cmdlets.Migrate.Models.Api202001.IHyperVDisk[]","HICQ8519B","Microsoft.Azure.PowerShell.Cmdlets.Migrate.Models.Api202001.IHealthErrorDetails[]","UEFI","2","2/19/2025 1:49:55 PM","Microsoft Windows Server 2019 Standard","Windows","10.0.17763","Yes","HICP1320J",,"/subscriptions/bc602065-8f71-487b-9fa1-e872b4ce9a79/resourceGroups/rg-dcstratmig-prd-004/providers/Microsoft.OffAzure/HyperVSites/HYPV-DAL-AZ-VA1534site/machines/9c633e07-4095-4de8-ac56-5a50cae618af","9c633e07-4095-4de8-ac56-5a50cae618af","False","False","False","Cluster","1048576","9c633e07-4095-4de8-ac56-5a50cae618af","Microsoft.Azure.PowerShell.Cmdlets.Migrate.Models.Api202001.IHyperVNetworkAdapter[]","21","2",,"otherguestfamily",,"PowerOff","Microsoft.OffAzure/HyperVSites/machines","2025-02-19T14:50:21.9790691Z","C:\ClusterStorage\Volume5\HICQ8519B\Virtual Machines\9C633E07-4095-4DE8-AC56-5A50CAE618AF.VMCX","","9.0"
"4096",,,,,,,,,,"EF67D8C8-DDAD-4C73-B25E-27A9B3A70082","0618-9278-0600-2971-7298-6322-89","HICP1320_CLU.olcc.lan","/subscriptions/bc602065-8f71-487b-9fa1-e872b4ce9a79/resourceGroups/rg-dcstratmig-prd-004/providers/Microsoft.OffAzure/HyperVSites/HYPV-DAL-AZ-VA1534site/clusters/hicp1320-clu-olcc-lan-31e1b8b3-0964-4bf3-b3c6-23cd3b478dfd","2025-02-14T18:19:16.0939839Z","Microsoft.Azure.PowerShell.Cmdlets.Migrate.Models.Api202001.IHyperVDisk[]","HICP2120","Microsoft.Azure.PowerShell.Cmdlets.Migrate.Models.Api202001.IHealthErrorDetails[]","UEFI","2",,,,,"Yes","HICP1320H",,"/subscriptions/bc602065-8f71-487b-9fa1-e872b4ce9a79/resourceGroups/rg-dcstratmig-prd-004/providers/Microsoft.OffAzure/HyperVSites/HYPV-DAL-AZ-VA1534site/machines/7c499462-ff29-4575-ac60-da3a511b42e7","7c499462-ff29-4575-ac60-da3a511b42e7","False","False","True","Cluster","1048576","7c499462-ff29-4575-ac60-da3a511b42e7","Microsoft.Azure.PowerShell.Cmdlets.Migrate.Models.Api202001.IHyperVNetworkAdapter[]","-1","2",,"otherguestfamily",,"PowerOff","Microsoft.OffAzure/HyperVSites/machines","2025-02-18T13:51:51.5419249Z","C:\ClusterStorage\volume9\atlanta_replication\Hyper-V Replica\Virtual Machines\7C499462-FF29-4575-AC60-DA3A511B42E7.VMCX","","9.0"
"4096",,,,,,,,,,"690C544B-8C1E-4960-A8CD-57E7A2C8AC5E","6200-9766-8001-8461-7513-6421-88","HICP1320_CLU.olcc.lan","/subscriptions/bc602065-8f71-487b-9fa1-e872b4ce9a79/resourceGroups/rg-dcstratmig-prd-004/providers/Microsoft.OffAzure/HyperVSites/HYPV-DAL-AZ-VA1534site/clusters/hicp1320-clu-olcc-lan-31e1b8b3-0964-4bf3-b3c6-23cd3b478dfd","2025-02-14T18:19:16.3439524Z","Microsoft.Azure.PowerShell.Cmdlets.Migrate.Models.Api202001.IHyperVDisk[]","HICD2296","Microsoft.Azure.PowerShell.Cmdlets.Migrate.Models.Api202001.IHealthErrorDetails[]","UEFI","2",,,,,"Yes","HICP1320J",,"/subscriptions/bc602065-8f71-487b-9fa1-e872b4ce9a79/resourceGroups/rg-dcstratmig-prd-004/providers/Microsoft.OffAzure/HyperVSites/HYPV-DAL-AZ-VA1534site/machines/0777fd1c-43ed-4f87-a75c-353d3e547297","0777fd1c-43ed-4f87-a75c-353d3e547297","False","False","True","Cluster","1048576","0777fd1c-43ed-4f87-a75c-353d3e547297","Microsoft.Azure.PowerShell.Cmdlets.Migrate.Models.Api202001.IHyperVNetworkAdapter[]","-1","2","Windows Server 2022 Standard","windowsguest","10.0.20348","Running","Microsoft.OffAzure/HyperVSites/machines","2025-02-18T13:51:27.1043825Z","C:\ClusterStorage\Volume8\HICD2296\Virtual Machines\0777FD1C-43ED-4F87-A75C-353D3E547297.VMCX","HICD2296.hicvdev.olcc.lan","9.0"
"4096",,,,,,,,,,"5456BC62-EB07-40B6-910B-02074B1F97BD","7704-9225-5057-7934-0937-9789-65","HICP1320_CLU.olcc.lan","/subscriptions/bc602065-8f71-487b-9fa1-e872b4ce9a79/resourceGroups/rg-dcstratmig-prd-004/providers/Microsoft.OffAzure/HyperVSites/HYPV-DAL-AZ-VA1534site/clusters/hicp1320-clu-olcc-lan-31e1b8b3-0964-4bf3-b3c6-23cd3b478dfd","2025-02-14T18:19:17.5939840Z","Microsoft.Azure.PowerShell.Cmdlets.Migrate.Models.Api202001.IHyperVDisk[]","HICQ8510B","Microsoft.Azure.PowerShell.Cmdlets.Migrate.Models.Api202001.IHealthErrorDetails[]","UEFI","2","2/18/2025 1:51:18 PM","Microsoft Windows Server 2019 Standard","Windows","10.0.17763","Yes","HICP1320J",,"/subscriptions/bc602065-8f71-487b-9fa1-e872b4ce9a79/resourceGroups/rg-dcstratmig-prd-004/providers/Microsoft.OffAzure/HyperVSites/HYPV-DAL-AZ-VA1534site/machines/2952316f-44e1-4b30-aa45-5ebf34b374ef","2952316f-44e1-4b30-aa45-5ebf34b374ef","False","False","False","Cluster","1048576","2952316f-44e1-4b30-aa45-5ebf34b374ef","Microsoft.Azure.PowerShell.Cmdlets.Migrate.Models.Api202001.IHyperVNetworkAdapter[]","107","2","Windows Server 2019 Standard","windowsguest","10.0.17763","Running","Microsoft.OffAzure/HyperVSites/machines","2025-02-19T13:50:20.7692534Z","C:\ClusterStorage\Volume8\HICQ8510B\Virtual Machines\2952316F-44E1-4B30-AA45-5EBF34B374EF.VMCX","HICQ8510B.olcc.lan","9.0"
"20480",,,,,,,,,,"7C3E7777-E056-4083-9F97-83B644B91169","5205-8532-0447-1875-7945-8688-57","HICP1320_CLU.olcc.lan","/subscriptions/bc602065-8f71-487b-9fa1-e872b4ce9a79/resourceGroups/rg-dcstratmig-prd-004/providers/Microsoft.OffAzure/HyperVSites/HYPV-DAL-AZ-VA1534site/clusters/hicp1320-clu-olcc-lan-31e1b8b3-0964-4bf3-b3c6-23cd3b478dfd","2025-02-14T18:19:17.8439482Z","Microsoft.Azure.PowerShell.Cmdlets.Migrate.Models.Api202001.IHyperVDisk[]","HICQ2180A","Microsoft.Azure.PowerShell.Cmdlets.Migrate.Models.Api202001.IHealthErrorDetails[]","UEFI","2","2/18/2025 1:51:14 PM","Microsoft Windows Server 2016 Standard","Windows","10.0.14393","Yes","HICP1320A",,"/subscriptions/bc602065-8f71-487b-9fa1-e872b4ce9a79/resourceGroups/rg-dcstratmig-prd-004/providers/Microsoft.OffAzure/HyperVSites/HYPV-DAL-AZ-VA1534site/machines/56309c89-3bef-49b7-ae56-953173be439c","56309c89-3bef-49b7-ae56-953173be439c","False","False","False","Cluster","1048576","56309c89-3bef-49b7-ae56-953173be439c","Microsoft.Azure.PowerShell.Cmdlets.Migrate.Models.Api202001.IHyperVNetworkAdapter[]","24","8","Windows Server 2016 Standard","windowsguest","10.0.14393","Running","Microsoft.OffAzure/HyperVSites/machines","2025-02-18T13:52:11.0263086Z","C:\ClusterStorage\Volume5\HICQ2180A\Virtual Machines\56309C89-3BEF-49B7-AE56-953173BE439C.VMCX","HICQ2180A.olcc.lan","9.0"
"8196",,,,,,,,,,"334AF551-DFE7-40C3-B87B-73B3E81E85AB","2936-0561-9522-3729-3992-3867-99","HICP1320_CLU.olcc.lan","/subscriptions/bc602065-8f71-487b-9fa1-e872b4ce9a79/resourceGroups/rg-dcstratmig-prd-004/providers/Microsoft.OffAzure/HyperVSites/HYPV-DAL-AZ-VA1534site/clusters/hicp1320-clu-olcc-lan-31e1b8b3-0964-4bf3-b3c6-23cd3b478dfd","2025-02-14T18:19:18.0939617Z","Microsoft.Azure.PowerShell.Cmdlets.Migrate.Models.Api202001.IHyperVDisk[]","DC01-PRNT-SVR01","Microsoft.Azure.PowerShell.Cmdlets.Migrate.Models.Api202001.IHealthErrorDetails[]","UEFI","2",,,,,"Yes","HICP1320H",,"/subscriptions/bc602065-8f71-487b-9fa1-e872b4ce9a79/resourceGroups/rg-dcstratmig-prd-004/providers/Microsoft.OffAzure/HyperVSites/HYPV-DAL-AZ-VA1534site/machines/d7f34cb2-795d-42c0-ad12-8f23f2accd5c","d7f34cb2-795d-42c0-ad12-8f23f2accd5c","False","False","True","Cluster","1048576","d7f34cb2-795d-42c0-ad12-8f23f2accd5c","Microsoft.Azure.PowerShell.Cmdlets.Migrate.Models.Api202001.IHyperVNetworkAdapter[]","-1","4",,"otherguestfamily",,"PowerOff","Microsoft.OffAzure/HyperVSites/machines","2025-02-18T13:52:11.8075500Z","C:\ClusterStorage\volume9\atlanta_replication\Hyper-V Replica\Virtual Machines\D7F34CB2-795D-42C0-AD12-8F23F2ACCD5C.VMCX","","9.0"
"8128",,,,,,,,,,"DF47C454-6060-41A7-B4BD-7B4B4430A6D4","1028-4713-1018-1923-7227-9188-86","HICP1320_CLU.olcc.lan","/subscriptions/bc602065-8f71-487b-9fa1-e872b4ce9a79/resourceGroups/rg-dcstratmig-prd-004/providers/Microsoft.OffAzure/HyperVSites/HYPV-DAL-AZ-VA1534site/clusters/hicp1320-clu-olcc-lan-31e1b8b3-0964-4bf3-b3c6-23cd3b478dfd","2025-02-14T18:19:18.3439473Z","Microsoft.Azure.PowerShell.Cmdlets.Migrate.Models.Api202001.IHyperVDisk[]","HICU2901","Microsoft.Azure.PowerShell.Cmdlets.Migrate.Models.Api202001.IHealthErrorDetails[]","BIOS","1","2/18/2025 1:50:29 PM","Microsoft Windows Server 2019 Standard","Windows","10.0.17763","Yes","HICP1320H",,"/subscriptions/bc602065-8f71-487b-9fa1-e872b4ce9a79/resourceGroups/rg-dcstratmig-prd-004/providers/Microsoft.OffAzure/HyperVSites/HYPV-DAL-AZ-VA1534site/machines/daba870d-f766-46bc-b346-3e8228ce7590","daba870d-f766-46bc-b346-3e8228ce7590","False","False","False","Cluster","65536","daba870d-f766-46bc-b346-3e8228ce7590","Microsoft.Azure.PowerShell.Cmdlets.Migrate.Models.Api202001.IHyperVNetworkAdapter[]","50","2","Windows Server 2019 Standard","windowsguest","10.0.17763","Running","Microsoft.OffAzure/HyperVSites/machines","2025-02-19T03:49:29.6950728Z","C:\ClusterStorage\Volume6\HICU2901\Virtual Machines\DABA870D-F766-46BC-B346-3E8228CE7590.VMCX","HICU2901.olcc.lan","9.0"
"4096",,,,,,,,,,"4E87C341-86BD-42B8-A901-44B06ADEEB9A","8721-5127-4639-6494-5915-2810-33","HICP1320_CLU.olcc.lan","/subscriptions/bc602065-8f71-487b-9fa1-e872b4ce9a79/resourceGroups/rg-dcstratmig-prd-004/providers/Microsoft.OffAzure/HyperVSites/HYPV-DAL-AZ-VA1534site/clusters/hicp1320-clu-olcc-lan-31e1b8b3-0964-4bf3-b3c6-23cd3b478dfd","2025-02-14T18:19:18.5939968Z","Microsoft.Azure.PowerShell.Cmdlets.Migrate.Models.Api202001.IHyperVDisk[]","HICD2222B","Microsoft.Azure.PowerShell.Cmdlets.Migrate.Models.Api202001.IHealthErrorDetails[]","UEFI","2","2/18/2025 1:50:17 PM","Microsoft Windows Server 2019 Standard","Windows","10.0.17763","Yes","HICP1320K",,"/subscriptions/bc602065-8f71-487b-9fa1-e872b4ce9a79/resourceGroups/rg-dcstratmig-prd-004/providers/Microsoft.OffAzure/HyperVSites/HYPV-DAL-AZ-VA1534site/machines/f3129bde-1080-4585-bad7-dc6d6f5a1025","f3129bde-1080-4585-bad7-dc6d6f5a1025","False","False","False","Cluster","1048576","f3129bde-1080-4585-bad7-dc6d6f5a1025","Microsoft.Azure.PowerShell.Cmdlets.Migrate.Models.Api202001.IHyperVNetworkAdapter[]","21","2","Windows Server 2019 Standard","windowsguest","10.0.17763","Running","Microsoft.OffAzure/HyperVSites/machines","2025-02-18T13:52:29.9013255Z","C:\ClusterStorage\Volume8\HICD2222B\Virtual Machines\F3129BDE-1080-4585-BAD7-DC6D6F5A1025.VMCX","HICD2222B.olcc.lan","9.0"
"4096",,,,,,,,,,"EFAA916E-8B21-4159-88E7-D5BDCD17061F","8116-9447-9559-6473-3640-8847-68","HICP1320_CLU.olcc.lan","/subscriptions/bc602065-8f71-487b-9fa1-e872b4ce9a79/resourceGroups/rg-dcstratmig-prd-004/providers/Microsoft.OffAzure/HyperVSites/HYPV-DAL-AZ-VA1534site/clusters/hicp1320-clu-olcc-lan-31e1b8b3-0964-4bf3-b3c6-23cd3b478dfd","2025-02-14T18:19:18.8439944Z","Microsoft.Azure.PowerShell.Cmdlets.Migrate.Models.Api202001.IHyperVDisk[]","HICQ2002","Microsoft.Azure.PowerShell.Cmdlets.Migrate.Models.Api202001.IHealthErrorDetails[]","BIOS","1","2/18/2025 1:50:18 PM","Microsoft Windows Server 2019 Standard","Windows","10.0.17763","Yes","HICP1320K",,"/subscriptions/bc602065-8f71-487b-9fa1-e872b4ce9a79/resourceGroups/rg-dcstratmig-prd-004/providers/Microsoft.OffAzure/HyperVSites/HYPV-DAL-AZ-VA1534site/machines/7edd4dbf-ba98-45a7-a7c1-e640adbcbe9a","7edd4dbf-ba98-45a7-a7c1-e640adbcbe9a","False","False","False","Cluster","65536","7edd4dbf-ba98-45a7-a7c1-e640adbcbe9a","Microsoft.Azure.PowerShell.Cmdlets.Migrate.Models.Api202001.IHyperVNetworkAdapter[]","33","2","Windows Server 2019 Standard","windowsguest","10.0.17763","Running","Microsoft.OffAzure/HyperVSites/machines","2025-02-19T13:50:13.0035926Z","C:\ClusterStorage\Volume6\HICQ2002\Virtual Machines\7EDD4DBF-BA98-45A7-A7C1-E640ADBCBE9A.VMCX","HICQ2002.olcc.lan","9.0"
"8192",,,,,,,,,,"0160DF67-DBCD-450D-94C2-02339D0791D9","4752-1678-0531-9758-7029-1767-07","HICP1320_CLU.olcc.lan","/subscriptions/bc602065-8f71-487b-9fa1-e872b4ce9a79/resourceGroups/rg-dcstratmig-prd-004/providers/Microsoft.OffAzure/HyperVSites/HYPV-DAL-AZ-VA1534site/clusters/hicp1320-clu-olcc-lan-31e1b8b3-0964-4bf3-b3c6-23cd3b478dfd","2025-02-14T18:19:19.0939802Z","Microsoft.Azure.PowerShell.Cmdlets.Migrate.Models.Api202001.IHyperVDisk[]","HICN1055","Microsoft.Azure.PowerShell.Cmdlets.Migrate.Models.Api202001.IHealthErrorDetails[]","UEFI","2",,,,,"Yes","HICP1320F",,"/subscriptions/bc602065-8f71-487b-9fa1-e872b4ce9a79/resourceGroups/rg-dcstratmig-prd-004/providers/Microsoft.OffAzure/HyperVSites/HYPV-DAL-AZ-VA1534site/machines/38fc069a-aeab-4703-a9cc-2dfcd057d288","38fc069a-aeab-4703-a9cc-2dfcd057d288","False","False","True","Cluster","1048576","38fc069a-aeab-4703-a9cc-2dfcd057d288","Microsoft.Azure.PowerShell.Cmdlets.Migrate.Models.Api202001.IHyperVNetworkAdapter[]","-1","2",,"otherguestfamily",,"PowerOff","Microsoft.OffAzure/HyperVSites/machines","2025-02-18T13:51:54.5731546Z","C:\ClusterStorage\Volume5\HICN1055\Virtual Machines\38FC069A-AEAB-4703-A9CC-2DFCD057D288.VMCX","","9.0"
"4096",,,,,,,,,,"D384FC3E-9D12-4092-9D3E-7C36D4011765","6416-4448-2910-3399-9144-5074-57","HICP1320_CLU.olcc.lan","/subscriptions/bc602065-8f71-487b-9fa1-e872b4ce9a79/resourceGroups/rg-dcstratmig-prd-004/providers/Microsoft.OffAzure/HyperVSites/HYPV-DAL-AZ-VA1534site/clusters/hicp1320-clu-olcc-lan-31e1b8b3-0964-4bf3-b3c6-23cd3b478dfd","2025-02-14T18:19:19.3439596Z","Microsoft.Azure.PowerShell.Cmdlets.Migrate.Models.Api202001.IHyperVDisk[]","HICD8530","Microsoft.Azure.PowerShell.Cmdlets.Migrate.Models.Api202001.IHealthErrorDetails[]","UEFI","2","2/18/2025 1:50:13 PM","Microsoft Windows Server 2019 Standard","Windows","10.0.17763","Yes","HICP1320B",,"/subscriptions/bc602065-8f71-487b-9fa1-e872b4ce9a79/resourceGroups/rg-dcstratmig-prd-004/providers/Microsoft.OffAzure/HyperVSites/HYPV-DAL-AZ-VA1534site/machines/581f4167-1086-4110-bbc9-6b5d316b70c0","581f4167-1086-4110-bbc9-6b5d316b70c0","False","False","False","Cluster","1048576","581f4167-1086-4110-bbc9-6b5d316b70c0","Microsoft.Azure.PowerShell.Cmdlets.Migrate.Models.Api202001.IHyperVNetworkAdapter[]","21","2","Windows Server 2019 Standard","windowsguest","10.0.17763","Running","Microsoft.OffAzure/HyperVSites/machines","2025-02-18T13:52:28.6513049Z","C:\ClusterStorage\Volume5\HICD8530\Virtual Machines\581F4167-1086-4110-BBC9-6B5D316B70C0.VMCX","HICD8530.olcc.lan","9.0"
"4096",,,,,,,,,,"DFC8C713-C368-40F7-880C-3D656D04F3CD","0559-1459-1635-8549-0245-0417-78","HICP1320_CLU.olcc.lan","/subscriptions/bc602065-8f71-487b-9fa1-e872b4ce9a79/resourceGroups/rg-dcstratmig-prd-004/providers/Microsoft.OffAzure/HyperVSites/HYPV-DAL-AZ-VA1534site/clusters/hicp1320-clu-olcc-lan-31e1b8b3-0964-4bf3-b3c6-23cd3b478dfd","2025-02-14T18:19:19.5939975Z","Microsoft.Azure.PowerShell.Cmdlets.Migrate.Models.Api202001.IHyperVDisk[]","HICQ8510A","Microsoft.Azure.PowerShell.Cmdlets.Migrate.Models.Api202001.IHealthErrorDetails[]","UEFI","2","2/19/2025 1:49:50 PM","Microsoft Windows Server 2019 Standard","Windows","10.0.17763","Yes","HICP1320B",,"/subscriptions/bc602065-8f71-487b-9fa1-e872b4ce9a79/resourceGroups/rg-dcstratmig-prd-004/providers/Microsoft.OffAzure/HyperVSites/HYPV-DAL-AZ-VA1534site/machines/dc17880c-f73c-415d-ac5b-ed31748a51e2","dc17880c-f73c-415d-ac5b-ed31748a51e2","False","False","False","Cluster","1048576","dc17880c-f73c-415d-ac5b-ed31748a51e2","Microsoft.Azure.PowerShell.Cmdlets.Migrate.Models.Api202001.IHyperVNetworkAdapter[]","107","2","Windows Server 2019 Standard","windowsguest","10.0.17763","Running","Microsoft.OffAzure/HyperVSites/machines","2025-02-19T13:50:11.7535987Z","C:\ClusterStorage\Volume8\HICQ8510A\Virtual Machines\DC17880C-F73C-415D-AC5B-ED31748A51E2.VMCX","HICQ8510A.olcc.lan","9.0"
"4096",,,,,,,,,,"870311E8-9125-4B3E-AE7F-C00D2BC1523A","5963-4236-9771-3739-9274-8169-60","HICP1320_CLU.olcc.lan","/subscriptions/bc602065-8f71-487b-9fa1-e872b4ce9a79/resourceGroups/rg-dcstratmig-prd-004/providers/Microsoft.OffAzure/HyperVSites/HYPV-DAL-AZ-VA1534site/clusters/hicp1320-clu-olcc-lan-31e1b8b3-0964-4bf3-b3c6-23cd3b478dfd","2025-02-14T18:19:19.8439889Z","Microsoft.Azure.PowerShell.Cmdlets.Migrate.Models.Api202001.IHyperVDisk[]","HICQ3903","Microsoft.Azure.PowerShell.Cmdlets.Migrate.Models.Api202001.IHealthErrorDetails[]","UEFI","2",,,,,"Yes","HICP1320B",,"/subscriptions/bc602065-8f71-487b-9fa1-e872b4ce9a79/resourceGroups/rg-dcstratmig-prd-004/providers/Microsoft.OffAzure/HyperVSites/HYPV-DAL-AZ-VA1534site/machines/13442abf-7707-49c3-9cd1-3784967a6ab0","13442abf-7707-49c3-9cd1-3784967a6ab0","False","False","True","Cluster","1048576","13442abf-7707-49c3-9cd1-3784967a6ab0","Microsoft.Azure.PowerShell.Cmdlets.Migrate.Models.Api202001.IHyperVNetworkAdapter[]","-1","2","Red Hat Enterprise Linux","linuxguest","4.18.0","Running","Microsoft.OffAzure/HyperVSites/machines","2025-02-18T13:51:34.1355879Z","C:\ClusterStorage\Volume6\HICQ3903\Virtual Machines\13442ABF-7707-49C3-9CD1-3784967A6AB0.VMCX","hicq3903","9.0"
"8192",,,,,,,,,,"9D13F193-ADB2-4F77-8D0A-6A133FF3FC3D","8155-9728-2042-8271-0147-6882-19","HICP1320_CLU.olcc.lan","/subscriptions/bc602065-8f71-487b-9fa1-e872b4ce9a79/resourceGroups/rg-dcstratmig-prd-004/providers/Microsoft.OffAzure/HyperVSites/HYPV-DAL-AZ-VA1534site/clusters/hicp1320-clu-olcc-lan-31e1b8b3-0964-4bf3-b3c6-23cd3b478dfd","2025-02-14T18:19:20.0948929Z","Microsoft.Azure.PowerShell.Cmdlets.Migrate.Models.Api202001.IHyperVDisk[]","HICP2211","Microsoft.Azure.PowerShell.Cmdlets.Migrate.Models.Api202001.IHealthErrorDetails[]","UEFI","2",,,,,"Yes","HICP1320D",,"/subscriptions/bc602065-8f71-487b-9fa1-e872b4ce9a79/resourceGroups/rg-dcstratmig-prd-004/providers/Microsoft.OffAzure/HyperVSites/HYPV-DAL-AZ-VA1534site/machines/fd0a48f3-7191-4224-9c98-cd6ac5f0ccc4","fd0a48f3-7191-4224-9c98-cd6ac5f0ccc4","False","False","True","Cluster","1048576","fd0a48f3-7191-4224-9c98-cd6ac5f0ccc4","Microsoft.Azure.PowerShell.Cmdlets.Migrate.Models.Api202001.IHyperVNetworkAdapter[]","-1","2",,"otherguestfamily",,"PowerOff","Microsoft.OffAzure/HyperVSites/machines","2025-02-18T13:52:06.7450615Z","C:\ClusterStorage\volume9\atlanta_replication\Hyper-V Replica\Virtual Machines\FD0A48F3-7191-4224-9C98-CD6AC5F0CCC4.VMCX","","9.0"
"8192",,,,,,,,,,"57C2F69A-8E13-4CCC-95CA-A903FCA2D18F","1959-6541-0675-8149-9615-5244-03","HICP1320_CLU.olcc.lan","/subscriptions/bc602065-8f71-487b-9fa1-e872b4ce9a79/resourceGroups/rg-dcstratmig-prd-004/providers/Microsoft.OffAzure/HyperVSites/HYPV-DAL-AZ-VA1534site/clusters/hicp1320-clu-olcc-lan-31e1b8b3-0964-4bf3-b3c6-23cd3b478dfd","2025-02-14T18:19:20.3448830Z","Microsoft.Azure.PowerShell.Cmdlets.Migrate.Models.Api202001.IHyperVDisk[]","NP01-APP01-INFG","Microsoft.Azure.PowerShell.Cmdlets.Migrate.Models.Api202001.IHealthErrorDetails[]","BIOS","1",,,,,"Yes","HICP1320F",,"/subscriptions/bc602065-8f71-487b-9fa1-e872b4ce9a79/resourceGroups/rg-dcstratmig-prd-004/providers/Microsoft.OffAzure/HyperVSites/HYPV-DAL-AZ-VA1534site/machines/177837bb-8aef-4516-b4a6-cb1e02a3b9be","177837bb-8aef-4516-b4a6-cb1e02a3b9be","False","False","True","Cluster","65536","177837bb-8aef-4516-b4a6-cb1e02a3b9be","Microsoft.Azure.PowerShell.Cmdlets.Migrate.Models.Api202001.IHyperVNetworkAdapter[]","-1","4",,"otherguestfamily",,"PowerOff","Microsoft.OffAzure/HyperVSites/machines","2025-02-18T13:51:31.1356222Z","C:\ClusterStorage\Volume5\NP01-APP01-INFG\Virtual Machines\177837BB-8AEF-4516-B4A6-CB1E02A3B9BE.VMCX","","9.0"
"8192",,,,,,,,,,"F4F255BB-47FD-41DF-B4B0-33D8025DC29F","0511-0737-7418-1127-4602-8489-06","HICP1320_CLU.olcc.lan","/subscriptions/bc602065-8f71-487b-9fa1-e872b4ce9a79/resourceGroups/rg-dcstratmig-prd-004/providers/Microsoft.OffAzure/HyperVSites/HYPV-DAL-AZ-VA1534site/clusters/hicp1320-clu-olcc-lan-31e1b8b3-0964-4bf3-b3c6-23cd3b478dfd","2025-02-14T18:19:21.4698428Z","Microsoft.Azure.PowerShell.Cmdlets.Migrate.Models.Api202001.IHyperVDisk[]","NP01-APP02-RMQ","Microsoft.Azure.PowerShell.Cmdlets.Migrate.Models.Api202001.IHealthErrorDetails[]","BIOS","1","2/14/2025 6:23:29 PM","Microsoft Windows Server 2016 Standard","Windows","10.0.14393","Yes","HICP1320G",,"/subscriptions/bc602065-8f71-487b-9fa1-e872b4ce9a79/resourceGroups/rg-dcstratmig-prd-004/providers/Microsoft.OffAzure/HyperVSites/HYPV-DAL-AZ-VA1534site/machines/75ee82fd-4af1-4a00-a1d6-22591f96c13e","75ee82fd-4af1-4a00-a1d6-22591f96c13e","False","False","False","Cluster","65536","75ee82fd-4af1-4a00-a1d6-22591f96c13e","Microsoft.Azure.PowerShell.Cmdlets.Migrate.Models.Api202001.IHyperVNetworkAdapter[]","45","2","Windows Server 2016 Standard","windowsguest","10.0.14393","Running","Microsoft.OffAzure/HyperVSites/machines","2025-02-18T13:51:33.1355988Z","C:\ClusterStorage\Volume6\NP01-APP02-RMQ\Virtual Machines\75EE82FD-4AF1-4A00-A1D6-22591F96C13E.VMCX","NP01-APP02-RMQ.olcc.lan","9.0"
"16384",,,,,,,,,,"3D7BD7A2-4B82-487A-B1BB-CD22E8D118A9","2290-8197-3651-3415-9394-0255-58","HICP1320_CLU.olcc.lan","/subscriptions/bc602065-8f71-487b-9fa1-e872b4ce9a79/resourceGroups/rg-dcstratmig-prd-004/providers/Microsoft.OffAzure/HyperVSites/HYPV-DAL-AZ-VA1534site/clusters/hicp1320-clu-olcc-lan-31e1b8b3-0964-4bf3-b3c6-23cd3b478dfd","2025-02-14T18:19:21.7198810Z","Microsoft.Azure.PowerShell.Cmdlets.Migrate.Models.Api202001.IHyperVDisk[]","HICP2170A","Microsoft.Azure.PowerShell.Cmdlets.Migrate.Models.Api202001.IHealthErrorDetails[]","UEFI","2",,,,,"Yes","HICP1320D",,"/subscriptions/bc602065-8f71-487b-9fa1-e872b4ce9a79/resourceGroups/rg-dcstratmig-prd-004/providers/Microsoft.OffAzure/HyperVSites/HYPV-DAL-AZ-VA1534site/machines/dadd96a4-6000-4b54-836e-7e1322d576cf","dadd96a4-6000-4b54-836e-7e1322d576cf","False","False","True","Cluster","1048576","dadd96a4-6000-4b54-836e-7e1322d576cf","Microsoft.Azure.PowerShell.Cmdlets.Migrate.Models.Api202001.IHyperVNetworkAdapter[]","-1","4",,"otherguestfamily",,"PowerOff","Microsoft.OffAzure/HyperVSites/machines","2025-02-18T13:51:35.6668802Z","C:\ClusterStorage\volume9\atlanta_replication\Hyper-V Replica\Virtual Machines\DADD96A4-6000-4B54-836E-7E1322D576CF.VMCX","","9.0"
"4096",,,,,,,,,,"73F13DF1-5F6A-40AB-9BD2-F03F69505D20","5760-9762-8947-9796-2505-5865-15","HICP1320_CLU.olcc.lan","/subscriptions/bc602065-8f71-487b-9fa1-e872b4ce9a79/resourceGroups/rg-dcstratmig-prd-004/providers/Microsoft.OffAzure/HyperVSites/HYPV-DAL-AZ-VA1534site/clusters/hicp1320-clu-olcc-lan-31e1b8b3-0964-4bf3-b3c6-23cd3b478dfd","2025-02-14T18:19:21.9698617Z","Microsoft.Azure.PowerShell.Cmdlets.Migrate.Models.Api202001.IHyperVDisk[]","NP02-APP01-AZSY","Microsoft.Azure.PowerShell.Cmdlets.Migrate.Models.Api202001.IHealthErrorDetails[]","BIOS","1","2/19/2025 1:49:46 PM","Microsoft Windows Server 2019 Standard","Windows","10.0.17763","Yes","HICP1320K",,"/subscriptions/bc602065-8f71-487b-9fa1-e872b4ce9a79/resourceGroups/rg-dcstratmig-prd-004/providers/Microsoft.OffAzure/HyperVSites/HYPV-DAL-AZ-VA1534site/machines/f433690b-c41e-4f1c-9ceb-0702f8209b06","f433690b-c41e-4f1c-9ceb-0702f8209b06","False","False","False","Cluster","65536","f433690b-c41e-4f1c-9ceb-0702f8209b06","Microsoft.Azure.PowerShell.Cmdlets.Migrate.Models.Api202001.IHyperVNetworkAdapter[]","45","2","Windows Server 2019 Standard","windowsguest","10.0.17763","Running","Microsoft.OffAzure/HyperVSites/machines","2025-02-19T13:49:46.5771777Z","C:\ClusterStorage\Volume8\NP02-APP01-AZSY\Virtual Machines\F433690B-C41E-4F1C-9CEB-0702F8209B06.VMCX","NP02-APP01-AZSY.olcc.lan","9.0"
"8192",,,,,,,,,,"F8679FA6-08F4-4B25-958B-7C462FAF4876","4251-5002-0014-6124-5904-2796-67","HICP1320_CLU.olcc.lan","/subscriptions/bc602065-8f71-487b-9fa1-e872b4ce9a79/resourceGroups/rg-dcstratmig-prd-004/providers/Microsoft.OffAzure/HyperVSites/HYPV-DAL-AZ-VA1534site/clusters/hicp1320-clu-olcc-lan-31e1b8b3-0964-4bf3-b3c6-23cd3b478dfd","2025-02-14T18:19:22.2198825Z","Microsoft.Azure.PowerShell.Cmdlets.Migrate.Models.Api202001.IHyperVDisk[]","NP01-WB01-SLDI","Microsoft.Azure.PowerShell.Cmdlets.Migrate.Models.Api202001.IHealthErrorDetails[]","BIOS","1","2/19/2025 1:49:57 PM","Microsoft Windows Server 2019 Standard","Windows","10.0.17763","Yes","HICP1320G",,"/subscriptions/bc602065-8f71-487b-9fa1-e872b4ce9a79/resourceGroups/rg-dcstratmig-prd-004/providers/Microsoft.OffAzure/HyperVSites/HYPV-DAL-AZ-VA1534site/machines/bbf85293-8453-4d70-a40c-154963394df9","bbf85293-8453-4d70-a40c-154963394df9","False","False","False","Cluster","65536","bbf85293-8453-4d70-a40c-154963394df9","Microsoft.Azure.PowerShell.Cmdlets.Migrate.Models.Api202001.IHyperVNetworkAdapter[]","40","2","Windows Server 2019 Standard","windowsguest","10.0.17763","Running","Microsoft.OffAzure/HyperVSites/machines","2025-02-19T13:50:15.5192260Z","C:\ClusterStorage\Volume5\NP01-WB01-SLDI\Virtual Machines\BBF85293-8453-4D70-A40C-154963394DF9.VMCX","NP01-WB01-SLDI.olcc.lan","9.0"
"6144",,,,,,,,,,"E969D259-CAB2-4D77-A94C-6D01758F5BCD","5033-1245-8750-4499-6803-3884-37","HICP1320_CLU.olcc.lan","/subscriptions/bc602065-8f71-487b-9fa1-e872b4ce9a79/resourceGroups/rg-dcstratmig-prd-004/providers/Microsoft.OffAzure/HyperVSites/HYPV-DAL-AZ-VA1534site/clusters/hicp1320-clu-olcc-lan-31e1b8b3-0964-4bf3-b3c6-23cd3b478dfd","2025-02-14T18:19:22.4698513Z","Microsoft.Azure.PowerShell.Cmdlets.Migrate.Models.Api202001.IHyperVDisk[]","HICP8514A","Microsoft.Azure.PowerShell.Cmdlets.Migrate.Models.Api202001.IHealthErrorDetails[]","UEFI","2",,,,,"Yes","HICP1320K",,"/subscriptions/bc602065-8f71-487b-9fa1-e872b4ce9a79/resourceGroups/rg-dcstratmig-prd-004/providers/Microsoft.OffAzure/HyperVSites/HYPV-DAL-AZ-VA1534site/machines/f4f6aee5-85e8-43db-9093-f9bf527b0d33","f4f6aee5-85e8-43db-9093-f9bf527b0d33","False","False","True","Cluster","1048576","f4f6aee5-85e8-43db-9093-f9bf527b0d33","Microsoft.Azure.PowerShell.Cmdlets.Migrate.Models.Api202001.IHyperVNetworkAdapter[]","-1","2",,"otherguestfamily",,"PowerOff","Microsoft.OffAzure/HyperVSites/machines","2025-02-18T13:51:25.0731959Z","C:\ClusterStorage\volume9\atlanta_replication\Hyper-V Replica\Virtual Machines\F4F6AEE5-85E8-43DB-9093-F9BF527B0D33.VMCX","","9.0"
"4096",,,,,,,,,,"05F71B55-D24D-4038-9A5F-0F9EDB64B8E4","0268-8131-6858-8596-3577-5905-67","HICP1320_CLU.olcc.lan","/subscriptions/bc602065-8f71-487b-9fa1-e872b4ce9a79/resourceGroups/rg-dcstratmig-prd-004/providers/Microsoft.OffAzure/HyperVSites/HYPV-DAL-AZ-VA1534site/clusters/hicp1320-clu-olcc-lan-31e1b8b3-0964-4bf3-b3c6-23cd3b478dfd","2025-02-14T18:19:22.7198884Z","Microsoft.Azure.PowerShell.Cmdlets.Migrate.Models.Api202001.IHyperVDisk[]","NP01-APP01-SHR","Microsoft.Azure.PowerShell.Cmdlets.Migrate.Models.Api202001.IHealthErrorDetails[]","BIOS","1","2/19/2025 1:49:47 PM","Microsoft Windows Server 2019 Standard","Windows","10.0.17763","Yes","HICP1320B",,"/subscriptions/bc602065-8f71-487b-9fa1-e872b4ce9a79/resourceGroups/rg-dcstratmig-prd-004/providers/Microsoft.OffAzure/HyperVSites/HYPV-DAL-AZ-VA1534site/machines/84f33b40-e5df-4ac5-91b3-0470f5b2d884","84f33b40-e5df-4ac5-91b3-0470f5b2d884","False","False","False","Cluster","65536","84f33b40-e5df-4ac5-91b3-0470f5b2d884","Microsoft.Azure.PowerShell.Cmdlets.Migrate.Models.Api202001.IHyperVNetworkAdapter[]","28","1","Windows Server 2019 Standard","windowsguest","10.0.17763","Running","Microsoft.OffAzure/HyperVSites/machines","2025-02-19T13:50:10.2535741Z","C:\ClusterStorage\Volume8\NP01-APP01-SHR\Virtual Machines\84F33B40-E5DF-4AC5-91B3-0470F5B2D884.VMCX","NP01-APP01-SHR.olcc.lan","9.0"
"12288",,,,,,,,,,"52B36A41-5F72-4914-BCB8-745C9DE7D926","8579-8658-5450-0998-9501-8614-25","HICP1320_CLU.olcc.lan","/subscriptions/bc602065-8f71-487b-9fa1-e872b4ce9a79/resourceGroups/rg-dcstratmig-prd-004/providers/Microsoft.OffAzure/HyperVSites/HYPV-DAL-AZ-VA1534site/clusters/hicp1320-clu-olcc-lan-31e1b8b3-0964-4bf3-b3c6-23cd3b478dfd","2025-02-14T18:19:22.9856057Z","Microsoft.Azure.PowerShell.Cmdlets.Migrate.Models.Api202001.IHyperVDisk[]","HICQ6505","Microsoft.Azure.PowerShell.Cmdlets.Migrate.Models.Api202001.IHealthErrorDetails[]","UEFI","2","2/18/2025 1:50:40 PM","Microsoft Windows Server 2019 Standard","Windows","10.0.17763","Yes","HICP1320E",,"/subscriptions/bc602065-8f71-487b-9fa1-e872b4ce9a79/resourceGroups/rg-dcstratmig-prd-004/providers/Microsoft.OffAzure/HyperVSites/HYPV-DAL-AZ-VA1534site/machines/1e4eaf30-00c4-4eed-b28f-aa8dfdaaf71c","1e4eaf30-00c4-4eed-b28f-aa8dfdaaf71c","False","False","False","Cluster","1048576","1e4eaf30-00c4-4eed-b28f-aa8dfdaaf71c","Microsoft.Azure.PowerShell.Cmdlets.Migrate.Models.Api202001.IHyperVNetworkAdapter[]","99","4","Windows Server 2019 Standard","windowsguest","10.0.17763","Running","Microsoft.OffAzure/HyperVSites/machines","2025-02-19T13:50:16.5192241Z","C:\ClusterStorage\Volume5\HICQ6505\Virtual Machines\1E4EAF30-00C4-4EED-B28F-AA8DFDAAF71C.VMCX","HICQ6505.olcc.lan","9.0"
"16384",,,,,,,,,,"7EE1D077-D192-4F29-B590-62568951135A","7023-9318-7140-9538-7310-9592-18","HICP1320_CLU.olcc.lan","/subscriptions/bc602065-8f71-487b-9fa1-e872b4ce9a79/resourceGroups/rg-dcstratmig-prd-004/providers/Microsoft.OffAzure/HyperVSites/HYPV-DAL-AZ-VA1534site/clusters/hicp1320-clu-olcc-lan-31e1b8b3-0964-4bf3-b3c6-23cd3b478dfd","2025-02-14T18:19:23.2198680Z","Microsoft.Azure.PowerShell.Cmdlets.Migrate.Models.Api202001.IHyperVDisk[]","HICP2940","Microsoft.Azure.PowerShell.Cmdlets.Migrate.Models.Api202001.IHealthErrorDetails[]","UEFI","2",,,,,"Yes","HICP1320B",,"/subscriptions/bc602065-8f71-487b-9fa1-e872b4ce9a79/resourceGroups/rg-dcstratmig-prd-004/providers/Microsoft.OffAzure/HyperVSites/HYPV-DAL-AZ-VA1534site/machines/a0312ea8-779a-4855-a625-072825b6e05c","a0312ea8-779a-4855-a625-072825b6e05c","False","False","True","Cluster","1048576","a0312ea8-779a-4855-a625-072825b6e05c","Microsoft.Azure.PowerShell.Cmdlets.Migrate.Models.Api202001.IHyperVNetworkAdapter[]","-1","6",,"otherguestfamily",,"PowerOff","Microsoft.OffAzure/HyperVSites/machines","2025-02-18T13:51:58.1356682Z","C:\ClusterStorage\volume9\atlanta_replication\Hyper-V Replica\Virtual Machines\A0312EA8-779A-4855-A625-072825B6E05C.VMCX","","9.0"
"4096",,,,,,,,,,"5317767B-7154-45FB-901B-250DC7D64A4A","4228-0502-9262-1538-9562-1487-74","HICP1320_CLU.olcc.lan","/subscriptions/bc602065-8f71-487b-9fa1-e872b4ce9a79/resourceGroups/rg-dcstratmig-prd-004/providers/Microsoft.OffAzure/HyperVSites/HYPV-DAL-AZ-VA1534site/clusters/hicp1320-clu-olcc-lan-31e1b8b3-0964-4bf3-b3c6-23cd3b478dfd","2025-02-14T18:19:23.4698798Z","Microsoft.Azure.PowerShell.Cmdlets.Migrate.Models.Api202001.IHyperVDisk[]","HICN5510","Microsoft.Azure.PowerShell.Cmdlets.Migrate.Models.Api202001.IHealthErrorDetails[]","UEFI","2","2/18/2025 1:50:16 PM","Microsoft Windows Server 2022 Standard","Windows","10.0.20348","Yes","HICP1320K",,"/subscriptions/bc602065-8f71-487b-9fa1-e872b4ce9a79/resourceGroups/rg-dcstratmig-prd-004/providers/Microsoft.OffAzure/HyperVSites/HYPV-DAL-AZ-VA1534site/machines/fe510d97-b941-43a2-b85c-361469b1fb79","fe510d97-b941-43a2-b85c-361469b1fb79","False","False","False","Cluster","1048576","fe510d97-b941-43a2-b85c-361469b1fb79","Microsoft.Azure.PowerShell.Cmdlets.Migrate.Models.Api202001.IHyperVNetworkAdapter[]","65","2",,"otherguestfamily",,"PowerOff","Microsoft.OffAzure/HyperVSites/machines","2025-02-19T20:19:29.1805217Z","C:\ClusterStorage\Volume10\HICN5510\Virtual Machines\FE510D97-B941-43A2-B85C-361469B1FB79.VMCX","","9.0"
"4096",,,,,,,,,,"3E572E9E-B4FD-4118-BA9B-9D99116542DC","7617-2853-2022-3011-7431-8107-45","HICP1320_CLU.olcc.lan","/subscriptions/bc602065-8f71-487b-9fa1-e872b4ce9a79/resourceGroups/rg-dcstratmig-prd-004/providers/Microsoft.OffAzure/HyperVSites/HYPV-DAL-AZ-VA1534site/clusters/hicp1320-clu-olcc-lan-31e1b8b3-0964-4bf3-b3c6-23cd3b478dfd","2025-02-14T18:19:23.7199035Z","Microsoft.Azure.PowerShell.Cmdlets.Migrate.Models.Api202001.IHyperVDisk[]","HICQ2033","Microsoft.Azure.PowerShell.Cmdlets.Migrate.Models.Api202001.IHealthErrorDetails[]","UEFI","2","2/18/2025 1:50:39 PM","Microsoft Windows Server 2019 Standard","Windows","10.0.17763","Yes","HICP1320J",,"/subscriptions/bc602065-8f71-487b-9fa1-e872b4ce9a79/resourceGroups/rg-dcstratmig-prd-004/providers/Microsoft.OffAzure/HyperVSites/HYPV-DAL-AZ-VA1534site/machines/cce3b5c0-9fcb-42db-9876-d44d15c138d0","cce3b5c0-9fcb-42db-9876-d44d15c138d0","False","False","False","Cluster","1048576","cce3b5c0-9fcb-42db-9876-d44d15c138d0","Microsoft.Azure.PowerShell.Cmdlets.Migrate.Models.Api202001.IHyperVNetworkAdapter[]","14","2",,"otherguestfamily",,"PowerOff","Microsoft.OffAzure/HyperVSites/machines","2025-02-19T15:19:06.9481787Z","C:\ClusterStorage\Volume10\HICQ2033\Virtual Machines\CCE3B5C0-9FCB-42DB-9876-D44D15C138D0.VMCX","","9.0"
"4096",,,,,,,,,,"88631956-F5B5-48E8-BB07-504289FA2951","5403-1200-1294-3698-5147-3581-55","HICP1320_CLU.olcc.lan","/subscriptions/bc602065-8f71-487b-9fa1-e872b4ce9a79/resourceGroups/rg-dcstratmig-prd-004/providers/Microsoft.OffAzure/HyperVSites/HYPV-DAL-AZ-VA1534site/clusters/hicp1320-clu-olcc-lan-31e1b8b3-0964-4bf3-b3c6-23cd3b478dfd","2025-02-14T18:19:23.9699023Z","Microsoft.Azure.PowerShell.Cmdlets.Migrate.Models.Api202001.IHyperVDisk[]","HICN2268B","Microsoft.Azure.PowerShell.Cmdlets.Migrate.Models.Api202001.IHealthErrorDetails[]","UEFI","2","2/18/2025 1:50:11 PM","Microsoft Windows Server 2022 Standard","Windows","10.0.20348","Yes","HICP1320J",,"/subscriptions/bc602065-8f71-487b-9fa1-e872b4ce9a79/resourceGroups/rg-dcstratmig-prd-004/providers/Microsoft.OffAzure/HyperVSites/HYPV-DAL-AZ-VA1534site/machines/1563839b-942a-4f98-878b-bcabfae5da47","1563839b-942a-4f98-878b-bcabfae5da47","False","False","False","Cluster","1048576","1563839b-942a-4f98-878b-bcabfae5da47","Microsoft.Azure.PowerShell.Cmdlets.Migrate.Models.Api202001.IHyperVNetworkAdapter[]","13","2","Windows Server 2022 Standard","windowsguest","10.0.20348","Running","Microsoft.OffAzure/HyperVSites/machines","2025-02-18T13:52:28.1512836Z","C:\ClusterStorage\Volume2\HICN2268B\Virtual Machines\1563839B-942A-4F98-878B-BCABFAE5DA47.VMCX","HICN2268B.olcc.lan","9.0"
"4096",,,,,,,,,,"4E87C341-86BD-42B8-A901-44B06ADEEB9A","8721-5127-4639-6494-5915-2810-33","HICP1320_CLU.olcc.lan","/subscriptions/bc602065-8f71-487b-9fa1-e872b4ce9a79/resourceGroups/rg-dcstratmig-prd-004/providers/Microsoft.OffAzure/HyperVSites/HYPV-DAL-AZ-VA1534site/clusters/hicp1320-clu-olcc-lan-31e1b8b3-0964-4bf3-b3c6-23cd3b478dfd","2025-02-14T18:19:24.2198991Z","Microsoft.Azure.PowerShell.Cmdlets.Migrate.Models.Api202001.IHyperVDisk[]","HICQ2225B","Microsoft.Azure.PowerShell.Cmdlets.Migrate.Models.Api202001.IHealthErrorDetails[]","UEFI","2","2/18/2025 1:50:11 PM","Microsoft Windows Server 2019 Standard","Windows","10.0.17763","Yes","HICP1320K",,"/subscriptions/bc602065-8f71-487b-9fa1-e872b4ce9a79/resourceGroups/rg-dcstratmig-prd-004/providers/Microsoft.OffAzure/HyperVSites/HYPV-DAL-AZ-VA1534site/machines/3fa0bf04-8265-42c4-b4fd-1c40cf0fdc5a","3fa0bf04-8265-42c4-b4fd-1c40cf0fdc5a","False","False","False","Cluster","1048576","3fa0bf04-8265-42c4-b4fd-1c40cf0fdc5a","Microsoft.Azure.PowerShell.Cmdlets.Migrate.Models.Api202001.IHyperVNetworkAdapter[]","22","2","Windows Server 2019 Standard","windowsguest","10.0.17763","Running","Microsoft.OffAzure/HyperVSites/machines","2025-02-18T13:52:27.9013435Z","C:\ClusterStorage\Volume5\HICQ2225B\Virtual Machines\3FA0BF04-8265-42C4-B4FD-1C40CF0FDC5A.VMCX","HICQ2225B.olcc.lan","9.0"
"8192",,,,,,,,,,"E3C7DA76-4BED-41B0-A5CC-ABBE0CED2CE0","2884-7188-3844-6924-5941-3912-98","HICP1320_CLU.olcc.lan","/subscriptions/bc602065-8f71-487b-9fa1-e872b4ce9a79/resourceGroups/rg-dcstratmig-prd-004/providers/Microsoft.OffAzure/HyperVSites/HYPV-DAL-AZ-VA1534site/clusters/hicp1320-clu-olcc-lan-31e1b8b3-0964-4bf3-b3c6-23cd3b478dfd","2025-02-14T18:19:24.4699019Z","Microsoft.Azure.PowerShell.Cmdlets.Migrate.Models.Api202001.IHyperVDisk[]","HICP2226A","Microsoft.Azure.PowerShell.Cmdlets.Migrate.Models.Api202001.IHealthErrorDetails[]","UEFI","2",,,,,"Yes","HICP1320D",,"/subscriptions/bc602065-8f71-487b-9fa1-e872b4ce9a79/resourceGroups/rg-dcstratmig-prd-004/providers/Microsoft.OffAzure/HyperVSites/HYPV-DAL-AZ-VA1534site/machines/d48d5d8b-24db-47c5-a61e-06659ce1cc84","d48d5d8b-24db-47c5-a61e-06659ce1cc84","False","False","True","Cluster","1048576","d48d5d8b-24db-47c5-a61e-06659ce1cc84","Microsoft.Azure.PowerShell.Cmdlets.Migrate.Models.Api202001.IHyperVNetworkAdapter[]","-1","4",,"otherguestfamily",,"PowerOff","Microsoft.OffAzure/HyperVSites/machines","2025-02-18T13:51:41.7137939Z","C:\ClusterStorage\volume9\atlanta_replication\Hyper-V Replica\Virtual Machines\D48D5D8B-24DB-47C5-A61E-06659CE1CC84.VMCX","","9.0"
"4096",,,,,,,,,,"AD71E580-3D8D-4CD0-B22A-231A1A52A147","8259-4737-8401-1568-7877-3485-28","HICP1320_CLU.olcc.lan","/subscriptions/bc602065-8f71-487b-9fa1-e872b4ce9a79/resourceGroups/rg-dcstratmig-prd-004/providers/Microsoft.OffAzure/HyperVSites/HYPV-DAL-AZ-VA1534site/clusters/hicp1320-clu-olcc-lan-31e1b8b3-0964-4bf3-b3c6-23cd3b478dfd","2025-02-14T18:19:24.7355136Z","Microsoft.Azure.PowerShell.Cmdlets.Migrate.Models.Api202001.IHyperVDisk[]","NP02-MON01-MVP","Microsoft.Azure.PowerShell.Cmdlets.Migrate.Models.Api202001.IHealthErrorDetails[]","BIOS","1","2/18/2025 1:50:32 PM","Microsoft Windows Server 2019 Standard","Windows","10.0.17763","Yes","HICP1320B",,"/subscriptions/bc602065-8f71-487b-9fa1-e872b4ce9a79/resourceGroups/rg-dcstratmig-prd-004/providers/Microsoft.OffAzure/HyperVSites/HYPV-DAL-AZ-VA1534site/machines/30b78179-b14d-42e3-b180-c251d4f38685","30b78179-b14d-42e3-b180-c251d4f38685","False","False","False","Cluster","65536","30b78179-b14d-42e3-b180-c251d4f38685","Microsoft.Azure.PowerShell.Cmdlets.Migrate.Models.Api202001.IHyperVNetworkAdapter[]","49","2","Windows Server 2019 Standard","windowsguest","10.0.17763","Running","Microsoft.OffAzure/HyperVSites/machines","2025-02-19T13:50:21.0192556Z","C:\ClusterStorage\Volume8\NP02-MON01-MVP\Virtual Machines\30B78179-B14D-42E3-B180-C251D4F38685.VMCX","NP02-MON01-MVP.olcc.lan","9.0"
"4096",,,,,,,,,,"E092DF03-0999-4B81-9916-3D4FCFEBC1AC","1735-1612-9408-7892-2908-9080-18","HICP1320_CLU.olcc.lan","/subscriptions/bc602065-8f71-487b-9fa1-e872b4ce9a79/resourceGroups/rg-dcstratmig-prd-004/providers/Microsoft.OffAzure/HyperVSites/HYPV-DAL-AZ-VA1534site/clusters/hicp1320-clu-olcc-lan-31e1b8b3-0964-4bf3-b3c6-23cd3b478dfd","2025-02-14T18:19:24.9855470Z","Microsoft.Azure.PowerShell.Cmdlets.Migrate.Models.Api202001.IHyperVDisk[]","HICD2383","Microsoft.Azure.PowerShell.Cmdlets.Migrate.Models.Api202001.IHealthErrorDetails[]","UEFI","2","2/18/2025 1:50:28 PM","Microsoft Windows Server 2019 Standard","Windows","10.0.17763","Yes","HICP1320B",,"/subscriptions/bc602065-8f71-487b-9fa1-e872b4ce9a79/resourceGroups/rg-dcstratmig-prd-004/providers/Microsoft.OffAzure/HyperVSites/HYPV-DAL-AZ-VA1534site/machines/718b3d09-5559-4e6c-9c99-688d3771ce78","718b3d09-5559-4e6c-9c99-688d3771ce78","False","False","False","Cluster","1048576","718b3d09-5559-4e6c-9c99-688d3771ce78","Microsoft.Azure.PowerShell.Cmdlets.Migrate.Models.Api202001.IHyperVNetworkAdapter[]","14","2","Windows Server 2019 Standard","windowsguest","10.0.17763","Running","Microsoft.OffAzure/HyperVSites/machines","2025-02-18T13:52:31.1513383Z","C:\ClusterStorage\Volume10\HICD2383\Virtual Machines\718B3D09-5559-4E6C-9C99-688D3771CE78.VMCX","HICD2383.olcc.lan","9.0"
"8192",,,,,,,,,,"C7957899-709D-4C00-8E69-63615830FCCF","3024-3749-2937-9375-2092-0490-31","HICP1320_CLU.olcc.lan","/subscriptions/bc602065-8f71-487b-9fa1-e872b4ce9a79/resourceGroups/rg-dcstratmig-prd-004/providers/Microsoft.OffAzure/HyperVSites/HYPV-DAL-AZ-VA1534site/clusters/hicp1320-clu-olcc-lan-31e1b8b3-0964-4bf3-b3c6-23cd3b478dfd","2025-02-14T18:19:25.2355223Z","Microsoft.Azure.PowerShell.Cmdlets.Migrate.Models.Api202001.IHyperVDisk[]","HICP8507","Microsoft.Azure.PowerShell.Cmdlets.Migrate.Models.Api202001.IHealthErrorDetails[]","UEFI","2","2/19/2025 1:50:00 PM","Microsoft Windows Server 2019 Standard","Windows","10.0.17763","Yes","HICP1320K",,"/subscriptions/bc602065-8f71-487b-9fa1-e872b4ce9a79/resourceGroups/rg-dcstratmig-prd-004/providers/Microsoft.OffAzure/HyperVSites/HYPV-DAL-AZ-VA1534site/machines/ead958f4-4650-4798-bb41-16e550b67a2a","ead958f4-4650-4798-bb41-16e550b67a2a","False","False","False","Cluster","1048576","ead958f4-4650-4798-bb41-16e550b67a2a","Microsoft.Azure.PowerShell.Cmdlets.Migrate.Models.Api202001.IHyperVNetworkAdapter[]","33","2","Windows Server 2019 Standard","windowsguest","10.0.17763","Running","Microsoft.OffAzure/HyperVSites/machines","2025-02-19T13:50:17.5192111Z","C:\ClusterStorage\Volume6\HICP8507\Virtual Machines\EAD958F4-4650-4798-BB41-16E550B67A2A.VMCX","HICP8507.olcc.lan","9.0"
"4096",,,,,,,,,,"BA534F8F-A2F9-46B8-BBF6-D1A47977E7F5","8337-1528-0633-1038-9598-6563-47","HICP1320_CLU.olcc.lan","/subscriptions/bc602065-8f71-487b-9fa1-e872b4ce9a79/resourceGroups/rg-dcstratmig-prd-004/providers/Microsoft.OffAzure/HyperVSites/HYPV-DAL-AZ-VA1534site/clusters/hicp1320-clu-olcc-lan-31e1b8b3-0964-4bf3-b3c6-23cd3b478dfd","2025-02-14T18:19:25.4855267Z","Microsoft.Azure.PowerShell.Cmdlets.Migrate.Models.Api202001.IHyperVDisk[]","NP01-WEB01-SHR","Microsoft.Azure.PowerShell.Cmdlets.Migrate.Models.Api202001.IHealthErrorDetails[]","BIOS","1","2/18/2025 1:50:49 PM","Microsoft Windows Server 2019 Standard","Windows","10.0.17763","Yes","HICP1320F",,"/subscriptions/bc602065-8f71-487b-9fa1-e872b4ce9a79/resourceGroups/rg-dcstratmig-prd-004/providers/Microsoft.OffAzure/HyperVSites/HYPV-DAL-AZ-VA1534site/machines/3544b571-854f-4809-b7af-53e1bb163c54","3544b571-854f-4809-b7af-53e1bb163c54","False","False","False","Cluster","65536","3544b571-854f-4809-b7af-53e1bb163c54","Microsoft.Azure.PowerShell.Cmdlets.Migrate.Models.Api202001.IHyperVNetworkAdapter[]","30","1","Windows Server 2019 Standard","windowsguest","10.0.17763","Running","Microsoft.OffAzure/HyperVSites/machines","2025-02-19T13:50:21.5226171Z","C:\ClusterStorage\Volume6\NP01-WEB01-SHR\Virtual Machines\3544B571-854F-4809-B7AF-53E1BB163C54.VMCX","NP01-WEB01-SHR.olcc.lan","9.0"
"4096",,,,,,,,,,"13F6FFA1-320F-491C-AE67-C091962F8A53","7917-0822-6167-0905-2019-6084-59","HICP1320_CLU.olcc.lan","/subscriptions/bc602065-8f71-487b-9fa1-e872b4ce9a79/resourceGroups/rg-dcstratmig-prd-004/providers/Microsoft.OffAzure/HyperVSites/HYPV-DAL-AZ-VA1534site/clusters/hicp1320-clu-olcc-lan-31e1b8b3-0964-4bf3-b3c6-23cd3b478dfd","2025-02-14T18:19:25.7354815Z","Microsoft.Azure.PowerShell.Cmdlets.Migrate.Models.Api202001.IHyperVDisk[]","HICD8526","Microsoft.Azure.PowerShell.Cmdlets.Migrate.Models.Api202001.IHealthErrorDetails[]","UEFI","2","2/14/2025 6:23:34 PM","Microsoft Windows Server 2019 Standard","Windows","10.0.17763","Yes","HICP1320K",,"/subscriptions/bc602065-8f71-487b-9fa1-e872b4ce9a79/resourceGroups/rg-dcstratmig-prd-004/providers/Microsoft.OffAzure/HyperVSites/HYPV-DAL-AZ-VA1534site/machines/ede89b24-bd4b-464e-ab99-94a850217e2b","ede89b24-bd4b-464e-ab99-94a850217e2b","False","False","False","Cluster","1048576","ede89b24-bd4b-464e-ab99-94a850217e2b","Microsoft.Azure.PowerShell.Cmdlets.Migrate.Models.Api202001.IHyperVNetworkAdapter[]","108","2","Windows Server 2019 Standard","windowsguest","10.0.17763","Running","Microsoft.OffAzure/HyperVSites/machines","2025-02-18T13:51:44.2137592Z","C:\ClusterStorage\Volume8\HICD8526\Virtual Machines\EDE89B24-BD4B-464E-AB99-94A850217E2B.VMCX","HICD8526.olcc.lan","9.0"
"65536",,,,,,,,,,"431EA47F-4C6A-4B46-9FBD-F65438971F6D","3621-7052-5668-9043-2562-3895-12","HICP1320_CLU.olcc.lan","/subscriptions/bc602065-8f71-487b-9fa1-e872b4ce9a79/resourceGroups/rg-dcstratmig-prd-004/providers/Microsoft.OffAzure/HyperVSites/HYPV-DAL-AZ-VA1534site/clusters/hicp1320-clu-olcc-lan-31e1b8b3-0964-4bf3-b3c6-23cd3b478dfd","2025-02-14T18:19:25.9855366Z","Microsoft.Azure.PowerShell.Cmdlets.Migrate.Models.Api202001.IHyperVDisk[]","HICP5544","Microsoft.Azure.PowerShell.Cmdlets.Migrate.Models.Api202001.IHealthErrorDetails[]","UEFI","2","2/18/2025 1:50:26 PM","Microsoft Windows Server 2019 Standard","Windows","10.0.17763","Yes","HICP1320F",,"/subscriptions/bc602065-8f71-487b-9fa1-e872b4ce9a79/resourceGroups/rg-dcstratmig-prd-004/providers/Microsoft.OffAzure/HyperVSites/HYPV-DAL-AZ-VA1534site/machines/4ac036a8-31e6-4886-9430-920e13bbb7a0","4ac036a8-31e6-4886-9430-920e13bbb7a0","False","False","False","Cluster","1048576","4ac036a8-31e6-4886-9430-920e13bbb7a0","Microsoft.Azure.PowerShell.Cmdlets.Migrate.Models.Api202001.IHyperVNetworkAdapter[]","28","32","Windows Server 2019 Standard","windowsguest","10.0.17763","Running","Microsoft.OffAzure/HyperVSites/machines","2025-02-20T03:20:40.5984934Z","C:\ClusterStorage\Volume8\HICP5544\Virtual Machines\4AC036A8-31E6-4886-9430-920E13BBB7A0.VMCX","HICP5544.olcc.lan","9.0"
"16384",,,,,,,,,,"3D7BD7A2-4B82-487A-B1BB-CD22E8D118A9","2290-8197-3651-3415-9394-0255-58","HICP1320_CLU.olcc.lan","/subscriptions/bc602065-8f71-487b-9fa1-e872b4ce9a79/resourceGroups/rg-dcstratmig-prd-004/providers/Microsoft.OffAzure/HyperVSites/HYPV-DAL-AZ-VA1534site/clusters/hicp1320-clu-olcc-lan-31e1b8b3-0964-4bf3-b3c6-23cd3b478dfd","2025-02-14T18:19:26.2355171Z","Microsoft.Azure.PowerShell.Cmdlets.Migrate.Models.Api202001.IHyperVDisk[]","HICP2181A","Microsoft.Azure.PowerShell.Cmdlets.Migrate.Models.Api202001.IHealthErrorDetails[]","UEFI","2",,,,,"Yes","HICP1320C",,"/subscriptions/bc602065-8f71-487b-9fa1-e872b4ce9a79/resourceGroups/rg-dcstratmig-prd-004/providers/Microsoft.OffAzure/HyperVSites/HYPV-DAL-AZ-VA1534site/machines/76dc6a45-c098-409b-82a1-0247a16346f4","76dc6a45-c098-409b-82a1-0247a16346f4","False","False","True","Cluster","1048576","76dc6a45-c098-409b-82a1-0247a16346f4","Microsoft.Azure.PowerShell.Cmdlets.Migrate.Models.Api202001.IHyperVNetworkAdapter[]","-1","8",,"otherguestfamily",,"PowerOff","Microsoft.OffAzure/HyperVSites/machines","2025-02-18T13:51:28.1199669Z","C:\ClusterStorage\volume9\atlanta_replication\Hyper-V Replica\Virtual Machines\76DC6A45-C098-409B-82A1-0247A16346F4.VMCX","","9.0"
"4096",,,,,,,,,,"7C3E7777-E056-4083-9F97-83B644B91169","5205-8532-0447-1875-7945-8688-57","HICP1320_CLU.olcc.lan","/subscriptions/bc602065-8f71-487b-9fa1-e872b4ce9a79/resourceGroups/rg-dcstratmig-prd-004/providers/Microsoft.OffAzure/HyperVSites/HYPV-DAL-AZ-VA1534site/clusters/hicp1320-clu-olcc-lan-31e1b8b3-0964-4bf3-b3c6-23cd3b478dfd","2025-02-14T18:19:26.4855420Z","Microsoft.Azure.PowerShell.Cmdlets.Migrate.Models.Api202001.IHyperVDisk[]","HICD0029A","Microsoft.Azure.PowerShell.Cmdlets.Migrate.Models.Api202001.IHealthErrorDetails[]","UEFI","2",,,,,"Yes","HICP1320E",,"/subscriptions/bc602065-8f71-487b-9fa1-e872b4ce9a79/resourceGroups/rg-dcstratmig-prd-004/providers/Microsoft.OffAzure/HyperVSites/HYPV-DAL-AZ-VA1534site/machines/1d33ebc7-f870-4999-bf4a-b67b098364ad","1d33ebc7-f870-4999-bf4a-b67b098364ad","False","False","True","Cluster","1048576","1d33ebc7-f870-4999-bf4a-b67b098364ad","Microsoft.Azure.PowerShell.Cmdlets.Migrate.Models.Api202001.IHyperVNetworkAdapter[]","-1","2",,"otherguestfamily",,"PowerOff","Microsoft.OffAzure/HyperVSites/machines","2025-02-18T13:52:04.7294488Z","C:\ClusterStorage\Volume8\HICD0029A\Virtual Machines\1D33EBC7-F870-4999-BF4A-B67B098364AD.VMCX","","9.0"
"6144",,,,,,,,,,"AFA7BA25-181E-4F73-A8D3-0E6D37F5921F","4718-7970-7110-2126-9485-8685-62","HICP1320_CLU.olcc.lan","/subscriptions/bc602065-8f71-487b-9fa1-e872b4ce9a79/resourceGroups/rg-dcstratmig-prd-004/providers/Microsoft.OffAzure/HyperVSites/HYPV-DAL-AZ-VA1534site/clusters/hicp1320-clu-olcc-lan-31e1b8b3-0964-4bf3-b3c6-23cd3b478dfd","2025-02-14T18:19:27.4699243Z","Microsoft.Azure.PowerShell.Cmdlets.Migrate.Models.Api202001.IHyperVDisk[]","NP02-ESB01-MON","Microsoft.Azure.PowerShell.Cmdlets.Migrate.Models.Api202001.IHealthErrorDetails[]","BIOS","1","2/18/2025 1:50:12 PM","Microsoft Windows Server 2019 Standard","Windows","10.0.17763","Yes","HICP1320K",,"/subscriptions/bc602065-8f71-487b-9fa1-e872b4ce9a79/resourceGroups/rg-dcstratmig-prd-004/providers/Microsoft.OffAzure/HyperVSites/HYPV-DAL-AZ-VA1534site/machines/b78da5ba-aa59-4045-a014-775af702403e","b78da5ba-aa59-4045-a014-775af702403e","False","False","False","Cluster","65536","b78da5ba-aa59-4045-a014-775af702403e","Microsoft.Azure.PowerShell.Cmdlets.Migrate.Models.Api202001.IHyperVNetworkAdapter[]","42","2","Windows Server 2019 Standard","windowsguest","10.0.17763","Running","Microsoft.OffAzure/HyperVSites/machines","2025-02-18T13:52:28.4013375Z","C:\ClusterStorage\Volume10\NP02-ESB01-MON\Virtual Machines\B78DA5BA-AA59-4045-A014-775AF702403E.VMCX","NP02-ESB01-MON.olcc.lan","9.0"
"4096",,,,,,,,,,"41A72170-A64C-4086-87AD-77936BB830BE","3303-3927-5284-4162-6431-5568-84","HICP1320_CLU.olcc.lan","/subscriptions/bc602065-8f71-487b-9fa1-e872b4ce9a79/resourceGroups/rg-dcstratmig-prd-004/providers/Microsoft.OffAzure/HyperVSites/HYPV-DAL-AZ-VA1534site/clusters/hicp1320-clu-olcc-lan-31e1b8b3-0964-4bf3-b3c6-23cd3b478dfd","2025-02-14T18:19:27.7198999Z","Microsoft.Azure.PowerShell.Cmdlets.Migrate.Models.Api202001.IHyperVDisk[]","HICP8526A","Microsoft.Azure.PowerShell.Cmdlets.Migrate.Models.Api202001.IHealthErrorDetails[]","UEFI","2",,,,,"Yes","HICP1320J",,"/subscriptions/bc602065-8f71-487b-9fa1-e872b4ce9a79/resourceGroups/rg-dcstratmig-prd-004/providers/Microsoft.OffAzure/HyperVSites/HYPV-DAL-AZ-VA1534site/machines/5287873d-c91d-4f12-a741-3a2e3392d2e1","5287873d-c91d-4f12-a741-3a2e3392d2e1","False","False","True","Cluster","1048576","5287873d-c91d-4f12-a741-3a2e3392d2e1","Microsoft.Azure.PowerShell.Cmdlets.Migrate.Models.Api202001.IHyperVNetworkAdapter[]","-1","2",,"otherguestfamily",,"PowerOff","Microsoft.OffAzure/HyperVSites/machines","2025-02-18T13:51:46.9793897Z","C:\ClusterStorage\volume9\atlanta_replication\Hyper-V Replica\Virtual Machines\5287873D-C91D-4F12-A741-3A2E3392D2E1.VMCX","","9.0"
"6144",,,,,,,,,,"188E40A3-09F3-4712-B173-2842F180CD7F","4737-7788-8545-9711-2437-0941-13","HICP1320_CLU.olcc.lan","/subscriptions/bc602065-8f71-487b-9fa1-e872b4ce9a79/resourceGroups/rg-dcstratmig-prd-004/providers/Microsoft.OffAzure/HyperVSites/HYPV-DAL-AZ-VA1534site/clusters/hicp1320-clu-olcc-lan-31e1b8b3-0964-4bf3-b3c6-23cd3b478dfd","2025-02-14T18:19:27.9699385Z","Microsoft.Azure.PowerShell.Cmdlets.Migrate.Models.Api202001.IHyperVDisk[]","HICP0003","Microsoft.Azure.PowerShell.Cmdlets.Migrate.Models.Api202001.IHealthErrorDetails[]","UEFI","2",,,,,"Yes","HICP1320D",,"/subscriptions/bc602065-8f71-487b-9fa1-e872b4ce9a79/resourceGroups/rg-dcstratmig-prd-004/providers/Microsoft.OffAzure/HyperVSites/HYPV-DAL-AZ-VA1534site/machines/598dcb69-1065-4f78-814d-3f7a51d1bf39","598dcb69-1065-4f78-814d-3f7a51d1bf39","False","False","True","Cluster","1048576","598dcb69-1065-4f78-814d-3f7a51d1bf39","Microsoft.Azure.PowerShell.Cmdlets.Migrate.Models.Api202001.IHyperVNetworkAdapter[]","-1","4","Windows Server 2022 Standard","windowsguest","10.0.20348","Running","Microsoft.OffAzure/HyperVSites/machines","2025-02-20T03:20:40.3484745Z","C:\ClusterStorage\Volume6\HICP0003\Virtual Machines\598DCB69-1065-4F78-814D-3F7A51D1BF39.VMCX","HICP0003.olcc.lan","9.0"
"4096",,,,,,,,,,"D53DBF75-90E6-4A7C-861A-4D8FB2A7180D","0100-6931-2912-9513-0240-9469-11","HICP1320_CLU.olcc.lan","/subscriptions/bc602065-8f71-487b-9fa1-e872b4ce9a79/resourceGroups/rg-dcstratmig-prd-004/providers/Microsoft.OffAzure/HyperVSites/HYPV-DAL-AZ-VA1534site/clusters/hicp1320-clu-olcc-lan-31e1b8b3-0964-4bf3-b3c6-23cd3b478dfd","2025-02-14T18:19:28.2355233Z","Microsoft.Azure.PowerShell.Cmdlets.Migrate.Models.Api202001.IHyperVDisk[]","HICD0045","Microsoft.Azure.PowerShell.Cmdlets.Migrate.Models.Api202001.IHealthErrorDetails[]","UEFI","2","2/18/2025 1:50:58 PM","Microsoft Windows Server 2019 Standard","Windows","10.0.17763","Yes","HICP1320J",,"/subscriptions/bc602065-8f71-487b-9fa1-e872b4ce9a79/resourceGroups/rg-dcstratmig-prd-004/providers/Microsoft.OffAzure/HyperVSites/HYPV-DAL-AZ-VA1534site/machines/8a7edaf6-6efb-437e-be46-fe834c7330b9","8a7edaf6-6efb-437e-be46-fe834c7330b9","False","False","False","Cluster","1048576","8a7edaf6-6efb-437e-be46-fe834c7330b9","Microsoft.Azure.PowerShell.Cmdlets.Migrate.Models.Api202001.IHyperVNetworkAdapter[]","22","2","Windows Server 2019 Standard","windowsguest","10.0.17763","Running","Microsoft.OffAzure/HyperVSites/machines","2025-02-19T13:50:12.2535935Z","C:\ClusterStorage\Volume6\HICD0045\Virtual Machines\8A7EDAF6-6EFB-437E-BE46-FE834C7330B9.VMCX","HICD0045.olcc.lan","9.0"
"4096",,,,,,,,,,"D06AF058-B3C3-4082-902E-439C37CC4B0A","7625-3969-9702-9048-3327-6588-17","HICP1320_CLU.olcc.lan","/subscriptions/bc602065-8f71-487b-9fa1-e872b4ce9a79/resourceGroups/rg-dcstratmig-prd-004/providers/Microsoft.OffAzure/HyperVSites/HYPV-DAL-AZ-VA1534site/clusters/hicp1320-clu-olcc-lan-31e1b8b3-0964-4bf3-b3c6-23cd3b478dfd","2025-02-14T18:19:28.4855470Z","Microsoft.Azure.PowerShell.Cmdlets.Migrate.Models.Api202001.IHyperVDisk[]","DC01-APP01-SHR","Microsoft.Azure.PowerShell.Cmdlets.Migrate.Models.Api202001.IHealthErrorDetails[]","BIOS","1",,,,,"Yes","HICP1320K",,"/subscriptions/bc602065-8f71-487b-9fa1-e872b4ce9a79/resourceGroups/rg-dcstratmig-prd-004/providers/Microsoft.OffAzure/HyperVSites/HYPV-DAL-AZ-VA1534site/machines/1acd81a4-5ac5-4d60-a899-db2939522564","1acd81a4-5ac5-4d60-a899-db2939522564","False","False","True","Cluster","65536","1acd81a4-5ac5-4d60-a899-db2939522564","Microsoft.Azure.PowerShell.Cmdlets.Migrate.Models.Api202001.IHyperVNetworkAdapter[]","-1","2",,"otherguestfamily",,"PowerOff","Microsoft.OffAzure/HyperVSites/machines","2025-02-18T13:51:52.8231663Z","C:\ClusterStorage\volume9\atlanta_replication\Hyper-V Replica\Virtual Machines\1ACD81A4-5AC5-4D60-A899-DB2939522564.VMCX","","9.0"
"16384",,,,,,,,,,"EA87A3EE-83D6-4A9C-8D3B-5A6A2FA82318","9800-8065-3673-9635-5831-6292-78","HICP1320_CLU.olcc.lan","/subscriptions/bc602065-8f71-487b-9fa1-e872b4ce9a79/resourceGroups/rg-dcstratmig-prd-004/providers/Microsoft.OffAzure/HyperVSites/HYPV-DAL-AZ-VA1534site/clusters/hicp1320-clu-olcc-lan-31e1b8b3-0964-4bf3-b3c6-23cd3b478dfd","2025-02-14T18:19:28.7355586Z","Microsoft.Azure.PowerShell.Cmdlets.Migrate.Models.Api202001.IHyperVDisk[]","HICQ3520","Microsoft.Azure.PowerShell.Cmdlets.Migrate.Models.Api202001.IHealthErrorDetails[]","UEFI","2",,,,,"Yes","HICP1320A",,"/subscriptions/bc602065-8f71-487b-9fa1-e872b4ce9a79/resourceGroups/rg-dcstratmig-prd-004/providers/Microsoft.OffAzure/HyperVSites/HYPV-DAL-AZ-VA1534site/machines/0f127501-f0d0-43c7-b5d4-9069b6d85d4b","0f127501-f0d0-43c7-b5d4-9069b6d85d4b","False","False","True","Cluster","1048576","0f127501-f0d0-43c7-b5d4-9069b6d85d4b","Microsoft.Azure.PowerShell.Cmdlets.Migrate.Models.Api202001.IHyperVNetworkAdapter[]","-1","4","CentOS Stream","linuxguest","4.18.0","Running","Microsoft.OffAzure/HyperVSites/machines","2025-02-18T13:51:55.3387846Z","C:\ClusterStorage\Volume5\HICQ3520\Virtual Machines\0F127501-F0D0-43C7-B5D4-9069B6D85D4B.VMCX","HICQ3520.olcc.lan","9.0"
"8192",,,,,,,,,,"5B2CA2B1-81B1-45B4-B90A-7772727CED57","7988-4387-5492-1125-9575-5688-69","HICP1320_CLU.olcc.lan","/subscriptions/bc602065-8f71-487b-9fa1-e872b4ce9a79/resourceGroups/rg-dcstratmig-prd-004/providers/Microsoft.OffAzure/HyperVSites/HYPV-DAL-AZ-VA1534site/clusters/hicp1320-clu-olcc-lan-31e1b8b3-0964-4bf3-b3c6-23cd3b478dfd","2025-02-14T18:19:28.9854905Z","Microsoft.Azure.PowerShell.Cmdlets.Migrate.Models.Api202001.IHyperVDisk[]","HICP2431","Microsoft.Azure.PowerShell.Cmdlets.Migrate.Models.Api202001.IHealthErrorDetails[]","BIOS","1",,,,,"Yes","HICP1320B",,"/subscriptions/bc602065-8f71-487b-9fa1-e872b4ce9a79/resourceGroups/rg-dcstratmig-prd-004/providers/Microsoft.OffAzure/HyperVSites/HYPV-DAL-AZ-VA1534site/machines/38790e2e-4952-49bb-982f-6765cc23a711","38790e2e-4952-49bb-982f-6765cc23a711","False","False","True","Cluster","1048576","38790e2e-4952-49bb-982f-6765cc23a711","Microsoft.Azure.PowerShell.Cmdlets.Migrate.Models.Api202001.IHyperVNetworkAdapter[]","-1","4",,"otherguestfamily",,"Running","Microsoft.OffAzure/HyperVSites/machines","2025-02-20T03:20:41.0984734Z","C:\ClusterStorage\Volume10\HICP2423\Virtual Machines\38790E2E-4952-49BB-982F-6765CC23A711.VMCX","","9.0"
"12288",,,,,,,,,,"9A6012DD-E64A-46D7-91A2-E10B43FA5C1E","2609-0332-2552-9815-0400-1574-32","HICP1320_CLU.olcc.lan","/subscriptions/bc602065-8f71-487b-9fa1-e872b4ce9a79/resourceGroups/rg-dcstratmig-prd-004/providers/Microsoft.OffAzure/HyperVSites/HYPV-DAL-AZ-VA1534site/clusters/hicp1320-clu-olcc-lan-31e1b8b3-0964-4bf3-b3c6-23cd3b478dfd","2025-02-14T18:19:29.2355256Z","Microsoft.Azure.PowerShell.Cmdlets.Migrate.Models.Api202001.IHyperVDisk[]","HICP1158","Microsoft.Azure.PowerShell.Cmdlets.Migrate.Models.Api202001.IHealthErrorDetails[]","BIOS","1",,,,,"Yes","HICP1320E",,"/subscriptions/bc602065-8f71-487b-9fa1-e872b4ce9a79/resourceGroups/rg-dcstratmig-prd-004/providers/Microsoft.OffAzure/HyperVSites/HYPV-DAL-AZ-VA1534site/machines/5a3139c8-af74-45d6-82ba-ef2514e20c27","5a3139c8-af74-45d6-82ba-ef2514e20c27","False","False","True","Cluster","1048576","5a3139c8-af74-45d6-82ba-ef2514e20c27","Microsoft.Azure.PowerShell.Cmdlets.Migrate.Models.Api202001.IHyperVNetworkAdapter[]","-1","4",,"otherguestfamily",,"Running","Microsoft.OffAzure/HyperVSites/machines","2025-02-18T13:51:52.3231112Z","C:\ClusterStorage\Volume10\HICP1158\Virtual Machines\5A3139C8-AF74-45D6-82BA-EF2514E20C27.VMCX","","9.0"
"8192",,,,,,,,,,"3C624440-0AD0-4B99-887B-ABF8AE77B8E6","7564-0741-2885-2656-1562-3645-79","HICP1320_CLU.olcc.lan","/subscriptions/bc602065-8f71-487b-9fa1-e872b4ce9a79/resourceGroups/rg-dcstratmig-prd-004/providers/Microsoft.OffAzure/HyperVSites/HYPV-DAL-AZ-VA1534site/clusters/hicp1320-clu-olcc-lan-31e1b8b3-0964-4bf3-b3c6-23cd3b478dfd","2025-02-14T18:19:29.4855292Z","Microsoft.Azure.PowerShell.Cmdlets.Migrate.Models.Api202001.IHyperVDisk[]","FLOLVRMQPRD2","Microsoft.Azure.PowerShell.Cmdlets.Migrate.Models.Api202001.IHealthErrorDetails[]","BIOS","1",,,,,"Yes","HICP1320K",,"/subscriptions/bc602065-8f71-487b-9fa1-e872b4ce9a79/resourceGroups/rg-dcstratmig-prd-004/providers/Microsoft.OffAzure/HyperVSites/HYPV-DAL-AZ-VA1534site/machines/1119a121-d2f9-4acc-9eeb-c7b8ae573d78","1119a121-d2f9-4acc-9eeb-c7b8ae573d78","False","False","True","Cluster","65536","1119a121-d2f9-4acc-9eeb-c7b8ae573d78","Microsoft.Azure.PowerShell.Cmdlets.Migrate.Models.Api202001.IHyperVNetworkAdapter[]","-1","4",,"otherguestfamily",,"PowerOff","Microsoft.OffAzure/HyperVSites/machines","2025-02-18T13:51:32.8856248Z","C:\ClusterStorage\volume9\atlanta_replication\Hyper-V Replica\Virtual Machines\1119A121-D2F9-4ACC-9EEB-C7B8AE573D78.VMCX","","9.0"
"8192",,,,,,,,,,"946D6042-D9CA-4AEB-987D-5FE336ED58F0","2793-3632-9552-1402-1548-6239-02","HICP1320_CLU.olcc.lan","/subscriptions/bc602065-8f71-487b-9fa1-e872b4ce9a79/resourceGroups/rg-dcstratmig-prd-004/providers/Microsoft.OffAzure/HyperVSites/HYPV-DAL-AZ-VA1534site/clusters/hicp1320-clu-olcc-lan-31e1b8b3-0964-4bf3-b3c6-23cd3b478dfd","2025-02-14T18:19:29.7355309Z","Microsoft.Azure.PowerShell.Cmdlets.Migrate.Models.Api202001.IHyperVDisk[]","HICP2127","Microsoft.Azure.PowerShell.Cmdlets.Migrate.Models.Api202001.IHealthErrorDetails[]","UEFI","2",,,,,"Yes","HICP1320G",,"/subscriptions/bc602065-8f71-487b-9fa1-e872b4ce9a79/resourceGroups/rg-dcstratmig-prd-004/providers/Microsoft.OffAzure/HyperVSites/HYPV-DAL-AZ-VA1534site/machines/df4ad85e-85ee-4b8e-87b4-09306dd98dd5","df4ad85e-85ee-4b8e-87b4-09306dd98dd5","False","False","True","Cluster","1048576","df4ad85e-85ee-4b8e-87b4-09306dd98dd5","Microsoft.Azure.PowerShell.Cmdlets.Migrate.Models.Api202001.IHyperVNetworkAdapter[]","-1","2",,"otherguestfamily",,"PowerOff","Microsoft.OffAzure/HyperVSites/machines","2025-02-18T13:52:15.3544299Z","C:\ClusterStorage\volume9\atlanta_replication\Hyper-V Replica\Virtual Machines\DF4AD85E-85EE-4B8E-87B4-09306DD98DD5.VMCX","","9.0"
"6144",,,,,,,,,,"90200C29-C4C6-4267-AA5E-F8128498F050","9524-0424-8734-3965-5669-4609-70","HICP1320_CLU.olcc.lan","/subscriptions/bc602065-8f71-487b-9fa1-e872b4ce9a79/resourceGroups/rg-dcstratmig-prd-004/providers/Microsoft.OffAzure/HyperVSites/HYPV-DAL-AZ-VA1534site/clusters/hicp1320-clu-olcc-lan-31e1b8b3-0964-4bf3-b3c6-23cd3b478dfd","2025-02-14T18:19:29.9855324Z","Microsoft.Azure.PowerShell.Cmdlets.Migrate.Models.Api202001.IHyperVDisk[]","HICD7154","Microsoft.Azure.PowerShell.Cmdlets.Migrate.Models.Api202001.IHealthErrorDetails[]","UEFI","2","2/18/2025 1:50:24 PM","Microsoft Windows Server 2019 Standard","Windows","10.0.17763","Yes","HICP1320B",,"/subscriptions/bc602065-8f71-487b-9fa1-e872b4ce9a79/resourceGroups/rg-dcstratmig-prd-004/providers/Microsoft.OffAzure/HyperVSites/HYPV-DAL-AZ-VA1534site/machines/4bdb5d12-66af-43e8-b36a-341f352fc0aa","4bdb5d12-66af-43e8-b36a-341f352fc0aa","False","False","False","Cluster","1048576","4bdb5d12-66af-43e8-b36a-341f352fc0aa","Microsoft.Azure.PowerShell.Cmdlets.Migrate.Models.Api202001.IHyperVNetworkAdapter[]","21","2","Windows Server 2019 Standard","windowsguest","10.0.17763","Running","Microsoft.OffAzure/HyperVSites/machines","2025-02-18T13:51:34.9012117Z","C:\ClusterStorage\Volume6\HICD7154\Virtual Machines\4BDB5D12-66AF-43E8-B36A-341F352FC0AA.VMCX","HICD7154.olcc.lan","9.0"
"8192",,,,,,,,,,"6DA2B4CD-64A3-417D-99D5-48601817E7EC","7773-0956-4755-1744-0276-7842-14","HICP1320_CLU.olcc.lan","/subscriptions/bc602065-8f71-487b-9fa1-e872b4ce9a79/resourceGroups/rg-dcstratmig-prd-004/providers/Microsoft.OffAzure/HyperVSites/HYPV-DAL-AZ-VA1534site/clusters/hicp1320-clu-olcc-lan-31e1b8b3-0964-4bf3-b3c6-23cd3b478dfd","2025-02-14T18:19:30.2354921Z","Microsoft.Azure.PowerShell.Cmdlets.Migrate.Models.Api202001.IHyperVDisk[]","HICP2128","Microsoft.Azure.PowerShell.Cmdlets.Migrate.Models.Api202001.IHealthErrorDetails[]","UEFI","2",,,,,"Yes","HICP1320A",,"/subscriptions/bc602065-8f71-487b-9fa1-e872b4ce9a79/resourceGroups/rg-dcstratmig-prd-004/providers/Microsoft.OffAzure/HyperVSites/HYPV-DAL-AZ-VA1534site/machines/b7edb58f-c369-4c00-91a0-2689709d4c7e","b7edb58f-c369-4c00-91a0-2689709d4c7e","False","False","True","Cluster","1048576","b7edb58f-c369-4c00-91a0-2689709d4c7e","Microsoft.Azure.PowerShell.Cmdlets.Migrate.Models.Api202001.IHyperVNetworkAdapter[]","-1","4",,"otherguestfamily",,"PowerOff","Microsoft.OffAzure/HyperVSites/machines","2025-02-18T13:51:30.1355859Z","C:\ClusterStorage\volume9\atlanta_replication\Hyper-V Replica\Virtual Machines\B7EDB58F-C369-4C00-91A0-2689709D4C7E.VMCX","","9.0"
"16384",,,,,,,,,,"7C3E7777-E056-4083-9F97-83B644B91169","5205-8532-0447-1875-7945-8688-57","HICP1320_CLU.olcc.lan","/subscriptions/bc602065-8f71-487b-9fa1-e872b4ce9a79/resourceGroups/rg-dcstratmig-prd-004/providers/Microsoft.OffAzure/HyperVSites/HYPV-DAL-AZ-VA1534site/clusters/hicp1320-clu-olcc-lan-31e1b8b3-0964-4bf3-b3c6-23cd3b478dfd","2025-02-14T18:19:30.4855521Z","Microsoft.Azure.PowerShell.Cmdlets.Migrate.Models.Api202001.IHyperVDisk[]","HICQ2181C","Microsoft.Azure.PowerShell.Cmdlets.Migrate.Models.Api202001.IHealthErrorDetails[]","UEFI","2","2/19/2025 1:50:02 PM","Microsoft Windows Server 2016 Standard","Windows","10.0.14393","Yes","HICP1320B",,"/subscriptions/bc602065-8f71-487b-9fa1-e872b4ce9a79/resourceGroups/rg-dcstratmig-prd-004/providers/Microsoft.OffAzure/HyperVSites/HYPV-DAL-AZ-VA1534site/machines/b5dbc3db-f9f7-46b1-b407-d5a6f05bbe5a","b5dbc3db-f9f7-46b1-b407-d5a6f05bbe5a","False","False","False","Cluster","1048576","b5dbc3db-f9f7-46b1-b407-d5a6f05bbe5a","Microsoft.Azure.PowerShell.Cmdlets.Migrate.Models.Api202001.IHyperVNetworkAdapter[]","23","4","Windows Server 2016 Standard","windowsguest","10.0.14393","Running","Microsoft.OffAzure/HyperVSites/machines","2025-02-19T13:50:02.1709856Z","C:\ClusterStorage\Volume5\HICQ2181C\Virtual Machines\B5DBC3DB-F9F7-46B1-B407-D5A6F05BBE5A.VMCX","HICQ2181C.olcc.lan","9.0"
"4096",,,,,,,,,,"4D9FEF2A-889D-4D16-830B-A5760515DBFC","2252-3878-3116-2522-2246-8236-45","HICP1320_CLU.olcc.lan","/subscriptions/bc602065-8f71-487b-9fa1-e872b4ce9a79/resourceGroups/rg-dcstratmig-prd-004/providers/Microsoft.OffAzure/HyperVSites/HYPV-DAL-AZ-VA1534site/clusters/hicp1320-clu-olcc-lan-31e1b8b3-0964-4bf3-b3c6-23cd3b478dfd","2025-02-14T18:19:30.8009197Z","Microsoft.Azure.PowerShell.Cmdlets.Migrate.Models.Api202001.IHyperVDisk[]","HICQ2386","Microsoft.Azure.PowerShell.Cmdlets.Migrate.Models.Api202001.IHealthErrorDetails[]","UEFI","2","2/19/2025 1:49:51 PM","Microsoft Windows Server 2019 Standard","Windows","10.0.17763","Yes","HICP1320J",,"/subscriptions/bc602065-8f71-487b-9fa1-e872b4ce9a79/resourceGroups/rg-dcstratmig-prd-004/providers/Microsoft.OffAzure/HyperVSites/HYPV-DAL-AZ-VA1534site/machines/baf5f6cc-1f22-4032-b750-fd8a58bb66b9","baf5f6cc-1f22-4032-b750-fd8a58bb66b9","False","False","False","Cluster","1048576","baf5f6cc-1f22-4032-b750-fd8a58bb66b9","Microsoft.Azure.PowerShell.Cmdlets.Migrate.Models.Api202001.IHyperVNetworkAdapter[]","505","2","Windows Server 2019 Standard","windowsguest","10.0.17763","Running","Microsoft.OffAzure/HyperVSites/machines","2025-02-19T13:49:51.9209494Z","C:\ClusterStorage\Volume5\HICQ2386\Virtual Machines\BAF5F6CC-1F22-4032-B750-FD8A58BB66B9.VMCX","HICQ2386.olcc.lan","9.0"
"4096",,,,,,,,,,"CE45E9A3-79D4-4F8F-9C10-B22C8C719CCC","9618-6300-0760-0082-9284-3658-59","HICP1320_CLU.olcc.lan","/subscriptions/bc602065-8f71-487b-9fa1-e872b4ce9a79/resourceGroups/rg-dcstratmig-prd-004/providers/Microsoft.OffAzure/HyperVSites/HYPV-DAL-AZ-VA1534site/clusters/hicp1320-clu-olcc-lan-31e1b8b3-0964-4bf3-b3c6-23cd3b478dfd","2025-02-14T18:19:31.0197145Z","Microsoft.Azure.PowerShell.Cmdlets.Migrate.Models.Api202001.IHyperVDisk[]","HICN2269","Microsoft.Azure.PowerShell.Cmdlets.Migrate.Models.Api202001.IHealthErrorDetails[]","UEFI","2","2/18/2025 1:50:15 PM","Microsoft Windows Server 2022 Standard","Windows","10.0.20348","Yes","HICP1320D",,"/subscriptions/bc602065-8f71-487b-9fa1-e872b4ce9a79/resourceGroups/rg-dcstratmig-prd-004/providers/Microsoft.OffAzure/HyperVSites/HYPV-DAL-AZ-VA1534site/machines/3e478ade-fc88-4107-926c-65ea7b303d98","3e478ade-fc88-4107-926c-65ea7b303d98","False","False","False","Cluster","1048576","3e478ade-fc88-4107-926c-65ea7b303d98","Microsoft.Azure.PowerShell.Cmdlets.Migrate.Models.Api202001.IHyperVNetworkAdapter[]","13","2","Windows Server 2022 Standard","windowsguest","10.0.20348","Running","Microsoft.OffAzure/HyperVSites/machines","2025-02-18T13:52:29.1512946Z","C:\ClusterStorage\Volume1\HICN2269\Virtual Machines\3E478ADE-FC88-4107-926C-65EA7B303D98.VMCX","HICN2269.olcc.lan","9.0"
"4096",,,,,,,,,,"7881EC71-07FD-41E8-B5DC-1ACC8F6602FA","3616-7073-6453-3143-3531-6893-53","HICP1320_CLU.olcc.lan","/subscriptions/bc602065-8f71-487b-9fa1-e872b4ce9a79/resourceGroups/rg-dcstratmig-prd-004/providers/Microsoft.OffAzure/HyperVSites/HYPV-DAL-AZ-VA1534site/clusters/hicp1320-clu-olcc-lan-31e1b8b3-0964-4bf3-b3c6-23cd3b478dfd","2025-02-14T18:19:31.2852971Z","Microsoft.Azure.PowerShell.Cmdlets.Migrate.Models.Api202001.IHyperVDisk[]","HICQ2805A","Microsoft.Azure.PowerShell.Cmdlets.Migrate.Models.Api202001.IHealthErrorDetails[]","UEFI","2","2/19/2025 1:50:05 PM","Microsoft Windows Server 2019 Standard","Windows","10.0.17763","Yes","HICP1320J",,"/subscriptions/bc602065-8f71-487b-9fa1-e872b4ce9a79/resourceGroups/rg-dcstratmig-prd-004/providers/Microsoft.OffAzure/HyperVSites/HYPV-DAL-AZ-VA1534site/machines/ca728c30-8e4b-427a-ab00-ab4db5282aa9","ca728c30-8e4b-427a-ab00-ab4db5282aa9","False","False","False","Cluster","1048576","ca728c30-8e4b-427a-ab00-ab4db5282aa9","Microsoft.Azure.PowerShell.Cmdlets.Migrate.Models.Api202001.IHyperVNetworkAdapter[]","11","2",,"otherguestfamily",,"PowerOff","Microsoft.OffAzure/HyperVSites/machines","2025-02-19T15:19:06.6981772Z","C:\ClusterStorage\Volume5\HICQ2805A\Virtual Machines\CA728C30-8E4B-427A-AB00-AB4DB5282AA9.VMCX","","9.0"
"6144",,,,,,,,,,"02349B04-AC6D-429E-9FF4-06BE6FAC778A","3006-9914-0941-2464-5949-4529-67","HICP1320_CLU.olcc.lan","/subscriptions/bc602065-8f71-487b-9fa1-e872b4ce9a79/resourceGroups/rg-dcstratmig-prd-004/providers/Microsoft.OffAzure/HyperVSites/HYPV-DAL-AZ-VA1534site/clusters/hicp1320-clu-olcc-lan-31e1b8b3-0964-4bf3-b3c6-23cd3b478dfd","2025-02-14T18:19:31.5197124Z","Microsoft.Azure.PowerShell.Cmdlets.Migrate.Models.Api202001.IHyperVDisk[]","HICQ2224A","Microsoft.Azure.PowerShell.Cmdlets.Migrate.Models.Api202001.IHealthErrorDetails[]","UEFI","2","2/18/2025 1:50:31 PM","Microsoft Windows Server 2019 Standard","Windows","10.0.17763","Yes","HICP1320B",,"/subscriptions/bc602065-8f71-487b-9fa1-e872b4ce9a79/resourceGroups/rg-dcstratmig-prd-004/providers/Microsoft.OffAzure/HyperVSites/HYPV-DAL-AZ-VA1534site/machines/07a43d67-4cef-4268-ae2b-6da08326675a","07a43d67-4cef-4268-ae2b-6da08326675a","False","False","False","Cluster","1048576","07a43d67-4cef-4268-ae2b-6da08326675a","Microsoft.Azure.PowerShell.Cmdlets.Migrate.Models.Api202001.IHyperVNetworkAdapter[]","42","2","Windows Server 2019 Standard","windowsguest","10.0.17763","Running","Microsoft.OffAzure/HyperVSites/machines","2025-02-18T13:52:31.9169552Z","C:\ClusterStorage\Volume6\HICQ2224A\Virtual Machines\07A43D67-4CEF-4268-AE2B-6DA08326675A.VMCX","HICQ2224A.olcc.lan","9.0"
"8192",,,,,,,,,,"55531901-684D-4701-ABE7-2A44870DA410","6689-9842-5615-0276-1335-0527-97","HICP1320_CLU.olcc.lan","/subscriptions/bc602065-8f71-487b-9fa1-e872b4ce9a79/resourceGroups/rg-dcstratmig-prd-004/providers/Microsoft.OffAzure/HyperVSites/HYPV-DAL-AZ-VA1534site/clusters/hicp1320-clu-olcc-lan-31e1b8b3-0964-4bf3-b3c6-23cd3b478dfd","2025-02-14T18:19:31.8009353Z","Microsoft.Azure.PowerShell.Cmdlets.Migrate.Models.Api202001.IHyperVDisk[]","NP02-APP01-MVP","Microsoft.Azure.PowerShell.Cmdlets.Migrate.Models.Api202001.IHealthErrorDetails[]","BIOS","1","2/19/2025 1:50:07 PM","Microsoft Windows Server 2019 Standard","Windows","10.0.17763","Yes","HICP1320G",,"/subscriptions/bc602065-8f71-487b-9fa1-e872b4ce9a79/resourceGroups/rg-dcstratmig-prd-004/providers/Microsoft.OffAzure/HyperVSites/HYPV-DAL-AZ-VA1534site/machines/a5e3198e-cbad-42a2-bb6f-fa3591df46c0","a5e3198e-cbad-42a2-bb6f-fa3591df46c0","False","False","False","Cluster","65536","a5e3198e-cbad-42a2-bb6f-fa3591df46c0","Microsoft.Azure.PowerShell.Cmdlets.Migrate.Models.Api202001.IHyperVNetworkAdapter[]","57","2","Windows Server 2019 Standard","windowsguest","10.0.17763","Running","Microsoft.OffAzure/HyperVSites/machines","2025-02-19T13:50:07.4991138Z","C:\ClusterStorage\Volume8\NP02-APP01-MVP\Virtual Machines\A5E3198E-CBAD-42A2-BB6F-FA3591DF46C0.VMCX","NP02-APP01-MVP.olcc.lan","9.0"
"8192",,,,,,,,,,"0CD85DB4-D65B-4D95-9F9B-98322B810FA7","8755-8630-3930-5952-0618-3897-51","HICP1320_CLU.olcc.lan","/subscriptions/bc602065-8f71-487b-9fa1-e872b4ce9a79/resourceGroups/rg-dcstratmig-prd-004/providers/Microsoft.OffAzure/HyperVSites/HYPV-DAL-AZ-VA1534site/clusters/hicp1320-clu-olcc-lan-31e1b8b3-0964-4bf3-b3c6-23cd3b478dfd","2025-02-14T18:19:32.0821797Z","Microsoft.Azure.PowerShell.Cmdlets.Migrate.Models.Api202001.IHyperVDisk[]","NP02-WB01-QCM","Microsoft.Azure.PowerShell.Cmdlets.Migrate.Models.Api202001.IHealthErrorDetails[]","BIOS","1","2/19/2025 1:49:58 PM","Microsoft Windows Server 2019 Standard","Windows","10.0.17763","Yes","HICP1320G",,"/subscriptions/bc602065-8f71-487b-9fa1-e872b4ce9a79/resourceGroups/rg-dcstratmig-prd-004/providers/Microsoft.OffAzure/HyperVSites/HYPV-DAL-AZ-VA1534site/machines/52a10dca-c9a7-4cea-b678-ea48b54c1f7a","52a10dca-c9a7-4cea-b678-ea48b54c1f7a","False","False","False","Cluster","65536","52a10dca-c9a7-4cea-b678-ea48b54c1f7a","Microsoft.Azure.PowerShell.Cmdlets.Migrate.Models.Api202001.IHyperVNetworkAdapter[]","48","2","Windows Server 2019 Standard","windowsguest","10.0.17763","Running","Microsoft.OffAzure/HyperVSites/machines","2025-02-19T13:50:15.7692384Z","C:\ClusterStorage\Volume5\NP02-WB01-QCM\Virtual Machines\52A10DCA-C9A7-4CEA-B678-EA48B54C1F7A.VMCX","NP02-WB01-QCM.olcc.lan","9.0"
"4096",,,,,,,,,,"491AF6BB-E9F9-4946-AD11-9A2FBB14C14C","3072-1353-0614-7303-3033-4986-99","HICP1320_CLU.olcc.lan","/subscriptions/bc602065-8f71-487b-9fa1-e872b4ce9a79/resourceGroups/rg-dcstratmig-prd-004/providers/Microsoft.OffAzure/HyperVSites/HYPV-DAL-AZ-VA1534site/clusters/hicp1320-clu-olcc-lan-31e1b8b3-0964-4bf3-b3c6-23cd3b478dfd","2025-02-14T18:19:33.4885075Z","Microsoft.Azure.PowerShell.Cmdlets.Migrate.Models.Api202001.IHyperVDisk[]","HICQ0045","Microsoft.Azure.PowerShell.Cmdlets.Migrate.Models.Api202001.IHealthErrorDetails[]","UEFI","2","2/18/2025 1:50:10 PM","Microsoft Windows Server 2019 Standard","Windows","10.0.17763","Yes","HICP1320K",,"/subscriptions/bc602065-8f71-487b-9fa1-e872b4ce9a79/resourceGroups/rg-dcstratmig-prd-004/providers/Microsoft.OffAzure/HyperVSites/HYPV-DAL-AZ-VA1534site/machines/dab709ee-6bc1-4813-8e1a-62a7a5bb0a68","dab709ee-6bc1-4813-8e1a-62a7a5bb0a68","False","False","False","Cluster","1048576","dab709ee-6bc1-4813-8e1a-62a7a5bb0a68","Microsoft.Azure.PowerShell.Cmdlets.Migrate.Models.Api202001.IHyperVNetworkAdapter[]","22","2","Windows Server 2019 Standard","windowsguest","10.0.17763","Running","Microsoft.OffAzure/HyperVSites/machines","2025-02-18T13:52:27.6513615Z","C:\ClusterStorage\Volume5\HICQ0045\Virtual Machines\DAB709EE-6BC1-4813-8E1A-62A7A5BB0A68.VMCX","HICQ0045.olcc.lan","9.0"
"4096",,,,,,,,,,"B6A6900D-0FB7-434B-8CE0-62E3ABF816AA","1498-1213-2470-3652-6645-9001-00","HICP1320_CLU.olcc.lan","/subscriptions/bc602065-8f71-487b-9fa1-e872b4ce9a79/resourceGroups/rg-dcstratmig-prd-004/providers/Microsoft.OffAzure/HyperVSites/HYPV-DAL-AZ-VA1534site/clusters/hicp1320-clu-olcc-lan-31e1b8b3-0964-4bf3-b3c6-23cd3b478dfd","2025-02-14T18:19:33.7384706Z","Microsoft.Azure.PowerShell.Cmdlets.Migrate.Models.Api202001.IHyperVDisk[]","DC01-ESB01-TRUST","Microsoft.Azure.PowerShell.Cmdlets.Migrate.Models.Api202001.IHealthErrorDetails[]","BIOS","1",,,,,"Yes","HICP1320K",,"/subscriptions/bc602065-8f71-487b-9fa1-e872b4ce9a79/resourceGroups/rg-dcstratmig-prd-004/providers/Microsoft.OffAzure/HyperVSites/HYPV-DAL-AZ-VA1534site/machines/3946e486-b75e-440c-95d9-2b6ab9f5cca3","3946e486-b75e-440c-95d9-2b6ab9f5cca3","False","False","True","Cluster","65536","3946e486-b75e-440c-95d9-2b6ab9f5cca3","Microsoft.Azure.PowerShell.Cmdlets.Migrate.Models.Api202001.IHyperVNetworkAdapter[]","-1","2",,"otherguestfamily",,"PowerOff","Microsoft.OffAzure/HyperVSites/machines","2025-02-18T13:51:47.2293983Z","C:\ClusterStorage\volume9\atlanta_replication\Hyper-V Replica\Virtual Machines\3946E486-B75E-440C-95D9-2B6AB9F5CCA3.VMCX","","9.0"
"24576",,,,,,,,,,"D0CB537B-2B45-4177-8DFB-0FC50192E82C","3767-1789-6692-7345-9921-1390-95","HICP1320_CLU.olcc.lan","/subscriptions/bc602065-8f71-487b-9fa1-e872b4ce9a79/resourceGroups/rg-dcstratmig-prd-004/providers/Microsoft.OffAzure/HyperVSites/HYPV-DAL-AZ-VA1534site/clusters/hicp1320-clu-olcc-lan-31e1b8b3-0964-4bf3-b3c6-23cd3b478dfd","2025-02-14T18:19:33.9884689Z","Microsoft.Azure.PowerShell.Cmdlets.Migrate.Models.Api202001.IHyperVDisk[]","HICQ2303A","Microsoft.Azure.PowerShell.Cmdlets.Migrate.Models.Api202001.IHealthErrorDetails[]","UEFI","2","2/19/2025 1:50:06 PM","Microsoft Windows Server 2022 Standard","Windows","10.0.20348","Yes","HICP1320E",,"/subscriptions/bc602065-8f71-487b-9fa1-e872b4ce9a79/resourceGroups/rg-dcstratmig-prd-004/providers/Microsoft.OffAzure/HyperVSites/HYPV-DAL-AZ-VA1534site/machines/ca505a0d-362e-4f57-83b7-c7ff3ecce81d","ca505a0d-362e-4f57-83b7-c7ff3ecce81d","False","False","False","Cluster","1048576","ca505a0d-362e-4f57-83b7-c7ff3ecce81d","Microsoft.Azure.PowerShell.Cmdlets.Migrate.Models.Api202001.IHyperVNetworkAdapter[]","40","12","Windows Server 2022 Standard","windowsguest","10.0.20348","Running","Microsoft.OffAzure/HyperVSites/machines","2025-02-19T13:50:20.0192490Z","C:\ClusterStorage\Volume5\HICQ2303A\Virtual Machines\CA505A0D-362E-4F57-83B7-C7FF3ECCE81D.VMCX","HICQ2303A.olcc.lan","9.0"
"16384",,,,,,,,,,"E8729CD6-264F-4F95-9E4F-BCA679FE5055","4888-5050-1988-8978-9234-5980-49","HICP1320_CLU.olcc.lan","/subscriptions/bc602065-8f71-487b-9fa1-e872b4ce9a79/resourceGroups/rg-dcstratmig-prd-004/providers/Microsoft.OffAzure/HyperVSites/HYPV-DAL-AZ-VA1534site/clusters/hicp1320-clu-olcc-lan-31e1b8b3-0964-4bf3-b3c6-23cd3b478dfd","2025-02-14T18:19:34.2697207Z","Microsoft.Azure.PowerShell.Cmdlets.Migrate.Models.Api202001.IHyperVDisk[]","PaloAlto","Microsoft.Azure.PowerShell.Cmdlets.Migrate.Models.Api202001.IHealthErrorDetails[]","BIOS","1",,,,,"Yes","HICP1320E",,"/subscriptions/bc602065-8f71-487b-9fa1-e872b4ce9a79/resourceGroups/rg-dcstratmig-prd-004/providers/Microsoft.OffAzure/HyperVSites/HYPV-DAL-AZ-VA1534site/machines/ebdca2c2-a772-420d-94ca-6dc6b171b8a6","ebdca2c2-a772-420d-94ca-6dc6b171b8a6","False","False","True","Cluster","1048576","ebdca2c2-a772-420d-94ca-6dc6b171b8a6","Microsoft.Azure.PowerShell.Cmdlets.Migrate.Models.Api202001.IHyperVNetworkAdapter[]","-1","4","PanOS","linuxguest","PanOS 8.1.0","Running","Microsoft.OffAzure/HyperVSites/machines","2025-02-18T13:51:30.8856259Z","C:\ClusterStorage\Volume10\PaloAlto\Virtual Machines\EBDCA2C2-A772-420D-94CA-6DC6B171B8A6.VMCX","DC02-PAFW-MFA","9.0"
"4096",,,,,,,,,,"E1BDDD41-C373-4C0F-AE45-D4CB788E7F54","4148-2622-1414-5510-9840-3683-92","HICP1320_CLU.olcc.lan","/subscriptions/bc602065-8f71-487b-9fa1-e872b4ce9a79/resourceGroups/rg-dcstratmig-prd-004/providers/Microsoft.OffAzure/HyperVSites/HYPV-DAL-AZ-VA1534site/clusters/hicp1320-clu-olcc-lan-31e1b8b3-0964-4bf3-b3c6-23cd3b478dfd","2025-02-14T18:19:34.5821915Z","Microsoft.Azure.PowerShell.Cmdlets.Migrate.Models.Api202001.IHyperVDisk[]","HICQ2340A","Microsoft.Azure.PowerShell.Cmdlets.Migrate.Models.Api202001.IHealthErrorDetails[]","UEFI","2","2/18/2025 1:50:14 PM","Microsoft Windows Server 2022 Standard","Windows","10.0.20348","Yes","HICP1320F",,"/subscriptions/bc602065-8f71-487b-9fa1-e872b4ce9a79/resourceGroups/rg-dcstratmig-prd-004/providers/Microsoft.OffAzure/HyperVSites/HYPV-DAL-AZ-VA1534site/machines/2515ee5c-ae69-4dee-893f-6f0d22caae9e","2515ee5c-ae69-4dee-893f-6f0d22caae9e","False","False","False","Cluster","1048576","2515ee5c-ae69-4dee-893f-6f0d22caae9e","Microsoft.Azure.PowerShell.Cmdlets.Migrate.Models.Api202001.IHyperVNetworkAdapter[]","17","2","Windows Server 2022 Standard","windowsguest","10.0.20348","Running","Microsoft.OffAzure/HyperVSites/machines","2025-02-18T13:52:28.9012907Z","C:\ClusterStorage\Volume10\HICQ2340A\Virtual Machines\2515EE5C-AE69-4DEE-893F-6F0D22CAAE9E.VMCX","HICQ2340A.olcc.lan","9.0"
"6144",,,,,,,,,,"F18EAF14-4B69-42A9-9DB0-C872D70875A4","9157-6396-3117-5783-2876-5958-21","HICP1320_CLU.olcc.lan","/subscriptions/bc602065-8f71-487b-9fa1-e872b4ce9a79/resourceGroups/rg-dcstratmig-prd-004/providers/Microsoft.OffAzure/HyperVSites/HYPV-DAL-AZ-VA1534site/clusters/hicp1320-clu-olcc-lan-31e1b8b3-0964-4bf3-b3c6-23cd3b478dfd","2025-02-14T18:19:34.8791193Z","Microsoft.Azure.PowerShell.Cmdlets.Migrate.Models.Api202001.IHyperVDisk[]","HICQ2224B","Microsoft.Azure.PowerShell.Cmdlets.Migrate.Models.Api202001.IHealthErrorDetails[]","UEFI","2","2/18/2025 1:50:12 PM","Microsoft Windows Server 2019 Standard","Windows","10.0.17763","Yes","HICP1320C",,"/subscriptions/bc602065-8f71-487b-9fa1-e872b4ce9a79/resourceGroups/rg-dcstratmig-prd-004/providers/Microsoft.OffAzure/HyperVSites/HYPV-DAL-AZ-VA1534site/machines/6bae73c4-36b1-43b6-b860-805bb56074e3","6bae73c4-36b1-43b6-b860-805bb56074e3","False","False","False","Cluster","1048576","6bae73c4-36b1-43b6-b860-805bb56074e3","Microsoft.Azure.PowerShell.Cmdlets.Migrate.Models.Api202001.IHyperVNetworkAdapter[]","40","2","Windows Server 2019 Standard","windowsguest","10.0.17763","Running","Microsoft.OffAzure/HyperVSites/machines","2025-02-18T13:51:25.3231126Z","C:\ClusterStorage\Volume8\HICQ2224B\Virtual Machines\6BAE73C4-36B1-43B6-B860-805BB56074E3.VMCX","HICQ2224B.olcc.lan","9.0"
"32768",,,,,,,,,,"965956B2-6B30-49CA-9C1B-5119523A2572","9284-5400-9834-6487-3579-6490-13","HICP1320_CLU.olcc.lan","/subscriptions/bc602065-8f71-487b-9fa1-e872b4ce9a79/resourceGroups/rg-dcstratmig-prd-004/providers/Microsoft.OffAzure/HyperVSites/HYPV-DAL-AZ-VA1534site/clusters/hicp1320-clu-olcc-lan-31e1b8b3-0964-4bf3-b3c6-23cd3b478dfd","2025-02-14T18:19:35.1447396Z","Microsoft.Azure.PowerShell.Cmdlets.Migrate.Models.Api202001.IHyperVDisk[]","FLOLVSQLPRD24","Microsoft.Azure.PowerShell.Cmdlets.Migrate.Models.Api202001.IHealthErrorDetails[]","UEFI","2",,,,,"Yes","HICP1320C",,"/subscriptions/bc602065-8f71-487b-9fa1-e872b4ce9a79/resourceGroups/rg-dcstratmig-prd-004/providers/Microsoft.OffAzure/HyperVSites/HYPV-DAL-AZ-VA1534site/machines/436b051f-cc29-40f6-a23b-a3a6b7b8d05d","436b051f-cc29-40f6-a23b-a3a6b7b8d05d","False","False","True","Cluster","1048576","436b051f-cc29-40f6-a23b-a3a6b7b8d05d","Microsoft.Azure.PowerShell.Cmdlets.Migrate.Models.Api202001.IHyperVNetworkAdapter[]","-1","4",,"otherguestfamily",,"PowerOff","Microsoft.OffAzure/HyperVSites/machines","2025-02-18T13:51:50.2918678Z","C:\ClusterStorage\volume9\atlanta_replication\Hyper-V Replica\Virtual Machines\436B051F-CC29-40F6-A23B-A3A6B7B8D05D.VMCX","","9.0"
"4096",,,,,,,,,,"C11C3A1E-BEA7-4AA1-8798-4646ECCBC3A7","2677-8151-8769-0080-1774-9924-97","HICP1320_CLU.olcc.lan","/subscriptions/bc602065-8f71-487b-9fa1-e872b4ce9a79/resourceGroups/rg-dcstratmig-prd-004/providers/Microsoft.OffAzure/HyperVSites/HYPV-DAL-AZ-VA1534site/clusters/hicp1320-clu-olcc-lan-31e1b8b3-0964-4bf3-b3c6-23cd3b478dfd","2025-02-14T18:19:35.4416185Z","Microsoft.Azure.PowerShell.Cmdlets.Migrate.Models.Api202001.IHyperVDisk[]","HICD2227","Microsoft.Azure.PowerShell.Cmdlets.Migrate.Models.Api202001.IHealthErrorDetails[]","UEFI","2","2/18/2025 1:51:07 PM","Microsoft Windows Server 2019 Standard","Windows","10.0.17763","Yes","HICP1320J",,"/subscriptions/bc602065-8f71-487b-9fa1-e872b4ce9a79/resourceGroups/rg-dcstratmig-prd-004/providers/Microsoft.OffAzure/HyperVSites/HYPV-DAL-AZ-VA1534site/machines/202a4ca9-5084-484d-997b-5072d4dc9fc1","202a4ca9-5084-484d-997b-5072d4dc9fc1","False","False","False","Cluster","1048576","202a4ca9-5084-484d-997b-5072d4dc9fc1","Microsoft.Azure.PowerShell.Cmdlets.Migrate.Models.Api202001.IHyperVNetworkAdapter[]","4","2",,"otherguestfamily",,"PowerOff","Microsoft.OffAzure/HyperVSites/machines","2025-02-19T15:19:05.4481532Z","C:\ClusterStorage\Volume6\HICD2227\Virtual Machines\202A4CA9-5084-484D-997B-5072D4DC9FC1.VMCX","","9.0"
"4096",,,,,,,,,,"18FCECAB-0966-4B4A-B549-5DDB4EC885BA","3937-2309-1093-3891-3118-7915-78","HICP1320_CLU.olcc.lan","/subscriptions/bc602065-8f71-487b-9fa1-e872b4ce9a79/resourceGroups/rg-dcstratmig-prd-004/providers/Microsoft.OffAzure/HyperVSites/HYPV-DAL-AZ-VA1534site/clusters/hicp1320-clu-olcc-lan-31e1b8b3-0964-4bf3-b3c6-23cd3b478dfd","2025-02-14T18:19:35.7072402Z","Microsoft.Azure.PowerShell.Cmdlets.Migrate.Models.Api202001.IHyperVDisk[]","NP01-CTX01-ACQ","Microsoft.Azure.PowerShell.Cmdlets.Migrate.Models.Api202001.IHealthErrorDetails[]","BIOS","1",,,,,"Yes","HICP1320G",,"/subscriptions/bc602065-8f71-487b-9fa1-e872b4ce9a79/resourceGroups/rg-dcstratmig-prd-004/providers/Microsoft.OffAzure/HyperVSites/HYPV-DAL-AZ-VA1534site/machines/353ff031-19e1-4717-a50c-ca1d1da846a2","353ff031-19e1-4717-a50c-ca1d1da846a2","False","False","True","Cluster","65536","353ff031-19e1-4717-a50c-ca1d1da846a2","Microsoft.Azure.PowerShell.Cmdlets.Migrate.Models.Api202001.IHyperVNetworkAdapter[]","-1","4",,"otherguestfamily",,"PowerOff","Microsoft.OffAzure/HyperVSites/machines","2025-02-18T13:51:47.9950158Z","C:\ClusterStorage\Volume10\NP01-CTX01-ACQ\Virtual Machines\353FF031-19E1-4717-A50C-CA1D1DA846A2.VMCX","","9.0"
"8192",,,,,,,,,,"8B731C6C-D75E-4CC1-82DE-35A6108EAD56","4146-9065-9150-4815-5353-1062-40","HICP1320_CLU.olcc.lan","/subscriptions/bc602065-8f71-487b-9fa1-e872b4ce9a79/resourceGroups/rg-dcstratmig-prd-004/providers/Microsoft.OffAzure/HyperVSites/HYPV-DAL-AZ-VA1534site/clusters/hicp1320-clu-olcc-lan-31e1b8b3-0964-4bf3-b3c6-23cd3b478dfd","2025-02-14T18:19:36.0041121Z","Microsoft.Azure.PowerShell.Cmdlets.Migrate.Models.Api202001.IHyperVDisk[]","NP02-APP02-MVP","Microsoft.Azure.PowerShell.Cmdlets.Migrate.Models.Api202001.IHealthErrorDetails[]","BIOS","1","2/18/2025 1:50:40 PM","Microsoft Windows Server 2019 Datacenter","Windows","10.0.17763","Yes","HICP1320A",,"/subscriptions/bc602065-8f71-487b-9fa1-e872b4ce9a79/resourceGroups/rg-dcstratmig-prd-004/providers/Microsoft.OffAzure/HyperVSites/HYPV-DAL-AZ-VA1534site/machines/7fb14e30-6579-4fd9-abdf-c2ad862e8445","7fb14e30-6579-4fd9-abdf-c2ad862e8445","False","False","False","Cluster","65536","7fb14e30-6579-4fd9-abdf-c2ad862e8445","Microsoft.Azure.PowerShell.Cmdlets.Migrate.Models.Api202001.IHyperVNetworkAdapter[]","41","2","Windows Server 2019 Datacenter","windowsguest","10.0.17763","Running","Microsoft.OffAzure/HyperVSites/machines","2025-02-18T13:51:45.4793896Z","C:\ClusterStorage\Volume8\NP02-APP02-MVP\Virtual Machines\7FB14E30-6579-4FD9-ABDF-C2AD862E8445.VMCX","NP02-APP02-MVP.olcc.lan","9.0"
"8192",,,,,,,,,,"3EEB4374-8687-49B0-AE5A-52BDD04199E8","3484-5918-9565-3895-6680-0320-20","HICP1320_CLU.olcc.lan","/subscriptions/bc602065-8f71-487b-9fa1-e872b4ce9a79/resourceGroups/rg-dcstratmig-prd-004/providers/Microsoft.OffAzure/HyperVSites/HYPV-DAL-AZ-VA1534site/clusters/hicp1320-clu-olcc-lan-31e1b8b3-0964-4bf3-b3c6-23cd3b478dfd","2025-02-14T18:19:36.3009480Z","Microsoft.Azure.PowerShell.Cmdlets.Migrate.Models.Api202001.IHyperVDisk[]","NP04-WB01-PCI","Microsoft.Azure.PowerShell.Cmdlets.Migrate.Models.Api202001.IHealthErrorDetails[]","BIOS","1","2/18/2025 1:50:19 PM","Microsoft Windows Server 2019 Standard","Windows","10.0.17763","Yes","HICP1320C",,"/subscriptions/bc602065-8f71-487b-9fa1-e872b4ce9a79/resourceGroups/rg-dcstratmig-prd-004/providers/Microsoft.OffAzure/HyperVSites/HYPV-DAL-AZ-VA1534site/machines/5c9d4aba-c9e0-49cb-b1ca-e55f99fca1a0","5c9d4aba-c9e0-49cb-b1ca-e55f99fca1a0","False","False","False","Cluster","65536","5c9d4aba-c9e0-49cb-b1ca-e55f99fca1a0","Microsoft.Azure.PowerShell.Cmdlets.Migrate.Models.Api202001.IHyperVNetworkAdapter[]","41","2","Windows Server 2019 Standard","windowsguest","10.0.17763","Running","Microsoft.OffAzure/HyperVSites/machines","2025-02-18T13:51:29.1356321Z","C:\ClusterStorage\Volume8\NP04-WB01-PCI\Virtual Machines\5C9D4ABA-C9E0-49CB-B1CA-E55F99FCA1A0.VMCX","NP04-WB01-PCI.olcc.lan","9.0"
"4096",,,,,,,,,,"870311E8-9125-4B3E-AE7F-C00D2BC1523A","5963-4236-9771-3739-9274-8169-60","HICP1320_CLU.olcc.lan","/subscriptions/bc602065-8f71-487b-9fa1-e872b4ce9a79/resourceGroups/rg-dcstratmig-prd-004/providers/Microsoft.OffAzure/HyperVSites/HYPV-DAL-AZ-VA1534site/clusters/hicp1320-clu-olcc-lan-31e1b8b3-0964-4bf3-b3c6-23cd3b478dfd","2025-02-14T18:19:37.1447186Z","Microsoft.Azure.PowerShell.Cmdlets.Migrate.Models.Api202001.IHyperVDisk[]","DAL_RHEL82_CloneTemplate","Microsoft.Azure.PowerShell.Cmdlets.Migrate.Models.Api202001.IHealthErrorDetails[]","UEFI","2",,,,,"Yes","HICP1320F",,"/subscriptions/bc602065-8f71-487b-9fa1-e872b4ce9a79/resourceGroups/rg-dcstratmig-prd-004/providers/Microsoft.OffAzure/HyperVSites/HYPV-DAL-AZ-VA1534site/machines/ba3b6b7c-f724-4c3c-9257-3fb9f40d9589","ba3b6b7c-f724-4c3c-9257-3fb9f40d9589","False","False","True","Cluster","1048576","ba3b6b7c-f724-4c3c-9257-3fb9f40d9589","Microsoft.Azure.PowerShell.Cmdlets.Migrate.Models.Api202001.IHyperVNetworkAdapter[]","-1","2",,"otherguestfamily",,"PowerOff","Microsoft.OffAzure/HyperVSites/machines","2025-02-18T13:52:02.9794178Z","C:\ClusterStorage\Volume10\DAL_RHEL82_CloneTemplate\Virtual Machines\BA3B6B7C-F724-4C3C-9257-3FB9F40D9589.VMCX","","9.0"
"8192",,,,,,,,,,"0C49248A-57F7-4810-BCBC-629974A77794","6954-8543-9325-3892-5205-6455-05","HICP1320_CLU.olcc.lan","/subscriptions/bc602065-8f71-487b-9fa1-e872b4ce9a79/resourceGroups/rg-dcstratmig-prd-004/providers/Microsoft.OffAzure/HyperVSites/HYPV-DAL-AZ-VA1534site/clusters/hicp1320-clu-olcc-lan-31e1b8b3-0964-4bf3-b3c6-23cd3b478dfd","2025-02-14T18:19:37.3947521Z","Microsoft.Azure.PowerShell.Cmdlets.Migrate.Models.Api202001.IHyperVDisk[]","HICD2361","Microsoft.Azure.PowerShell.Cmdlets.Migrate.Models.Api202001.IHealthErrorDetails[]","UEFI","2","2/18/2025 1:50:17 PM","Microsoft Windows Server 2019 Standard","Windows","10.0.17763","Yes","HICP1320B",,"/subscriptions/bc602065-8f71-487b-9fa1-e872b4ce9a79/resourceGroups/rg-dcstratmig-prd-004/providers/Microsoft.OffAzure/HyperVSites/HYPV-DAL-AZ-VA1534site/machines/a114e0df-88b4-428c-814b-3c5793dc87ca","a114e0df-88b4-428c-814b-3c5793dc87ca","False","False","False","Cluster","1048576","a114e0df-88b4-428c-814b-3c5793dc87ca","Microsoft.Azure.PowerShell.Cmdlets.Migrate.Models.Api202001.IHyperVNetworkAdapter[]","25","8","Windows Server 2019 Standard","windowsguest","10.0.17763","Running","Microsoft.OffAzure/HyperVSites/machines","2025-02-18T13:52:29.6512979Z","C:\ClusterStorage\Volume6\HICD2361\Virtual Machines\A114E0DF-88B4-428C-814B-3C5793DC87CA.VMCX","HICD2361.olcc.lan","9.0"
"4096",,,,,,,,,,"5E2863DC-4617-4D6E-B177-3CD047315AA9","6768-1196-0452-5279-2775-2276-06","HICP1320_CLU.olcc.lan","/subscriptions/bc602065-8f71-487b-9fa1-e872b4ce9a79/resourceGroups/rg-dcstratmig-prd-004/providers/Microsoft.OffAzure/HyperVSites/HYPV-DAL-AZ-VA1534site/clusters/hicp1320-clu-olcc-lan-31e1b8b3-0964-4bf3-b3c6-23cd3b478dfd","2025-02-14T18:19:37.6603841Z","Microsoft.Azure.PowerShell.Cmdlets.Migrate.Models.Api202001.IHyperVDisk[]","HICD2382","Microsoft.Azure.PowerShell.Cmdlets.Migrate.Models.Api202001.IHealthErrorDetails[]","UEFI","2","2/18/2025 1:51:02 PM","Microsoft Windows Server 2019 Standard","Windows","10.0.17763","Yes","HICP1320K",,"/subscriptions/bc602065-8f71-487b-9fa1-e872b4ce9a79/resourceGroups/rg-dcstratmig-prd-004/providers/Microsoft.OffAzure/HyperVSites/HYPV-DAL-AZ-VA1534site/machines/736cb44f-a1c2-4c56-8942-94285ea14604","736cb44f-a1c2-4c56-8942-94285ea14604","False","False","False","Cluster","1048576","736cb44f-a1c2-4c56-8942-94285ea14604","Microsoft.Azure.PowerShell.Cmdlets.Migrate.Models.Api202001.IHyperVNetworkAdapter[]","14","2","Windows Server 2019 Standard","windowsguest","10.0.17763","Running","Microsoft.OffAzure/HyperVSites/machines","2025-02-19T13:50:10.0035949Z","C:\ClusterStorage\Volume10\HICD2382\Virtual Machines\736CB44F-A1C2-4C56-8942-94285EA14604.VMCX","HICD2382.olcc.lan","9.0"
"8192",,,,,,,,,,"85F769B4-1B9D-426E-9D15-4D00A6BB08DC","6447-5852-6692-6191-1742-9722-80","HICP1320_CLU.olcc.lan","/subscriptions/bc602065-8f71-487b-9fa1-e872b4ce9a79/resourceGroups/rg-dcstratmig-prd-004/providers/Microsoft.OffAzure/HyperVSites/HYPV-DAL-AZ-VA1534site/clusters/hicp1320-clu-olcc-lan-31e1b8b3-0964-4bf3-b3c6-23cd3b478dfd","2025-02-14T18:19:37.9259965Z","Microsoft.Azure.PowerShell.Cmdlets.Migrate.Models.Api202001.IHyperVDisk[]","HICP7050","Microsoft.Azure.PowerShell.Cmdlets.Migrate.Models.Api202001.IHealthErrorDetails[]","UEFI","2",,,,,"Yes","HICP1320D",,"/subscriptions/bc602065-8f71-487b-9fa1-e872b4ce9a79/resourceGroups/rg-dcstratmig-prd-004/providers/Microsoft.OffAzure/HyperVSites/HYPV-DAL-AZ-VA1534site/machines/7670e755-deb7-42c6-bd3f-742df668690a","7670e755-deb7-42c6-bd3f-742df668690a","False","False","True","Cluster","1048576","7670e755-deb7-42c6-bd3f-742df668690a","Microsoft.Azure.PowerShell.Cmdlets.Migrate.Models.Api202001.IHyperVNetworkAdapter[]","-1","4",,"otherguestfamily",,"PowerOff","Microsoft.OffAzure/HyperVSites/machines","2025-02-18T13:51:28.6200058Z","C:\ClusterStorage\volume9\atlanta_replication\Hyper-V Replica\Virtual Machines\7670E755-DEB7-42C6-BD3F-742DF668690A.VMCX","","9.0"
"4096",,,,,,,,,,"D307EDD4-A114-4D22-AEB3-4384E390E2D6","4851-3242-1791-6030-4660-9705-29","HICP1320_CLU.olcc.lan","/subscriptions/bc602065-8f71-487b-9fa1-e872b4ce9a79/resourceGroups/rg-dcstratmig-prd-004/providers/Microsoft.OffAzure/HyperVSites/HYPV-DAL-AZ-VA1534site/clusters/hicp1320-clu-olcc-lan-31e1b8b3-0964-4bf3-b3c6-23cd3b478dfd","2025-02-14T18:19:38.1916331Z","Microsoft.Azure.PowerShell.Cmdlets.Migrate.Models.Api202001.IHyperVDisk[]","HICD2295","Microsoft.Azure.PowerShell.Cmdlets.Migrate.Models.Api202001.IHealthErrorDetails[]","UEFI","2",,,,,"Yes","HICP1320K",,"/subscriptions/bc602065-8f71-487b-9fa1-e872b4ce9a79/resourceGroups/rg-dcstratmig-prd-004/providers/Microsoft.OffAzure/HyperVSites/HYPV-DAL-AZ-VA1534site/machines/4556f10c-8029-4910-bad3-3176173e0e78","4556f10c-8029-4910-bad3-3176173e0e78","False","False","True","Cluster","1048576","4556f10c-8029-4910-bad3-3176173e0e78","Microsoft.Azure.PowerShell.Cmdlets.Migrate.Models.Api202001.IHyperVNetworkAdapter[]","-1","2","Windows Server 2022 Standard","windowsguest","10.0.20348","Running","Microsoft.OffAzure/HyperVSites/machines","2025-02-18T13:51:49.5106513Z","C:\ClusterStorage\Volume5\HICD2295\Virtual Machines\4556F10C-8029-4910-BAD3-3176173E0E78.VMCX","HICD2295.hicvdev.olcc.lan","9.0"
"4096",,,,,,,,,,"732BF8FF-9A5C-4108-A5CA-4D941D9B9247","2627-6568-2689-5923-0328-6527-86","HICP1320_CLU.olcc.lan","/subscriptions/bc602065-8f71-487b-9fa1-e872b4ce9a79/resourceGroups/rg-dcstratmig-prd-004/providers/Microsoft.OffAzure/HyperVSites/HYPV-DAL-AZ-VA1534site/clusters/hicp1320-clu-olcc-lan-31e1b8b3-0964-4bf3-b3c6-23cd3b478dfd","2025-02-14T18:19:38.4416409Z","Microsoft.Azure.PowerShell.Cmdlets.Migrate.Models.Api202001.IHyperVDisk[]","DAL_RockyLinux9_Template","Microsoft.Azure.PowerShell.Cmdlets.Migrate.Models.Api202001.IHealthErrorDetails[]","BIOS","1",,,,,"Yes","HICP1320G",,"/subscriptions/bc602065-8f71-487b-9fa1-e872b4ce9a79/resourceGroups/rg-dcstratmig-prd-004/providers/Microsoft.OffAzure/HyperVSites/HYPV-DAL-AZ-VA1534site/machines/e7247317-861c-4505-89ec-07ed3799a3ee","e7247317-861c-4505-89ec-07ed3799a3ee","False","False","True","Cluster","1048576","e7247317-861c-4505-89ec-07ed3799a3ee","Microsoft.Azure.PowerShell.Cmdlets.Migrate.Models.Api202001.IHyperVNetworkAdapter[]","-1","2",,"otherguestfamily",,"PowerOff","Microsoft.OffAzure/HyperVSites/machines","2025-02-18T13:52:13.8388155Z","C:\ClusterStorage\Volume8\DAL_RockyLinux9_Template\Virtual Machines\E7247317-861C-4505-89EC-07ED3799A3EE.VMCX","","9.0"
"16384",,,,,,,,,,"7C3E7777-E056-4083-9F97-83B644B91169","5205-8532-0447-1875-7945-8688-57","HICP1320_CLU.olcc.lan","/subscriptions/bc602065-8f71-487b-9fa1-e872b4ce9a79/resourceGroups/rg-dcstratmig-prd-004/providers/Microsoft.OffAzure/HyperVSites/HYPV-DAL-AZ-VA1534site/clusters/hicp1320-clu-olcc-lan-31e1b8b3-0964-4bf3-b3c6-23cd3b478dfd","2025-02-14T18:19:38.7228782Z","Microsoft.Azure.PowerShell.Cmdlets.Migrate.Models.Api202001.IHyperVDisk[]","HICD2181","Microsoft.Azure.PowerShell.Cmdlets.Migrate.Models.Api202001.IHealthErrorDetails[]","UEFI","2","2/19/2025 1:49:53 PM","Microsoft Windows Server 2016 Standard","Windows","10.0.14393","Yes","HICP1320D",,"/subscriptions/bc602065-8f71-487b-9fa1-e872b4ce9a79/resourceGroups/rg-dcstratmig-prd-004/providers/Microsoft.OffAzure/HyperVSites/HYPV-DAL-AZ-VA1534site/machines/e26f500b-3b2e-4588-9652-215c6f8282b3","e26f500b-3b2e-4588-9652-215c6f8282b3","False","False","False","Cluster","1048576","e26f500b-3b2e-4588-9652-215c6f8282b3","Microsoft.Azure.PowerShell.Cmdlets.Migrate.Models.Api202001.IHyperVNetworkAdapter[]","26","2","Windows Server 2016 Standard","windowsguest","10.0.14393","Running","Microsoft.OffAzure/HyperVSites/machines","2025-02-19T13:49:53.6709474Z","C:\ClusterStorage\Volume6\HICD2181\Virtual Machines\E26F500B-3B2E-4588-9652-215C6F8282B3.VMCX","HICD2181.olcc.lan","9.0"
"4096",,,,,,,,,,"4E87C341-86BD-42B8-A901-44B06ADEEB9A","8721-5127-4639-6494-5915-2810-33","HICP1320_CLU.olcc.lan","/subscriptions/bc602065-8f71-487b-9fa1-e872b4ce9a79/resourceGroups/rg-dcstratmig-prd-004/providers/Microsoft.OffAzure/HyperVSites/HYPV-DAL-AZ-VA1534site/clusters/hicp1320-clu-olcc-lan-31e1b8b3-0964-4bf3-b3c6-23cd3b478dfd","2025-02-14T18:19:38.9885096Z","Microsoft.Azure.PowerShell.Cmdlets.Migrate.Models.Api202001.IHyperVDisk[]","HICD2225A","Microsoft.Azure.PowerShell.Cmdlets.Migrate.Models.Api202001.IHealthErrorDetails[]","UEFI","2","2/19/2025 1:50:09 PM","Microsoft Windows Server 2019 Standard","Windows","10.0.17763","Yes","HICP1320B",,"/subscriptions/bc602065-8f71-487b-9fa1-e872b4ce9a79/resourceGroups/rg-dcstratmig-prd-004/providers/Microsoft.OffAzure/HyperVSites/HYPV-DAL-AZ-VA1534site/machines/3a55faea-b413-4cd7-b98c-6d86d71e0c30","3a55faea-b413-4cd7-b98c-6d86d71e0c30","False","False","False","Cluster","1048576","3a55faea-b413-4cd7-b98c-6d86d71e0c30","Microsoft.Azure.PowerShell.Cmdlets.Migrate.Models.Api202001.IHyperVNetworkAdapter[]","21","2","Windows Server 2019 Standard","windowsguest","10.0.17763","Running","Microsoft.OffAzure/HyperVSites/machines","2025-02-19T13:50:22.0382184Z","C:\ClusterStorage\Volume5\HICD2225A\Virtual Machines\3A55FAEA-B413-4CD7-B98C-6D86D71E0C30.VMCX","HICD2225A.olcc.lan","9.0"
"4096",,,,,,,,,,"93A33D2B-D26A-4F59-893A-E6D8F877C233","2512-3676-2552-9043-4549-5814-91","HICP1320_CLU.olcc.lan","/subscriptions/bc602065-8f71-487b-9fa1-e872b4ce9a79/resourceGroups/rg-dcstratmig-prd-004/providers/Microsoft.OffAzure/HyperVSites/HYPV-DAL-AZ-VA1534site/clusters/hicp1320-clu-olcc-lan-31e1b8b3-0964-4bf3-b3c6-23cd3b478dfd","2025-02-14T18:19:39.2855345Z","Microsoft.Azure.PowerShell.Cmdlets.Migrate.Models.Api202001.IHyperVDisk[]","HICD2340A","Microsoft.Azure.PowerShell.Cmdlets.Migrate.Models.Api202001.IHealthErrorDetails[]","UEFI","2","2/18/2025 1:50:56 PM","Microsoft Windows Server 2022 Standard","Windows","10.0.20348","Yes","HICP1320B",,"/subscriptions/bc602065-8f71-487b-9fa1-e872b4ce9a79/resourceGroups/rg-dcstratmig-prd-004/providers/Microsoft.OffAzure/HyperVSites/HYPV-DAL-AZ-VA1534site/machines/46438b38-86dc-44b8-9da6-15906ee1ef65","46438b38-86dc-44b8-9da6-15906ee1ef65","False","False","False","Cluster","1048576","46438b38-86dc-44b8-9da6-15906ee1ef65","Microsoft.Azure.PowerShell.Cmdlets.Migrate.Models.Api202001.IHyperVNetworkAdapter[]","24","2","Windows Server 2022 Standard","windowsguest","10.0.20348","Running","Microsoft.OffAzure/HyperVSites/machines","2025-02-18T13:52:36.1825838Z","C:\ClusterStorage\Volume8\HICD2340A\Virtual Machines\46438B38-86DC-44B8-9DA6-15906EE1EF65.VMCX","HICD2340A.olcc.lan","9.0"
"16384",,,,,,,,,,"7C3E7777-E056-4083-9F97-83B644B91169","5205-8532-0447-1875-7945-8688-57","HICP1320_CLU.olcc.lan","/subscriptions/bc602065-8f71-487b-9fa1-e872b4ce9a79/resourceGroups/rg-dcstratmig-prd-004/providers/Microsoft.OffAzure/HyperVSites/HYPV-DAL-AZ-VA1534site/clusters/hicp1320-clu-olcc-lan-31e1b8b3-0964-4bf3-b3c6-23cd3b478dfd","2025-02-14T18:19:39.5978405Z","Microsoft.Azure.PowerShell.Cmdlets.Migrate.Models.Api202001.IHyperVDisk[]","HICQ2181B","Microsoft.Azure.PowerShell.Cmdlets.Migrate.Models.Api202001.IHealthErrorDetails[]","UEFI","2","2/18/2025 1:51:08 PM","Microsoft Windows Server 2016 Standard","Windows","10.0.14393","Yes","HICP1320H",,"/subscriptions/bc602065-8f71-487b-9fa1-e872b4ce9a79/resourceGroups/rg-dcstratmig-prd-004/providers/Microsoft.OffAzure/HyperVSites/HYPV-DAL-AZ-VA1534site/machines/c683073a-fb81-4aa0-ac08-6ae0e8bc1d36","c683073a-fb81-4aa0-ac08-6ae0e8bc1d36","False","False","False","Cluster","1048576","c683073a-fb81-4aa0-ac08-6ae0e8bc1d36","Microsoft.Azure.PowerShell.Cmdlets.Migrate.Models.Api202001.IHyperVNetworkAdapter[]","23","4","Windows Server 2016 Standard","windowsguest","10.0.14393","Running","Microsoft.OffAzure/HyperVSites/machines","2025-02-19T13:50:09.5036059Z","C:\ClusterStorage\Volume10\HICQ2181B\Virtual Machines\C683073A-FB81-4AA0-AC08-6AE0E8BC1D36.VMCX","HICQ2181B.olcc.lan","9.0"
"4096",,,,,,,,,,"4E87C341-86BD-42B8-A901-44B06ADEEB9A","8721-5127-4639-6494-5915-2810-33","HICP1320_CLU.olcc.lan","/subscriptions/bc602065-8f71-487b-9fa1-e872b4ce9a79/resourceGroups/rg-dcstratmig-prd-004/providers/Microsoft.OffAzure/HyperVSites/HYPV-DAL-AZ-VA1534site/clusters/hicp1320-clu-olcc-lan-31e1b8b3-0964-4bf3-b3c6-23cd3b478dfd","2025-02-14T18:19:39.8635116Z","Microsoft.Azure.PowerShell.Cmdlets.Migrate.Models.Api202001.IHyperVDisk[]","HICQ8517B","Microsoft.Azure.PowerShell.Cmdlets.Migrate.Models.Api202001.IHealthErrorDetails[]","UEFI","2","2/18/2025 1:51:21 PM","Microsoft Windows Server 2019 Standard","Windows","10.0.17763","Yes","HICP1320D",,"/subscriptions/bc602065-8f71-487b-9fa1-e872b4ce9a79/resourceGroups/rg-dcstratmig-prd-004/providers/Microsoft.OffAzure/HyperVSites/HYPV-DAL-AZ-VA1534site/machines/9ff60bbc-15e7-4926-9eef-96592bd1e155","9ff60bbc-15e7-4926-9eef-96592bd1e155","False","False","False","Cluster","1048576","9ff60bbc-15e7-4926-9eef-96592bd1e155","Microsoft.Azure.PowerShell.Cmdlets.Migrate.Models.Api202001.IHyperVNetworkAdapter[]","21","2","Windows Server 2019 Standard","windowsguest","10.0.17763","Running","Microsoft.OffAzure/HyperVSites/machines","2025-02-18T13:52:39.9950932Z","C:\ClusterStorage\Volume5\HICQ8517B\Virtual Machines\9FF60BBC-15E7-4926-9EEF-96592BD1E155.VMCX","HICQ8517B.olcc.lan","9.0"
"16384",,,,,,,,,,"EAEE329A-1DCF-4A44-BFDB-D3C7C3C43B80","3046-6123-1220-6456-6414-5310-18","HICP1320_CLU.olcc.lan","/subscriptions/bc602065-8f71-487b-9fa1-e872b4ce9a79/resourceGroups/rg-dcstratmig-prd-004/providers/Microsoft.OffAzure/HyperVSites/HYPV-DAL-AZ-VA1534site/clusters/hicp1320-clu-olcc-lan-31e1b8b3-0964-4bf3-b3c6-23cd3b478dfd","2025-02-14T18:19:40.1135068Z","Microsoft.Azure.PowerShell.Cmdlets.Migrate.Models.Api202001.IHyperVDisk[]","NP01-SAP01-BO","Microsoft.Azure.PowerShell.Cmdlets.Migrate.Models.Api202001.IHealthErrorDetails[]","BIOS","1","2/18/2025 1:50:21 PM","Microsoft Windows Server 2012 R2 Standard","Windows","6.3.9600","Yes","HICP1320C",,"/subscriptions/bc602065-8f71-487b-9fa1-e872b4ce9a79/resourceGroups/rg-dcstratmig-prd-004/providers/Microsoft.OffAzure/HyperVSites/HYPV-DAL-AZ-VA1534site/machines/1e60816c-670b-4d39-bf59-5e23de73e7d8","1e60816c-670b-4d39-bf59-5e23de73e7d8","False","False","False","Cluster","65536","1e60816c-670b-4d39-bf59-5e23de73e7d8","Microsoft.Azure.PowerShell.Cmdlets.Migrate.Models.Api202001.IHyperVNetworkAdapter[]","1310","4","Windows Server 2012 R2 Standard","windowsguest","6.3.9600","Running","Microsoft.OffAzure/HyperVSites/machines","2025-02-18T13:51:32.1512454Z","C:\ClusterStorage\Volume5\NP01-SAP01-BO\Virtual Machines\1E60816C-670B-4D39-BF59-5E23DE73E7D8.VMCX","NP01-SAP01-BO.olcc.lan","9.0"
"32768",,,,,,,,,,"7083C9C6-EC25-4212-9821-43772009795E","6258-8429-3826-0093-4226-8017-53","HICP1320_CLU.olcc.lan","/subscriptions/bc602065-8f71-487b-9fa1-e872b4ce9a79/resourceGroups/rg-dcstratmig-prd-004/providers/Microsoft.OffAzure/HyperVSites/HYPV-DAL-AZ-VA1534site/clusters/hicp1320-clu-olcc-lan-31e1b8b3-0964-4bf3-b3c6-23cd3b478dfd","2025-02-14T18:19:40.3634802Z","Microsoft.Azure.PowerShell.Cmdlets.Migrate.Models.Api202001.IHyperVDisk[]","HICP0050B","Microsoft.Azure.PowerShell.Cmdlets.Migrate.Models.Api202001.IHealthErrorDetails[]","BIOS","1",,,,,"Yes","HICP1320F",,"/subscriptions/bc602065-8f71-487b-9fa1-e872b4ce9a79/resourceGroups/rg-dcstratmig-prd-004/providers/Microsoft.OffAzure/HyperVSites/HYPV-DAL-AZ-VA1534site/machines/cb5da733-4827-4560-bcfa-0bbfe52bf223","cb5da733-4827-4560-bcfa-0bbfe52bf223","False","False","True","Cluster","1048576","cb5da733-4827-4560-bcfa-0bbfe52bf223","Microsoft.Azure.PowerShell.Cmdlets.Migrate.Models.Api202001.IHyperVNetworkAdapter[]","-1","8","Flatcar Container Linux by Kinvolk","linuxguest","6.6.74","Running","Microsoft.OffAzure/HyperVSites/machines","2025-02-20T03:20:41.8484853Z","C:\ClusterStorage\Volume5\HICP0050B\Virtual Machines\CB5DA733-4827-4560-BCFA-0BBFE52BF223.VMCX","sailpoint-va","9.0"
"4096",,,,,,,,,,"870311E8-9125-4B3E-AE7F-C00D2BC1523A","5963-4236-9771-3739-9274-8169-60","HICP1320_CLU.olcc.lan","/subscriptions/bc602065-8f71-487b-9fa1-e872b4ce9a79/resourceGroups/rg-dcstratmig-prd-004/providers/Microsoft.OffAzure/HyperVSites/HYPV-DAL-AZ-VA1534site/clusters/hicp1320-clu-olcc-lan-31e1b8b3-0964-4bf3-b3c6-23cd3b478dfd","2025-02-14T18:19:40.6135072Z","Microsoft.Azure.PowerShell.Cmdlets.Migrate.Models.Api202001.IHyperVDisk[]","HICQ3902","Microsoft.Azure.PowerShell.Cmdlets.Migrate.Models.Api202001.IHealthErrorDetails[]","UEFI","2",,,,,"Yes","HICP1320H",,"/subscriptions/bc602065-8f71-487b-9fa1-e872b4ce9a79/resourceGroups/rg-dcstratmig-prd-004/providers/Microsoft.OffAzure/HyperVSites/HYPV-DAL-AZ-VA1534site/machines/20bb74c3-0520-4103-9dbb-db77d2bd5f8b","20bb74c3-0520-4103-9dbb-db77d2bd5f8b","False","False","True","Cluster","1048576","20bb74c3-0520-4103-9dbb-db77d2bd5f8b","Microsoft.Azure.PowerShell.Cmdlets.Migrate.Models.Api202001.IHyperVNetworkAdapter[]","-1","2","Red Hat Enterprise Linux","linuxguest","4.18.0","Running","Microsoft.OffAzure/HyperVSites/machines","2025-02-18T13:51:29.8856376Z","C:\ClusterStorage\Volume5\HICQ3902\Virtual Machines\20BB74C3-0520-4103-9DBB-DB77D2BD5F8B.VMCX","hicq3902","9.0"
"16384",,,,,,,,,,"52DB4B3E-31A8-45A1-B77F-9F89F99E5DA6","8028-8321-5314-5252-3910-5421-73","HICP1320_CLU.olcc.lan","/subscriptions/bc602065-8f71-487b-9fa1-e872b4ce9a79/resourceGroups/rg-dcstratmig-prd-004/providers/Microsoft.OffAzure/HyperVSites/HYPV-DAL-AZ-VA1534site/clusters/hicp1320-clu-olcc-lan-31e1b8b3-0964-4bf3-b3c6-23cd3b478dfd","2025-02-14T18:19:40.8649221Z","Microsoft.Azure.PowerShell.Cmdlets.Migrate.Models.Api202001.IHyperVDisk[]","HICP2283","Microsoft.Azure.PowerShell.Cmdlets.Migrate.Models.Api202001.IHealthErrorDetails[]","UEFI","2","2/18/2025 1:50:21 PM","Microsoft Windows Server 2019 Standard","Windows","10.0.17763","Yes","HICP1320E",,"/subscriptions/bc602065-8f71-487b-9fa1-e872b4ce9a79/resourceGroups/rg-dcstratmig-prd-004/providers/Microsoft.OffAzure/HyperVSites/HYPV-DAL-AZ-VA1534site/machines/431b68ec-957b-4888-af89-008d619f33a6","431b68ec-957b-4888-af89-008d619f33a6","False","False","False","Cluster","1048576","431b68ec-957b-4888-af89-008d619f33a6","Microsoft.Azure.PowerShell.Cmdlets.Migrate.Models.Api202001.IHyperVNetworkAdapter[]","26","4","Windows Server 2019 Standard","windowsguest","10.0.17763","Running","Microsoft.OffAzure/HyperVSites/machines","2025-02-20T03:20:42.0984447Z","C:\ClusterStorage\Volume10\HICP2283\Virtual Machines\431B68EC-957B-4888-AF89-008D619F33A6.VMCX","HICP2283.olcc.lan","9.0"
"8192",,,,,,,,,,"845B5229-F076-49EC-B7A6-636EA0910AC1","5649-8353-0305-2206-0368-5167-46","HICP1320_CLU.olcc.lan","/subscriptions/bc602065-8f71-487b-9fa1-e872b4ce9a79/resourceGroups/rg-dcstratmig-prd-004/providers/Microsoft.OffAzure/HyperVSites/HYPV-DAL-AZ-VA1534site/clusters/hicp1320-clu-olcc-lan-31e1b8b3-0964-4bf3-b3c6-23cd3b478dfd","2025-02-14T18:19:41.1149127Z","Microsoft.Azure.PowerShell.Cmdlets.Migrate.Models.Api202001.IHyperVDisk[]","DC01-PRNT-SVR02","Microsoft.Azure.PowerShell.Cmdlets.Migrate.Models.Api202001.IHealthErrorDetails[]","UEFI","2",,,,,"Yes","HICP1320A",,"/subscriptions/bc602065-8f71-487b-9fa1-e872b4ce9a79/resourceGroups/rg-dcstratmig-prd-004/providers/Microsoft.OffAzure/HyperVSites/HYPV-DAL-AZ-VA1534site/machines/b0acb4f3-2a70-48e1-80ba-f00620edd102","b0acb4f3-2a70-48e1-80ba-f00620edd102","False","False","True","Cluster","1048576","b0acb4f3-2a70-48e1-80ba-f00620edd102","Microsoft.Azure.PowerShell.Cmdlets.Migrate.Models.Api202001.IHyperVNetworkAdapter[]","-1","4",,"otherguestfamily",,"PowerOff","Microsoft.OffAzure/HyperVSites/machines","2025-02-18T13:51:24.5731168Z","C:\ClusterStorage\volume9\atlanta_replication\Hyper-V Replica\Virtual Machines\B0ACB4F3-2A70-48E1-80BA-F00620EDD102.VMCX","","9.0"
"8192",,,,,,,,,,"75423455-1CBD-46BB-9CB7-72DC97496C7B","9604-7251-4167-1200-8034-1201-00","HICP1320_CLU.olcc.lan","/subscriptions/bc602065-8f71-487b-9fa1-e872b4ce9a79/resourceGroups/rg-dcstratmig-prd-004/providers/Microsoft.OffAzure/HyperVSites/HYPV-DAL-AZ-VA1534site/clusters/hicp1320-clu-olcc-lan-31e1b8b3-0964-4bf3-b3c6-23cd3b478dfd","2025-02-14T18:19:41.3649138Z","Microsoft.Azure.PowerShell.Cmdlets.Migrate.Models.Api202001.IHyperVDisk[]","OpsTestServerDAL","Microsoft.Azure.PowerShell.Cmdlets.Migrate.Models.Api202001.IHealthErrorDetails[]","UEFI","2","2/18/2025 1:50:36 PM","Microsoft Windows Server 2019 Standard","Windows","10.0.17763","Yes","HICP1320D",,"/subscriptions/bc602065-8f71-487b-9fa1-e872b4ce9a79/resourceGroups/rg-dcstratmig-prd-004/providers/Microsoft.OffAzure/HyperVSites/HYPV-DAL-AZ-VA1534site/machines/81d0f5e9-fede-41f0-bb2b-28235f07ca66","81d0f5e9-fede-41f0-bb2b-28235f07ca66","False","False","False","Cluster","1048576","81d0f5e9-fede-41f0-bb2b-28235f07ca66","Microsoft.Azure.PowerShell.Cmdlets.Migrate.Models.Api202001.IHyperVNetworkAdapter[]","18","4","Windows Server 2019 Standard","windowsguest","10.0.17763","Running","Microsoft.OffAzure/HyperVSites/machines","2025-02-18T13:50:36.6180386Z","C:\ClusterStorage\Volume8\OpsTestServerDAL\Virtual Machines\81D0F5E9-FEDE-41F0-BB2B-28235F07CA66.VMCX","OpsTestServerDAL.olcc.lan","9.0"
"6144",,,,,,,,,,"03C3BA53-0FEC-4A21-A35B-FBA636A4C153","6225-6729-6406-1385-3707-3555-86","HICP1320_CLU.olcc.lan","/subscriptions/bc602065-8f71-487b-9fa1-e872b4ce9a79/resourceGroups/rg-dcstratmig-prd-004/providers/Microsoft.OffAzure/HyperVSites/HYPV-DAL-AZ-VA1534site/clusters/hicp1320-clu-olcc-lan-31e1b8b3-0964-4bf3-b3c6-23cd3b478dfd","2025-02-14T18:19:41.6149231Z","Microsoft.Azure.PowerShell.Cmdlets.Migrate.Models.Api202001.IHyperVDisk[]","HICD7151","Microsoft.Azure.PowerShell.Cmdlets.Migrate.Models.Api202001.IHealthErrorDetails[]","UEFI","2","2/19/2025 1:49:57 PM","Microsoft Windows Server 2019 Standard","Windows","10.0.17763","Yes","HICP1320D",,"/subscriptions/bc602065-8f71-487b-9fa1-e872b4ce9a79/resourceGroups/rg-dcstratmig-prd-004/providers/Microsoft.OffAzure/HyperVSites/HYPV-DAL-AZ-VA1534site/machines/f91c1a1d-d166-4061-acc2-5d4070bc72a5","f91c1a1d-d166-4061-acc2-5d4070bc72a5","False","False","False","Cluster","1048576","f91c1a1d-d166-4061-acc2-5d4070bc72a5","Microsoft.Azure.PowerShell.Cmdlets.Migrate.Models.Api202001.IHyperVNetworkAdapter[]","21","2","Windows Server 2019 Standard","windowsguest","10.0.17763","Running","Microsoft.OffAzure/HyperVSites/machines","2025-02-19T13:50:15.2692200Z","C:\ClusterStorage\Volume8\HICD7151\Virtual Machines\F91C1A1D-D166-4061-ACC2-5D4070BC72A5.VMCX","HICD7151.olcc.lan","9.0"
"2048",,,,,,,,,,"23F47E50-96FC-4C37-8AB6-952E8CEAF059","3239-2575-9941-4108-6867-5371-88","HICP1320_CLU.olcc.lan","/subscriptions/bc602065-8f71-487b-9fa1-e872b4ce9a79/resourceGroups/rg-dcstratmig-prd-004/providers/Microsoft.OffAzure/HyperVSites/HYPV-DAL-AZ-VA1534site/clusters/hicp1320-clu-olcc-lan-31e1b8b3-0964-4bf3-b3c6-23cd3b478dfd","2025-02-14T18:19:41.8656686Z","Microsoft.Azure.PowerShell.Cmdlets.Migrate.Models.Api202001.IHyperVDisk[]","OLSVNPRD","Microsoft.Azure.PowerShell.Cmdlets.Migrate.Models.Api202001.IHealthErrorDetails[]","BIOS","1",,,,,"Yes","HICP1320A",,"/subscriptions/bc602065-8f71-487b-9fa1-e872b4ce9a79/resourceGroups/rg-dcstratmig-prd-004/providers/Microsoft.OffAzure/HyperVSites/HYPV-DAL-AZ-VA1534site/machines/460c4ec5-d40b-454a-b5f7-e4dcc3b5734b","460c4ec5-d40b-454a-b5f7-e4dcc3b5734b","False","False","True","Cluster","65536","460c4ec5-d40b-454a-b5f7-e4dcc3b5734b","Microsoft.Azure.PowerShell.Cmdlets.Migrate.Models.Api202001.IHyperVNetworkAdapter[]","-1","1",,"otherguestfamily",,"PowerOff","Microsoft.OffAzure/HyperVSites/machines","2025-02-18T13:51:26.6043773Z","C:\ClusterStorage\volume9\atlanta_replication\Hyper-V Replica\Virtual Machines\460C4EC5-D40B-454A-B5F7-E4DCC3B5734B.VMCX","","9.0"
"4096",,,,,,,,,,"6349ED31-7789-411C-97E7-1548C1F55C7E","1612-5077-4359-4194-4526-3307-97","HICP1320_CLU.olcc.lan","/subscriptions/bc602065-8f71-487b-9fa1-e872b4ce9a79/resourceGroups/rg-dcstratmig-prd-004/providers/Microsoft.OffAzure/HyperVSites/HYPV-DAL-AZ-VA1534site/clusters/hicp1320-clu-olcc-lan-31e1b8b3-0964-4bf3-b3c6-23cd3b478dfd","2025-02-14T18:19:42.1342500Z","Microsoft.Azure.PowerShell.Cmdlets.Migrate.Models.Api202001.IHyperVDisk[]","NP01-APP01-VING","Microsoft.Azure.PowerShell.Cmdlets.Migrate.Models.Api202001.IHealthErrorDetails[]","BIOS","1","2/18/2025 1:50:37 PM","Microsoft Windows Server 2019 Standard","Windows","10.0.17763","Yes","HICP1320B",,"/subscriptions/bc602065-8f71-487b-9fa1-e872b4ce9a79/resourceGroups/rg-dcstratmig-prd-004/providers/Microsoft.OffAzure/HyperVSites/HYPV-DAL-AZ-VA1534site/machines/54d2be90-b99c-42f2-b930-e276e90b2f97","54d2be90-b99c-42f2-b930-e276e90b2f97","False","False","False","Cluster","65536","54d2be90-b99c-42f2-b930-e276e90b2f97","Microsoft.Azure.PowerShell.Cmdlets.Migrate.Models.Api202001.IHyperVNetworkAdapter[]","37","2","Windows Server 2019 Standard","windowsguest","10.0.17763","Running","Microsoft.OffAzure/HyperVSites/machines","2025-02-18T13:51:44.4637632Z","C:\ClusterStorage\Volume5\NP01-APP01-VING\Virtual Machines\54D2BE90-B99C-42F2-B930-E276E90B2F97.VMCX","NP01-APP01-VING.olcc.lan","9.0"
"4096",,,,,,,,,,"3987256F-AE74-4121-B6F0-2256D4E83B27","5376-2855-2750-0129-3407-6391-81","HICP1320_CLU.olcc.lan","/subscriptions/bc602065-8f71-487b-9fa1-e872b4ce9a79/resourceGroups/rg-dcstratmig-prd-004/providers/Microsoft.OffAzure/HyperVSites/HYPV-DAL-AZ-VA1534site/clusters/hicp1320-clu-olcc-lan-31e1b8b3-0964-4bf3-b3c6-23cd3b478dfd","2025-02-14T18:19:42.3686297Z","Microsoft.Azure.PowerShell.Cmdlets.Migrate.Models.Api202001.IHyperVDisk[]","OLPRDAPP1","Microsoft.Azure.PowerShell.Cmdlets.Migrate.Models.Api202001.IHealthErrorDetails[]","BIOS","1",,,,,"Yes","HICP1320B",,"/subscriptions/bc602065-8f71-487b-9fa1-e872b4ce9a79/resourceGroups/rg-dcstratmig-prd-004/providers/Microsoft.OffAzure/HyperVSites/HYPV-DAL-AZ-VA1534site/machines/29000af3-bd7a-4c83-8330-85ea016f64f8","29000af3-bd7a-4c83-8330-85ea016f64f8","False","False","True","Cluster","65536","29000af3-bd7a-4c83-8330-85ea016f64f8","Microsoft.Azure.PowerShell.Cmdlets.Migrate.Models.Api202001.IHyperVNetworkAdapter[]","-1","2",,"otherguestfamily",,"PowerOff","Microsoft.OffAzure/HyperVSites/machines","2025-02-18T13:52:07.9950475Z","C:\ClusterStorage\volume9\atlanta_replication\Hyper-V Replica\Virtual Machines\29000AF3-BD7A-4C83-8330-85EA016F64F8.VMCX","","9.0"
"4096",,,,,,,,,,"2F6E20D1-476B-4E6D-977F-3DF10D67F2C6","0855-2887-3130-9170-9554-6465-16","HICP1320_CLU.olcc.lan","/subscriptions/bc602065-8f71-487b-9fa1-e872b4ce9a79/resourceGroups/rg-dcstratmig-prd-004/providers/Microsoft.OffAzure/HyperVSites/HYPV-DAL-AZ-VA1534site/clusters/hicp1320-clu-olcc-lan-31e1b8b3-0964-4bf3-b3c6-23cd3b478dfd","2025-02-14T18:19:42.6194926Z","Microsoft.Azure.PowerShell.Cmdlets.Migrate.Models.Api202001.IHyperVDisk[]","HICQ2032","Microsoft.Azure.PowerShell.Cmdlets.Migrate.Models.Api202001.IHealthErrorDetails[]","UEFI","2","2/18/2025 1:50:18 PM","Microsoft Windows Server 2019 Standard","Windows","10.0.17763","Yes","HICP1320D",,"/subscriptions/bc602065-8f71-487b-9fa1-e872b4ce9a79/resourceGroups/rg-dcstratmig-prd-004/providers/Microsoft.OffAzure/HyperVSites/HYPV-DAL-AZ-VA1534site/machines/2a39e106-f455-4de7-898b-53998e2a933c","2a39e106-f455-4de7-898b-53998e2a933c","False","False","False","Cluster","1048576","2a39e106-f455-4de7-898b-53998e2a933c","Microsoft.Azure.PowerShell.Cmdlets.Migrate.Models.Api202001.IHyperVNetworkAdapter[]","14","2",,"otherguestfamily",,"PowerOff","Microsoft.OffAzure/HyperVSites/machines","2025-02-19T15:19:07.1981679Z","C:\ClusterStorage\Volume10\HICQ2032\Virtual Machines\2A39E106-F455-4DE7-898B-53998E2A933C.VMCX","","9.0"
"16384",,,,,,,,,,"3C750695-6951-4D5C-B282-F6B5D76B871D","6837-6591-4150-5300-1135-3507-18","HICP1320_CLU.olcc.lan","/subscriptions/bc602065-8f71-487b-9fa1-e872b4ce9a79/resourceGroups/rg-dcstratmig-prd-004/providers/Microsoft.OffAzure/HyperVSites/HYPV-DAL-AZ-VA1534site/clusters/hicp1320-clu-olcc-lan-31e1b8b3-0964-4bf3-b3c6-23cd3b478dfd","2025-02-14T18:19:42.8694866Z","Microsoft.Azure.PowerShell.Cmdlets.Migrate.Models.Api202001.IHyperVDisk[]","NP01-APP01-ODZ","Microsoft.Azure.PowerShell.Cmdlets.Migrate.Models.Api202001.IHealthErrorDetails[]","BIOS","1",,,,,"Yes","HICP1320C",,"/subscriptions/bc602065-8f71-487b-9fa1-e872b4ce9a79/resourceGroups/rg-dcstratmig-prd-004/providers/Microsoft.OffAzure/HyperVSites/HYPV-DAL-AZ-VA1534site/machines/5c6d579e-fe32-457d-ba50-1ecd7896c309","5c6d579e-fe32-457d-ba50-1ecd7896c309","False","False","True","Cluster","65536","5c6d579e-fe32-457d-ba50-1ecd7896c309","Microsoft.Azure.PowerShell.Cmdlets.Migrate.Models.Api202001.IHyperVNetworkAdapter[]","-1","4",,"otherguestfamily",,"Running","Microsoft.OffAzure/HyperVSites/machines","2025-02-18T13:51:26.8544024Z","C:\ClusterStorage\Volume6\NP01-APP01-ODZ\Virtual Machines\5C6D579E-FE32-457D-BA50-1ECD7896C309.VMCX","","9.0"
"8192",,,,,,,,,,"E3C7DA76-4BED-41B0-A5CC-ABBE0CED2CE0","2884-7188-3844-6924-5941-3912-98","HICP1320_CLU.olcc.lan","/subscriptions/bc602065-8f71-487b-9fa1-e872b4ce9a79/resourceGroups/rg-dcstratmig-prd-004/providers/Microsoft.OffAzure/HyperVSites/HYPV-DAL-AZ-VA1534site/clusters/hicp1320-clu-olcc-lan-31e1b8b3-0964-4bf3-b3c6-23cd3b478dfd","2025-02-14T18:19:43.1194917Z","Microsoft.Azure.PowerShell.Cmdlets.Migrate.Models.Api202001.IHyperVDisk[]","HICP2222A","Microsoft.Azure.PowerShell.Cmdlets.Migrate.Models.Api202001.IHealthErrorDetails[]","UEFI","2",,,,,"Yes","HICP1320K",,"/subscriptions/bc602065-8f71-487b-9fa1-e872b4ce9a79/resourceGroups/rg-dcstratmig-prd-004/providers/Microsoft.OffAzure/HyperVSites/HYPV-DAL-AZ-VA1534site/machines/54b8e7cc-89c7-4896-880e-f759816226bd","54b8e7cc-89c7-4896-880e-f759816226bd","False","False","True","Cluster","1048576","54b8e7cc-89c7-4896-880e-f759816226bd","Microsoft.Azure.PowerShell.Cmdlets.Migrate.Models.Api202001.IHyperVNetworkAdapter[]","-1","4",,"otherguestfamily",,"PowerOff","Microsoft.OffAzure/HyperVSites/machines","2025-02-18T13:51:57.1356590Z","C:\ClusterStorage\volume9\atlanta_replication\Hyper-V Replica\Virtual Machines\54B8E7CC-89C7-4896-880E-F759816226BD.VMCX","","9.0"
"4096",,,,,,,,,,"84C5AA43-9F8E-446A-A40F-FFED60447934","3044-3851-6429-9647-0636-1529-92","HICP1320_CLU.olcc.lan","/subscriptions/bc602065-8f71-487b-9fa1-e872b4ce9a79/resourceGroups/rg-dcstratmig-prd-004/providers/Microsoft.OffAzure/HyperVSites/HYPV-DAL-AZ-VA1534site/clusters/hicp1320-clu-olcc-lan-31e1b8b3-0964-4bf3-b3c6-23cd3b478dfd","2025-02-14T18:19:43.3694936Z","Microsoft.Azure.PowerShell.Cmdlets.Migrate.Models.Api202001.IHyperVDisk[]","NP01-OKTA-SVC02","Microsoft.Azure.PowerShell.Cmdlets.Migrate.Models.Api202001.IHealthErrorDetails[]","BIOS","1","2/18/2025 1:51:14 PM","Microsoft Windows Server 2019 Standard","Windows","10.0.17763","Yes","HICP1320J",,"/subscriptions/bc602065-8f71-487b-9fa1-e872b4ce9a79/resourceGroups/rg-dcstratmig-prd-004/providers/Microsoft.OffAzure/HyperVSites/HYPV-DAL-AZ-VA1534site/machines/773e29d6-4f33-46e8-9e96-5b9915030f4a","773e29d6-4f33-46e8-9e96-5b9915030f4a","False","False","False","Cluster","65536","773e29d6-4f33-46e8-9e96-5b9915030f4a","Microsoft.Azure.PowerShell.Cmdlets.Migrate.Models.Api202001.IHyperVNetworkAdapter[]","38","2","Windows Server 2019 Standard","windowsguest","10.0.17763","Running","Microsoft.OffAzure/HyperVSites/machines","2025-02-18T13:52:38.4950924Z","C:\ClusterStorage\Volume6\NP01-OKTA-SVC02\Virtual Machines\773E29D6-4F33-46E8-9E96-5B9915030F4A.VMCX","NP01-OKTA-SVC02.olcc.lan","9.0"
"8192",,,,,,,,,,"36794C21-F513-4DAB-92D5-4761C32AD049","6347-7715-7663-0159-4061-9069-90","HICP1320_CLU.olcc.lan","/subscriptions/bc602065-8f71-487b-9fa1-e872b4ce9a79/resourceGroups/rg-dcstratmig-prd-004/providers/Microsoft.OffAzure/HyperVSites/HYPV-DAL-AZ-VA1534site/clusters/hicp1320-clu-olcc-lan-31e1b8b3-0964-4bf3-b3c6-23cd3b478dfd","2025-02-14T18:19:43.6194946Z","Microsoft.Azure.PowerShell.Cmdlets.Migrate.Models.Api202001.IHyperVDisk[]","OLORADEVTEST1","Microsoft.Azure.PowerShell.Cmdlets.Migrate.Models.Api202001.IHealthErrorDetails[]","BIOS","1",,,,,"Yes","HICP1320A",,"/subscriptions/bc602065-8f71-487b-9fa1-e872b4ce9a79/resourceGroups/rg-dcstratmig-prd-004/providers/Microsoft.OffAzure/HyperVSites/HYPV-DAL-AZ-VA1534site/machines/3317065b-ff98-48cf-bbf5-7f7d448f4157","3317065b-ff98-48cf-bbf5-7f7d448f4157","False","False","True","Cluster","65536","3317065b-ff98-48cf-bbf5-7f7d448f4157","Microsoft.Azure.PowerShell.Cmdlets.Migrate.Models.Api202001.IHyperVNetworkAdapter[]","-1","12","Windows Server 2008 R2 Enterprise","windowsguest","6.1.7601","Running","Microsoft.OffAzure/HyperVSites/machines","2025-02-18T13:52:09.7763026Z","C:\ClusterStorage\Volume6\OLORADEVTEST1\Virtual Machines\3317065B-FF98-48CF-BBF5-7F7D448F4157.VMCX","OLORADEVTEST1.olcc.lan","9.0"
"4096",,,,,,,,,,"4E87C341-86BD-42B8-A901-44B06ADEEB9A","8721-5127-4639-6494-5915-2810-33","HICP1320_CLU.olcc.lan","/subscriptions/bc602065-8f71-487b-9fa1-e872b4ce9a79/resourceGroups/rg-dcstratmig-prd-004/providers/Microsoft.OffAzure/HyperVSites/HYPV-DAL-AZ-VA1534site/clusters/hicp1320-clu-olcc-lan-31e1b8b3-0964-4bf3-b3c6-23cd3b478dfd","2025-02-14T18:19:43.8694909Z","Microsoft.Azure.PowerShell.Cmdlets.Migrate.Models.Api202001.IHyperVDisk[]","HICD2226A","Microsoft.Azure.PowerShell.Cmdlets.Migrate.Models.Api202001.IHealthErrorDetails[]","UEFI","2","2/18/2025 1:50:23 PM","Microsoft Windows Server 2019 Standard","Windows","10.0.17763","Yes","HICP1320B",,"/subscriptions/bc602065-8f71-487b-9fa1-e872b4ce9a79/resourceGroups/rg-dcstratmig-prd-004/providers/Microsoft.OffAzure/HyperVSites/HYPV-DAL-AZ-VA1534site/machines/bccd847f-0599-4c54-bcd1-47a3969cd3e1","bccd847f-0599-4c54-bcd1-47a3969cd3e1","False","False","False","Cluster","1048576","bccd847f-0599-4c54-bcd1-47a3969cd3e1","Microsoft.Azure.PowerShell.Cmdlets.Migrate.Models.Api202001.IHyperVNetworkAdapter[]","21","2","Windows Server 2019 Standard","windowsguest","10.0.17763","Running","Microsoft.OffAzure/HyperVSites/machines","2025-02-18T13:52:30.4013287Z","C:\ClusterStorage\Volume6\HICD2226A\Virtual Machines\BCCD847F-0599-4C54-BCD1-47A3969CD3E1.VMCX","HICD2226A.olcc.lan","9.0"
"4096",,,,,,,,,,"BFDDDE18-71C4-4041-B81B-BD3D5CDF724F","7694-9157-3727-9071-9979-2165-84","HICP1320_CLU.olcc.lan","/subscriptions/bc602065-8f71-487b-9fa1-e872b4ce9a79/resourceGroups/rg-dcstratmig-prd-004/providers/Microsoft.OffAzure/HyperVSites/HYPV-DAL-AZ-VA1534site/clusters/hicp1320-clu-olcc-lan-31e1b8b3-0964-4bf3-b3c6-23cd3b478dfd","2025-02-14T18:19:44.1356646Z","Microsoft.Azure.PowerShell.Cmdlets.Migrate.Models.Api202001.IHyperVDisk[]","HICD8509","Microsoft.Azure.PowerShell.Cmdlets.Migrate.Models.Api202001.IHealthErrorDetails[]","UEFI","2","2/18/2025 1:50:24 PM","Microsoft Windows Server 2019 Standard","Windows","10.0.17763","Yes","HICP1320J",,"/subscriptions/bc602065-8f71-487b-9fa1-e872b4ce9a79/resourceGroups/rg-dcstratmig-prd-004/providers/Microsoft.OffAzure/HyperVSites/HYPV-DAL-AZ-VA1534site/machines/af18494b-14b6-454e-aa80-033bb58d52f4","af18494b-14b6-454e-aa80-033bb58d52f4","False","False","False","Cluster","1048576","af18494b-14b6-454e-aa80-033bb58d52f4","Microsoft.Azure.PowerShell.Cmdlets.Migrate.Models.Api202001.IHyperVNetworkAdapter[]","107","2","Windows Server 2019 Standard","windowsguest","10.0.17763","Running","Microsoft.OffAzure/HyperVSites/machines","2025-02-18T13:51:35.1668865Z","C:\ClusterStorage\Volume6\HICD8509\Virtual Machines\AF18494B-14B6-454E-AA80-033BB58D52F4.VMCX","HICD8509.olcc.lan","9.0"
"4096",,,,,,,,,,"732BF8FF-9A5C-4108-A5CA-4D941D9B9247","2627-6568-2689-5923-0328-6527-86","HICP1320_CLU.olcc.lan","/subscriptions/bc602065-8f71-487b-9fa1-e872b4ce9a79/resourceGroups/rg-dcstratmig-prd-004/providers/Microsoft.OffAzure/HyperVSites/HYPV-DAL-AZ-VA1534site/clusters/hicp1320-clu-olcc-lan-31e1b8b3-0964-4bf3-b3c6-23cd3b478dfd","2025-02-14T18:19:44.3856687Z","Microsoft.Azure.PowerShell.Cmdlets.Migrate.Models.Api202001.IHyperVDisk[]","Linux Clone Template","Microsoft.Azure.PowerShell.Cmdlets.Migrate.Models.Api202001.IHealthErrorDetails[]","BIOS","1",,,,,"Yes","HICP1320F",,"/subscriptions/bc602065-8f71-487b-9fa1-e872b4ce9a79/resourceGroups/rg-dcstratmig-prd-004/providers/Microsoft.OffAzure/HyperVSites/HYPV-DAL-AZ-VA1534site/machines/547b338f-1398-4b05-a4b2-fffc2d8df165","547b338f-1398-4b05-a4b2-fffc2d8df165","False","False","True","Cluster","1048576","547b338f-1398-4b05-a4b2-fffc2d8df165","Microsoft.Azure.PowerShell.Cmdlets.Migrate.Models.Api202001.IHyperVNetworkAdapter[]","-1","2",,"otherguestfamily",,"PowerOff","Microsoft.OffAzure/HyperVSites/machines","2025-02-18T13:51:43.4637351Z","C:\ClusterStorage\Volume8\Linux Clone Template\Virtual Machines\547B338F-1398-4B05-A4B2-FFFC2D8DF165.VMCX","","9.0"
"16384",,,,,,,,,,"E479A612-39EB-4D95-BA99-E22494C3E70B","2438-5342-0650-6287-0218-8704-83","HICP1320_CLU.olcc.lan","/subscriptions/bc602065-8f71-487b-9fa1-e872b4ce9a79/resourceGroups/rg-dcstratmig-prd-004/providers/Microsoft.OffAzure/HyperVSites/HYPV-DAL-AZ-VA1534site/clusters/hicp1320-clu-olcc-lan-31e1b8b3-0964-4bf3-b3c6-23cd3b478dfd","2025-02-14T18:19:44.6356902Z","Microsoft.Azure.PowerShell.Cmdlets.Migrate.Models.Api202001.IHyperVDisk[]","HICP2410B","Microsoft.Azure.PowerShell.Cmdlets.Migrate.Models.Api202001.IHealthErrorDetails[]","UEFI","2","2/18/2025 1:50:20 PM","Microsoft Windows Server 2022 Standard","Windows","10.0.20348","Yes","HICP1320G",,"/subscriptions/bc602065-8f71-487b-9fa1-e872b4ce9a79/resourceGroups/rg-dcstratmig-prd-004/providers/Microsoft.OffAzure/HyperVSites/HYPV-DAL-AZ-VA1534site/machines/1c2a4e14-860b-4c06-b224-acff6e13b654","1c2a4e14-860b-4c06-b224-acff6e13b654","False","False","False","Cluster","1048576","1c2a4e14-860b-4c06-b224-acff6e13b654","Microsoft.Azure.PowerShell.Cmdlets.Migrate.Models.Api202001.IHyperVNetworkAdapter[]","13","4","Windows Server 2022 Standard","windowsguest","10.0.20348","Running","Microsoft.OffAzure/HyperVSites/machines","2025-02-20T03:20:39.5984704Z","C:\ClusterStorage\Volume5\HICP2410B\Virtual Machines\1C2A4E14-860B-4C06-B224-ACFF6E13B654.VMCX","HICP2410B.olcc.lan","9.0"
"4096",,,,,,,,,,"4E87C341-86BD-42B8-A901-44B06ADEEB9A","8721-5127-4639-6494-5915-2810-33","HICP1320_CLU.olcc.lan","/subscriptions/bc602065-8f71-487b-9fa1-e872b4ce9a79/resourceGroups/rg-dcstratmig-prd-004/providers/Microsoft.OffAzure/HyperVSites/HYPV-DAL-AZ-VA1534site/clusters/hicp1320-clu-olcc-lan-31e1b8b3-0964-4bf3-b3c6-23cd3b478dfd","2025-02-14T18:19:44.8856784Z","Microsoft.Azure.PowerShell.Cmdlets.Migrate.Models.Api202001.IHyperVDisk[]","HICQ2225A","Microsoft.Azure.PowerShell.Cmdlets.Migrate.Models.Api202001.IHealthErrorDetails[]","UEFI","2","2/18/2025 1:50:43 PM","Microsoft Windows Server 2019 Standard","Windows","10.0.17763","Yes","HICP1320J",,"/subscriptions/bc602065-8f71-487b-9fa1-e872b4ce9a79/resourceGroups/rg-dcstratmig-prd-004/providers/Microsoft.OffAzure/HyperVSites/HYPV-DAL-AZ-VA1534site/machines/4901976f-0e80-4ba9-afb0-e91330433a43","4901976f-0e80-4ba9-afb0-e91330433a43","False","False","False","Cluster","1048576","4901976f-0e80-4ba9-afb0-e91330433a43","Microsoft.Azure.PowerShell.Cmdlets.Migrate.Models.Api202001.IHyperVNetworkAdapter[]","22","2","Windows Server 2019 Standard","windowsguest","10.0.17763","Running","Microsoft.OffAzure/HyperVSites/machines","2025-02-18T13:52:33.4325726Z","C:\ClusterStorage\Volume8\HICQ2225A\Virtual Machines\4901976F-0E80-4BA9-AFB0-E91330433A43.VMCX","HICQ2225A.olcc.lan","9.0"
"4096",,,,,,,,,,"FDAB941A-2125-409C-9127-4343F54A2CC0","7724-1727-5936-1594-2397-6192-89","HICP1320_CLU.olcc.lan","/subscriptions/bc602065-8f71-487b-9fa1-e872b4ce9a79/resourceGroups/rg-dcstratmig-prd-004/providers/Microsoft.OffAzure/HyperVSites/HYPV-DAL-AZ-VA1534site/clusters/hicp1320-clu-olcc-lan-31e1b8b3-0964-4bf3-b3c6-23cd3b478dfd","2025-02-14T18:19:45.1357066Z","Microsoft.Azure.PowerShell.Cmdlets.Migrate.Models.Api202001.IHyperVDisk[]","HICP2500","Microsoft.Azure.PowerShell.Cmdlets.Migrate.Models.Api202001.IHealthErrorDetails[]","UEFI","2",,,,,"Yes","HICP1320D",,"/subscriptions/bc602065-8f71-487b-9fa1-e872b4ce9a79/resourceGroups/rg-dcstratmig-prd-004/providers/Microsoft.OffAzure/HyperVSites/HYPV-DAL-AZ-VA1534site/machines/f9aa3cba-fa4a-4e9c-bbd5-c5a5c371b384","f9aa3cba-fa4a-4e9c-bbd5-c5a5c371b384","False","False","True","Cluster","1048576","f9aa3cba-fa4a-4e9c-bbd5-c5a5c371b384","Microsoft.Azure.PowerShell.Cmdlets.Migrate.Models.Api202001.IHyperVNetworkAdapter[]","-1","2",,"otherguestfamily",,"PowerOff","Microsoft.OffAzure/HyperVSites/machines","2025-02-18T13:51:41.2137667Z","C:\ClusterStorage\volume9\atlanta_replication\Hyper-V Replica\Virtual Machines\F9AA3CBA-FA4A-4E9C-BBD5-C5A5C371B384.VMCX","","9.0"
"6144",,,,,,,,,,"4E87C341-86BD-42B8-A901-44B06ADEEB9A","8721-5127-4639-6494-5915-2810-33","HICP1320_CLU.olcc.lan","/subscriptions/bc602065-8f71-487b-9fa1-e872b4ce9a79/resourceGroups/rg-dcstratmig-prd-004/providers/Microsoft.OffAzure/HyperVSites/HYPV-DAL-AZ-VA1534site/clusters/hicp1320-clu-olcc-lan-31e1b8b3-0964-4bf3-b3c6-23cd3b478dfd","2025-02-14T18:19:45.4013625Z","Microsoft.Azure.PowerShell.Cmdlets.Migrate.Models.Api202001.IHyperVDisk[]","HICQ2226A","Microsoft.Azure.PowerShell.Cmdlets.Migrate.Models.Api202001.IHealthErrorDetails[]","UEFI","2","2/19/2025 1:49:53 PM","Microsoft Windows Server 2019 Standard","Windows","10.0.17763","Yes","HICP1320F",,"/subscriptions/bc602065-8f71-487b-9fa1-e872b4ce9a79/resourceGroups/rg-dcstratmig-prd-004/providers/Microsoft.OffAzure/HyperVSites/HYPV-DAL-AZ-VA1534site/machines/67a9b8e7-1aa5-4699-ad5a-0fb311528d93","67a9b8e7-1aa5-4699-ad5a-0fb311528d93","False","False","False","Cluster","1048576","67a9b8e7-1aa5-4699-ad5a-0fb311528d93","Microsoft.Azure.PowerShell.Cmdlets.Migrate.Models.Api202001.IHyperVNetworkAdapter[]","37","2","Windows Server 2019 Standard","windowsguest","10.0.17763","Running","Microsoft.OffAzure/HyperVSites/machines","2025-02-19T13:50:13.5035962Z","C:\ClusterStorage\Volume10\HICQ2226A\Virtual Machines\67A9B8E7-1AA5-4699-AD5A-0FB311528D93.VMCX","HICQ2226A.olcc.lan","9.0"
"8128",,,,,,,,,,"B99F30C8-13A7-4726-9213-3D20B91E2EB5","0721-0812-3246-7392-7440-7219-99","HICP1320_CLU.olcc.lan","/subscriptions/bc602065-8f71-487b-9fa1-e872b4ce9a79/resourceGroups/rg-dcstratmig-prd-004/providers/Microsoft.OffAzure/HyperVSites/HYPV-DAL-AZ-VA1534site/clusters/hicp1320-clu-olcc-lan-31e1b8b3-0964-4bf3-b3c6-23cd3b478dfd","2025-02-14T18:19:45.6513299Z","Microsoft.Azure.PowerShell.Cmdlets.Migrate.Models.Api202001.IHyperVDisk[]","HICQ2091","Microsoft.Azure.PowerShell.Cmdlets.Migrate.Models.Api202001.IHealthErrorDetails[]","BIOS","1","2/19/2025 1:49:45 PM","Microsoft Windows Server 2019 Standard","Windows","10.0.17763","Yes","HICP1320K",,"/subscriptions/bc602065-8f71-487b-9fa1-e872b4ce9a79/resourceGroups/rg-dcstratmig-prd-004/providers/Microsoft.OffAzure/HyperVSites/HYPV-DAL-AZ-VA1534site/machines/707a8979-d6d5-4218-bac0-abf00128c082","707a8979-d6d5-4218-bac0-abf00128c082","False","False","False","Cluster","65536","707a8979-d6d5-4218-bac0-abf00128c082","Microsoft.Azure.PowerShell.Cmdlets.Migrate.Models.Api202001.IHyperVNetworkAdapter[]","363","4",,"otherguestfamily",,"PowerOff","Microsoft.OffAzure/HyperVSites/machines","2025-02-19T20:19:28.4305114Z","C:\ClusterStorage\Volume10\HICQ2091\Virtual Machines\707A8979-D6D5-4218-BAC0-ABF00128C082.VMCX","","9.0"
"4096",,,,,,,,,,"1CE83B8E-6CED-4531-96B6-5B8D7AB16FF6","3819-8894-4912-9162-1476-0776-08","HICP1320_CLU.olcc.lan","/subscriptions/bc602065-8f71-487b-9fa1-e872b4ce9a79/resourceGroups/rg-dcstratmig-prd-004/providers/Microsoft.OffAzure/HyperVSites/HYPV-DAL-AZ-VA1534site/clusters/hicp1320-clu-olcc-lan-31e1b8b3-0964-4bf3-b3c6-23cd3b478dfd","2025-02-14T18:19:45.9013422Z","Microsoft.Azure.PowerShell.Cmdlets.Migrate.Models.Api202001.IHyperVDisk[]","HICD2903","Microsoft.Azure.PowerShell.Cmdlets.Migrate.Models.Api202001.IHealthErrorDetails[]","BIOS","1","2/18/2025 1:50:54 PM","Microsoft Windows Server 2019 Standard","Windows","10.0.17763","Yes","HICP1320J",,"/subscriptions/bc602065-8f71-487b-9fa1-e872b4ce9a79/resourceGroups/rg-dcstratmig-prd-004/providers/Microsoft.OffAzure/HyperVSites/HYPV-DAL-AZ-VA1534site/machines/835d8ce7-0b8d-4bd3-84ef-9d23d4978e7d","835d8ce7-0b8d-4bd3-84ef-9d23d4978e7d","False","False","False","Cluster","65536","835d8ce7-0b8d-4bd3-84ef-9d23d4978e7d","Microsoft.Azure.PowerShell.Cmdlets.Migrate.Models.Api202001.IHyperVNetworkAdapter[]","23","1",,"otherguestfamily",,"PowerOff","Microsoft.OffAzure/HyperVSites/machines","2025-02-19T15:19:07.4481727Z","C:\ClusterStorage\Volume6\HICD2903\Virtual Machines\835D8CE7-0B8D-4BD3-84EF-9D23D4978E7D.VMCX","","9.0"
"2048",,,,,,,,,,"656678B0-1435-4D09-9B2F-6CEA19F4A808","1456-9374-3100-6092-7637-1441-59","HICP1320_CLU.olcc.lan","/subscriptions/bc602065-8f71-487b-9fa1-e872b4ce9a79/resourceGroups/rg-dcstratmig-prd-004/providers/Microsoft.OffAzure/HyperVSites/HYPV-DAL-AZ-VA1534site/clusters/hicp1320-clu-olcc-lan-31e1b8b3-0964-4bf3-b3c6-23cd3b478dfd","2025-02-14T18:19:46.1513229Z","Microsoft.Azure.PowerShell.Cmdlets.Migrate.Models.Api202001.IHyperVDisk[]","OLSOLRTST","Microsoft.Azure.PowerShell.Cmdlets.Migrate.Models.Api202001.IHealthErrorDetails[]","BIOS","1",,,,,"Yes","HICP1320E",,"/subscriptions/bc602065-8f71-487b-9fa1-e872b4ce9a79/resourceGroups/rg-dcstratmig-prd-004/providers/Microsoft.OffAzure/HyperVSites/HYPV-DAL-AZ-VA1534site/machines/f0c1bc9c-ac49-420f-9731-a3ba7ed6b694","f0c1bc9c-ac49-420f-9731-a3ba7ed6b694","False","True","True","Cluster","65536","f0c1bc9c-ac49-420f-9731-a3ba7ed6b694","Microsoft.Azure.PowerShell.Cmdlets.Migrate.Models.Api202001.IHyperVNetworkAdapter[]","-1","1",,"otherguestfamily",,"Running","Microsoft.OffAzure/HyperVSites/machines","2025-02-18T13:51:54.8231653Z","C:\ClusterStorage\Volume8\OLSOLRTST\Virtual Machines\F0C1BC9C-AC49-420F-9731-A3BA7ED6B694.VMCX","","9.0"
"8192",,,,,,,,,,"4E87C341-86BD-42B8-A901-44B06ADEEB9A","8721-5127-4639-6494-5915-2810-33","HICP1320_CLU.olcc.lan","/subscriptions/bc602065-8f71-487b-9fa1-e872b4ce9a79/resourceGroups/rg-dcstratmig-prd-004/providers/Microsoft.OffAzure/HyperVSites/HYPV-DAL-AZ-VA1534site/clusters/hicp1320-clu-olcc-lan-31e1b8b3-0964-4bf3-b3c6-23cd3b478dfd","2025-02-14T18:19:46.4169673Z","Microsoft.Azure.PowerShell.Cmdlets.Migrate.Models.Api202001.IHyperVDisk[]","HICQ2222B","Microsoft.Azure.PowerShell.Cmdlets.Migrate.Models.Api202001.IHealthErrorDetails[]","UEFI","2","2/18/2025 1:51:18 PM","Microsoft Windows Server 2019 Standard","Windows","10.0.17763","Yes","HICP1320H",,"/subscriptions/bc602065-8f71-487b-9fa1-e872b4ce9a79/resourceGroups/rg-dcstratmig-prd-004/providers/Microsoft.OffAzure/HyperVSites/HYPV-DAL-AZ-VA1534site/machines/0a9cd839-caca-4889-a39a-d63bfa028256","0a9cd839-caca-4889-a39a-d63bfa028256","False","False","False","Cluster","1048576","0a9cd839-caca-4889-a39a-d63bfa028256","Microsoft.Azure.PowerShell.Cmdlets.Migrate.Models.Api202001.IHyperVNetworkAdapter[]","14","4","Windows Server 2019 Standard","windowsguest","10.0.17763","Running","Microsoft.OffAzure/HyperVSites/machines","2025-02-18T13:52:38.9950952Z","C:\ClusterStorage\Volume5\HICQ2222B\Virtual Machines\0A9CD839-CACA-4889-A39A-D63BFA028256.VMCX","HICQ2222B.olcc.lan","9.0"
"8192",,,,,,,,,,"41EE605A-E9B1-41F2-AAAD-4B3D0BE4674D","8826-1221-2113-0535-4944-3553-59","HICP1320_CLU.olcc.lan","/subscriptions/bc602065-8f71-487b-9fa1-e872b4ce9a79/resourceGroups/rg-dcstratmig-prd-004/providers/Microsoft.OffAzure/HyperVSites/HYPV-DAL-AZ-VA1534site/clusters/hicp1320-clu-olcc-lan-31e1b8b3-0964-4bf3-b3c6-23cd3b478dfd","2025-02-14T18:19:46.6669309Z","Microsoft.Azure.PowerShell.Cmdlets.Migrate.Models.Api202001.IHyperVDisk[]","NP01-WB01-PCI","Microsoft.Azure.PowerShell.Cmdlets.Migrate.Models.Api202001.IHealthErrorDetails[]","BIOS","1","2/18/2025 1:51:11 PM","Microsoft Windows Server 2019 Standard","Windows","10.0.17763","Yes","HICP1320K",,"/subscriptions/bc602065-8f71-487b-9fa1-e872b4ce9a79/resourceGroups/rg-dcstratmig-prd-004/providers/Microsoft.OffAzure/HyperVSites/HYPV-DAL-AZ-VA1534site/machines/4bf0aee7-9a63-4b84-8d48-7f5b37687b72","4bf0aee7-9a63-4b84-8d48-7f5b37687b72","False","False","False","Cluster","65536","4bf0aee7-9a63-4b84-8d48-7f5b37687b72","Microsoft.Azure.PowerShell.Cmdlets.Migrate.Models.Api202001.IHyperVNetworkAdapter[]","56","2","Windows Server 2019 Standard","windowsguest","10.0.17763","Running","Microsoft.OffAzure/HyperVSites/machines","2025-02-18T13:52:38.2294577Z","C:\ClusterStorage\Volume8\NP01-WB01-PCI\Virtual Machines\4BF0AEE7-9A63-4B84-8D48-7F5B37687B72.VMCX","NP01-WB01-PCI.olcc.lan","9.0"
"8192",,,,,,,,,,"3841318B-BACA-4041-9651-44C86DFFAA2F","2945-0575-6986-1780-4866-9109-68","HICP1320_CLU.olcc.lan","/subscriptions/bc602065-8f71-487b-9fa1-e872b4ce9a79/resourceGroups/rg-dcstratmig-prd-004/providers/Microsoft.OffAzure/HyperVSites/HYPV-DAL-AZ-VA1534site/clusters/hicp1320-clu-olcc-lan-31e1b8b3-0964-4bf3-b3c6-23cd3b478dfd","2025-02-14T18:19:46.9169721Z","Microsoft.Azure.PowerShell.Cmdlets.Migrate.Models.Api202001.IHyperVDisk[]","HICQ0051A","Microsoft.Azure.PowerShell.Cmdlets.Migrate.Models.Api202001.IHealthErrorDetails[]","UEFI","2","2/18/2025 1:51:15 PM","Microsoft Windows Server 2019 Standard","Windows","10.0.17763","Yes","HICP1320G",,"/subscriptions/bc602065-8f71-487b-9fa1-e872b4ce9a79/resourceGroups/rg-dcstratmig-prd-004/providers/Microsoft.OffAzure/HyperVSites/HYPV-DAL-AZ-VA1534site/machines/11f3396d-e996-4f2c-b677-45bf0d72fbfe","11f3396d-e996-4f2c-b677-45bf0d72fbfe","False","False","False","Cluster","1048576","11f3396d-e996-4f2c-b677-45bf0d72fbfe","Microsoft.Azure.PowerShell.Cmdlets.Migrate.Models.Api202001.IHyperVNetworkAdapter[]","21","2","Windows Server 2019 Standard","windowsguest","10.0.17763","Running","Microsoft.OffAzure/HyperVSites/machines","2025-02-18T13:52:38.7450880Z","C:\ClusterStorage\Volume6\HICQ0051A\Virtual Machines\11F3396D-E996-4F2C-B677-45BF0D72FBFE.VMCX","HICQ0051A.olcc.lan","9.0"
"8192",,,,,,,,,,"8D939CBF-E87B-494E-AF50-9D0B1AF6D69A","6895-7283-5393-4547-7492-6245-46","HICP1320_CLU.olcc.lan","/subscriptions/bc602065-8f71-487b-9fa1-e872b4ce9a79/resourceGroups/rg-dcstratmig-prd-004/providers/Microsoft.OffAzure/HyperVSites/HYPV-DAL-AZ-VA1534site/clusters/hicp1320-clu-olcc-lan-31e1b8b3-0964-4bf3-b3c6-23cd3b478dfd","2025-02-14T18:19:47.1669659Z","Microsoft.Azure.PowerShell.Cmdlets.Migrate.Models.Api202001.IHyperVDisk[]","HICQ6506","Microsoft.Azure.PowerShell.Cmdlets.Migrate.Models.Api202001.IHealthErrorDetails[]","UEFI","2","2/19/2025 1:50:04 PM","Microsoft Windows Server 2019 Standard","Windows","10.0.17763","Yes","HICP1320A",,"/subscriptions/bc602065-8f71-487b-9fa1-e872b4ce9a79/resourceGroups/rg-dcstratmig-prd-004/providers/Microsoft.OffAzure/HyperVSites/HYPV-DAL-AZ-VA1534site/machines/03f2890b-a389-46ad-89a1-f9d739b62491","03f2890b-a389-46ad-89a1-f9d739b62491","False","False","False","Cluster","1048576","03f2890b-a389-46ad-89a1-f9d739b62491","Microsoft.Azure.PowerShell.Cmdlets.Migrate.Models.Api202001.IHyperVNetworkAdapter[]","79","2","Windows Server 2019 Standard","windowsguest","10.0.17763","Running","Microsoft.OffAzure/HyperVSites/machines","2025-02-19T13:50:18.7692624Z","C:\ClusterStorage\Volume10\HICQ6506\Virtual Machines\03F2890B-A389-46AD-89A1-F9D739B62491.VMCX","HICQ6506.olcc.lan","9.0"
"8192",,,,,,,,,,"6ABA854B-4144-4A9E-8911-6E7E2E6A6F3D","4738-6522-9681-7933-1236-0482-89","HICP1320_CLU.olcc.lan","/subscriptions/bc602065-8f71-487b-9fa1-e872b4ce9a79/resourceGroups/rg-dcstratmig-prd-004/providers/Microsoft.OffAzure/HyperVSites/HYPV-DAL-AZ-VA1534site/clusters/hicp1320-clu-olcc-lan-31e1b8b3-0964-4bf3-b3c6-23cd3b478dfd","2025-02-14T18:19:47.4169777Z","Microsoft.Azure.PowerShell.Cmdlets.Migrate.Models.Api202001.IHyperVDisk[]","NP01-APP01-RMQ","Microsoft.Azure.PowerShell.Cmdlets.Migrate.Models.Api202001.IHealthErrorDetails[]","BIOS","1","2/18/2025 1:50:32 PM","Microsoft Windows Server 2016 Standard","Windows","10.0.14393","Yes","HICP1320J",,"/subscriptions/bc602065-8f71-487b-9fa1-e872b4ce9a79/resourceGroups/rg-dcstratmig-prd-004/providers/Microsoft.OffAzure/HyperVSites/HYPV-DAL-AZ-VA1534site/machines/b8a36dfd-31cc-47fc-a2dc-67eebf5d2e09","b8a36dfd-31cc-47fc-a2dc-67eebf5d2e09","False","False","False","Cluster","65536","b8a36dfd-31cc-47fc-a2dc-67eebf5d2e09","Microsoft.Azure.PowerShell.Cmdlets.Migrate.Models.Api202001.IHyperVNetworkAdapter[]","46","2","Windows Server 2016 Standard","windowsguest","10.0.14393","Running","Microsoft.OffAzure/HyperVSites/machines","2025-02-19T13:50:20.5192383Z","C:\ClusterStorage\Volume10\NP01-APP01-RMQ\Virtual Machines\B8A36DFD-31CC-47FC-A2DC-67EEBF5D2E09.VMCX","NP01-APP01-RMQ.olcc.lan","9.0"
"4096",,,,,,,,,,"736A959A-5B72-4FE4-A41D-6B77792285D4","3469-3722-8807-0318-9186-0583-49","HICP1320_CLU.olcc.lan","/subscriptions/bc602065-8f71-487b-9fa1-e872b4ce9a79/resourceGroups/rg-dcstratmig-prd-004/providers/Microsoft.OffAzure/HyperVSites/HYPV-DAL-AZ-VA1534site/clusters/hicp1320-clu-olcc-lan-31e1b8b3-0964-4bf3-b3c6-23cd3b478dfd","2025-02-14T18:19:47.6669764Z","Microsoft.Azure.PowerShell.Cmdlets.Migrate.Models.Api202001.IHyperVDisk[]","HICP8517A","Microsoft.Azure.PowerShell.Cmdlets.Migrate.Models.Api202001.IHealthErrorDetails[]","UEFI","2",,,,,"Yes","HICP1320F",,"/subscriptions/bc602065-8f71-487b-9fa1-e872b4ce9a79/resourceGroups/rg-dcstratmig-prd-004/providers/Microsoft.OffAzure/HyperVSites/HYPV-DAL-AZ-VA1534site/machines/45221ab3-dfcb-4191-b4b8-ac305439c7bd","45221ab3-dfcb-4191-b4b8-ac305439c7bd","False","False","True","Cluster","1048576","45221ab3-dfcb-4191-b4b8-ac305439c7bd","Microsoft.Azure.PowerShell.Cmdlets.Migrate.Models.Api202001.IHyperVNetworkAdapter[]","-1","2",,"otherguestfamily",,"PowerOff","Microsoft.OffAzure/HyperVSites/machines","2025-02-18T13:51:55.5887831Z","C:\ClusterStorage\volume9\atlanta_replication\Hyper-V Replica\Virtual Machines\45221AB3-DFCB-4191-B4B8-AC305439C7BD.VMCX","","9.0"
"4096",,,,,,,,,,"4D06377D-0AE3-4982-9FDC-36B930D1820B","3542-2176-1850-2360-5824-5313-65","HICP1320_CLU.olcc.lan","/subscriptions/bc602065-8f71-487b-9fa1-e872b4ce9a79/resourceGroups/rg-dcstratmig-prd-004/providers/Microsoft.OffAzure/HyperVSites/HYPV-DAL-AZ-VA1534site/clusters/hicp1320-clu-olcc-lan-31e1b8b3-0964-4bf3-b3c6-23cd3b478dfd","2025-02-14T18:19:47.9169984Z","Microsoft.Azure.PowerShell.Cmdlets.Migrate.Models.Api202001.IHyperVDisk[]","NP01-APP02-SVC","Microsoft.Azure.PowerShell.Cmdlets.Migrate.Models.Api202001.IHealthErrorDetails[]","BIOS","1","2/18/2025 1:51:08 PM","Microsoft Windows Server 2019 Standard","Windows","10.0.17763","Yes","HICP1320J",,"/subscriptions/bc602065-8f71-487b-9fa1-e872b4ce9a79/resourceGroups/rg-dcstratmig-prd-004/providers/Microsoft.OffAzure/HyperVSites/HYPV-DAL-AZ-VA1534site/machines/f74325f2-842f-4ba4-9de9-0297650f732b","f74325f2-842f-4ba4-9de9-0297650f732b","False","False","False","Cluster","65536","f74325f2-842f-4ba4-9de9-0297650f732b","Microsoft.Azure.PowerShell.Cmdlets.Migrate.Models.Api202001.IHyperVNetworkAdapter[]","39","2","Windows Server 2019 Standard","windowsguest","10.0.17763","Running","Microsoft.OffAzure/HyperVSites/machines","2025-02-18T13:52:37.9794827Z","C:\ClusterStorage\Volume8\NP01-APP02-SVC\Virtual Machines\F74325F2-842F-4BA4-9DE9-0297650F732B.VMCX","NP01-APP02-SVC.olcc.lan","9.0"
"4096",,,,,,,,,,"8D346BA3-EF58-4236-8906-EE748F0DCB7F","3780-0625-4265-6487-2561-2680-38","HICP1320_CLU.olcc.lan","/subscriptions/bc602065-8f71-487b-9fa1-e872b4ce9a79/resourceGroups/rg-dcstratmig-prd-004/providers/Microsoft.OffAzure/HyperVSites/HYPV-DAL-AZ-VA1534site/clusters/hicp1320-clu-olcc-lan-31e1b8b3-0964-4bf3-b3c6-23cd3b478dfd","2025-02-14T18:19:48.1669644Z","Microsoft.Azure.PowerShell.Cmdlets.Migrate.Models.Api202001.IHyperVDisk[]","HICP2000","Microsoft.Azure.PowerShell.Cmdlets.Migrate.Models.Api202001.IHealthErrorDetails[]","BIOS","1",,,,,"Yes","HICP1320J",,"/subscriptions/bc602065-8f71-487b-9fa1-e872b4ce9a79/resourceGroups/rg-dcstratmig-prd-004/providers/Microsoft.OffAzure/HyperVSites/HYPV-DAL-AZ-VA1534site/machines/1be03de1-ee72-4343-a744-439966bfd38d","1be03de1-ee72-4343-a744-439966bfd38d","False","False","True","Cluster","65536","1be03de1-ee72-4343-a744-439966bfd38d","Microsoft.Azure.PowerShell.Cmdlets.Migrate.Models.Api202001.IHyperVNetworkAdapter[]","-1","2",,"otherguestfamily",,"PowerOff","Microsoft.OffAzure/HyperVSites/machines","2025-02-18T13:51:31.6356260Z","C:\ClusterStorage\volume9\atlanta_replication\Hyper-V Replica\Virtual Machines\1BE03DE1-EE72-4343-A744-439966BFD38D.VMCX","","9.0"
"8192",,,,,,,,,,"82DEF4C7-C64E-4D26-B19C-897B0A7B6326","2403-5437-9072-7289-9776-1482-76","HICP1320_CLU.olcc.lan","/subscriptions/bc602065-8f71-487b-9fa1-e872b4ce9a79/resourceGroups/rg-dcstratmig-prd-004/providers/Microsoft.OffAzure/HyperVSites/HYPV-DAL-AZ-VA1534site/clusters/hicp1320-clu-olcc-lan-31e1b8b3-0964-4bf3-b3c6-23cd3b478dfd","2025-02-14T18:19:48.4169985Z","Microsoft.Azure.PowerShell.Cmdlets.Migrate.Models.Api202001.IHyperVDisk[]","HICP0111A","Microsoft.Azure.PowerShell.Cmdlets.Migrate.Models.Api202001.IHealthErrorDetails[]","UEFI","2","2/15/2025 6:11:50 PM","Microsoft Windows Server 2022 Standard","Windows","10.0.20348","Yes","HICP1320D",,"/subscriptions/bc602065-8f71-487b-9fa1-e872b4ce9a79/resourceGroups/rg-dcstratmig-prd-004/providers/Microsoft.OffAzure/HyperVSites/HYPV-DAL-AZ-VA1534site/machines/722b9430-d76a-4ba0-9a65-7843e85b37e0","722b9430-d76a-4ba0-9a65-7843e85b37e0","False","False","False","Cluster","1048576","722b9430-d76a-4ba0-9a65-7843e85b37e0","Microsoft.Azure.PowerShell.Cmdlets.Migrate.Models.Api202001.IHyperVNetworkAdapter[]","30","4","Windows Server 2022 Standard","windowsguest","10.0.20348","Running","Microsoft.OffAzure/HyperVSites/machines","2025-02-18T13:51:53.3231631Z","C:\ClusterStorage\Volume6\HICP0111A\Virtual Machines\722B9430-D76A-4BA0-9A65-7843E85B37E0.VMCX","HICP0111A.olcc.lan","9.0"
"6144",,,,,,,,,,"FB890E58-61EC-4D15-A96A-8BABA25A0575","7864-2999-8170-1382-6396-2448-62","HICP1320_CLU.olcc.lan","/subscriptions/bc602065-8f71-487b-9fa1-e872b4ce9a79/resourceGroups/rg-dcstratmig-prd-004/providers/Microsoft.OffAzure/HyperVSites/HYPV-DAL-AZ-VA1534site/clusters/hicp1320-clu-olcc-lan-31e1b8b3-0964-4bf3-b3c6-23cd3b478dfd","2025-02-14T18:19:48.6825572Z","Microsoft.Azure.PowerShell.Cmdlets.Migrate.Models.Api202001.IHyperVDisk[]","HICD7153","Microsoft.Azure.PowerShell.Cmdlets.Migrate.Models.Api202001.IHealthErrorDetails[]","UEFI","2","2/18/2025 1:50:52 PM","Microsoft Windows Server 2019 Standard","Windows","10.0.17763","Yes","HICP1320K",,"/subscriptions/bc602065-8f71-487b-9fa1-e872b4ce9a79/resourceGroups/rg-dcstratmig-prd-004/providers/Microsoft.OffAzure/HyperVSites/HYPV-DAL-AZ-VA1534site/machines/4ba7d588-3b41-42b8-a61c-94368f5414d1","4ba7d588-3b41-42b8-a61c-94368f5414d1","False","False","False","Cluster","1048576","4ba7d588-3b41-42b8-a61c-94368f5414d1","Microsoft.Azure.PowerShell.Cmdlets.Migrate.Models.Api202001.IHyperVNetworkAdapter[]","21","2","Windows Server 2019 Standard","windowsguest","10.0.17763","Running","Microsoft.OffAzure/HyperVSites/machines","2025-02-18T13:52:34.9325437Z","C:\ClusterStorage\Volume10\HICD7153\Virtual Machines\4BA7D588-3B41-42B8-A61C-94368F5414D1.VMCX","HICD7153.olcc.lan","9.0"
"32768",,,,,,,,,,"2BE4BBEF-D839-47F7-8CD1-A5612899B39A","7719-9121-9721-2547-6772-0754-24",,"/subscriptions/bc602065-8f71-487b-9fa1-e872b4ce9a79/resourceGroups/rg-dcstratmig-prd-004/providers/Microsoft.OffAzure/HyperVSites/HYPV-DAL-AZ-VA1534site/clusters/hicp1320-clu-olcc-lan-31e1b8b3-0964-4bf3-b3c6-23cd3b478dfd","2025-02-14T18:19:48.9169706Z","Microsoft.Azure.PowerShell.Cmdlets.Migrate.Models.Api202001.IHyperVDisk[]","HICP1210F","Microsoft.Azure.PowerShell.Cmdlets.Migrate.Models.Api202001.IHealthErrorDetails[]","UEFI","2",,,,,"No","HICP1320K",,"/subscriptions/bc602065-8f71-487b-9fa1-e872b4ce9a79/resourceGroups/rg-dcstratmig-prd-004/providers/Microsoft.OffAzure/HyperVSites/HYPV-DAL-AZ-VA1534site/machines/6dc8c1d5-8a75-496b-a706-412c5732d36e","6dc8c1d5-8a75-496b-a706-412c5732d36e","False","False","True","Cluster","1048576","6dc8c1d5-8a75-496b-a706-412c5732d36e","Microsoft.Azure.PowerShell.Cmdlets.Migrate.Models.Api202001.IHyperVNetworkAdapter[]","-1","10",,"otherguestfamily",,"PowerOff","Microsoft.OffAzure/HyperVSites/machines","2025-02-18T13:52:05.9950356Z","C:\ClusterStorage\Volume10\HICP1210F\Virtual Machines\6DC8C1D5-8A75-496B-A706-412C5732D36E.VMCX","","9.0"
"8192",,,,,,,,,,"64E91532-2FE9-401E-8F7C-E90F4A33DF69","8080-9537-6996-3284-2178-6760-53","HICP1320_CLU.olcc.lan","/subscriptions/bc602065-8f71-487b-9fa1-e872b4ce9a79/resourceGroups/rg-dcstratmig-prd-004/providers/Microsoft.OffAzure/HyperVSites/HYPV-DAL-AZ-VA1534site/clusters/hicp1320-clu-olcc-lan-31e1b8b3-0964-4bf3-b3c6-23cd3b478dfd","2025-02-14T18:19:49.1669917Z","Microsoft.Azure.PowerShell.Cmdlets.Migrate.Models.Api202001.IHyperVDisk[]","HICP2010","Microsoft.Azure.PowerShell.Cmdlets.Migrate.Models.Api202001.IHealthErrorDetails[]","UEFI","2",,,,,"Yes","HICP1320H",,"/subscriptions/bc602065-8f71-487b-9fa1-e872b4ce9a79/resourceGroups/rg-dcstratmig-prd-004/providers/Microsoft.OffAzure/HyperVSites/HYPV-DAL-AZ-VA1534site/machines/9e66671a-2d52-4b12-a71c-faf350698a26","9e66671a-2d52-4b12-a71c-faf350698a26","False","False","True","Cluster","1048576","9e66671a-2d52-4b12-a71c-faf350698a26","Microsoft.Azure.PowerShell.Cmdlets.Migrate.Models.Api202001.IHyperVNetworkAdapter[]","-1","8",,"otherguestfamily",,"PowerOff","Microsoft.OffAzure/HyperVSites/machines","2025-02-18T13:51:49.7762716Z","C:\ClusterStorage\volume9\atlanta_replication\Hyper-V Replica\Virtual Machines\9E66671A-2D52-4B12-A71C-FAF350698A26.VMCX","","9.0"
"8192",,,,,,,,,,"C4821E92-C00A-4348-999A-9DEB52B9115E","8681-8874-6665-3467-8105-9752-26","HICP1320_CLU.olcc.lan","/subscriptions/bc602065-8f71-487b-9fa1-e872b4ce9a79/resourceGroups/rg-dcstratmig-prd-004/providers/Microsoft.OffAzure/HyperVSites/HYPV-DAL-AZ-VA1534site/clusters/hicp1320-clu-olcc-lan-31e1b8b3-0964-4bf3-b3c6-23cd3b478dfd","2025-02-14T18:19:49.4169699Z","Microsoft.Azure.PowerShell.Cmdlets.Migrate.Models.Api202001.IHyperVDisk[]","NP02-APP01A-TSW","Microsoft.Azure.PowerShell.Cmdlets.Migrate.Models.Api202001.IHealthErrorDetails[]","BIOS","1","2/19/2025 1:49:55 PM","Microsoft Windows Server 2019 Standard","Windows","10.0.17763","Yes","HICP1320C",,"/subscriptions/bc602065-8f71-487b-9fa1-e872b4ce9a79/resourceGroups/rg-dcstratmig-prd-004/providers/Microsoft.OffAzure/HyperVSites/HYPV-DAL-AZ-VA1534site/machines/da9543cc-c920-44b4-ae91-5ba5b30cbf6b","da9543cc-c920-44b4-ae91-5ba5b30cbf6b","False","False","False","Cluster","65536","da9543cc-c920-44b4-ae91-5ba5b30cbf6b","Microsoft.Azure.PowerShell.Cmdlets.Migrate.Models.Api202001.IHyperVNetworkAdapter[]","54","2","Windows Server 2019 Standard","windowsguest","10.0.17763","Running","Microsoft.OffAzure/HyperVSites/machines","2025-02-19T13:50:14.5191998Z","C:\ClusterStorage\Volume6\NP02-APP01A-TSW\Virtual Machines\DA9543CC-C920-44B4-AE91-5BA5B30CBF6B.VMCX","NP02-APP01A-TSW.olcc.lan","9.0"
"4096",,,,,,,,,,"C82E4736-B358-458A-AFB3-70683ED1CF95","3394-7179-1027-6598-1538-1760-67","HICP1320_CLU.olcc.lan","/subscriptions/bc602065-8f71-487b-9fa1-e872b4ce9a79/resourceGroups/rg-dcstratmig-prd-004/providers/Microsoft.OffAzure/HyperVSites/HYPV-DAL-AZ-VA1534site/clusters/hicp1320-clu-olcc-lan-31e1b8b3-0964-4bf3-b3c6-23cd3b478dfd","2025-02-14T18:19:49.6669675Z","Microsoft.Azure.PowerShell.Cmdlets.Migrate.Models.Api202001.IHyperVDisk[]","NP02-WB01-SLDI","Microsoft.Azure.PowerShell.Cmdlets.Migrate.Models.Api202001.IHealthErrorDetails[]","BIOS","1","2/18/2025 1:51:12 PM","Microsoft Windows Server 2019 Standard","Windows","10.0.17763","Yes","HICP1320K",,"/subscriptions/bc602065-8f71-487b-9fa1-e872b4ce9a79/resourceGroups/rg-dcstratmig-prd-004/providers/Microsoft.OffAzure/HyperVSites/HYPV-DAL-AZ-VA1534site/machines/85cdae69-4372-4843-93fc-77feb05e0f5d","85cdae69-4372-4843-93fc-77feb05e0f5d","False","False","False","Cluster","65536","85cdae69-4372-4843-93fc-77feb05e0f5d","Microsoft.Azure.PowerShell.Cmdlets.Migrate.Models.Api202001.IHyperVNetworkAdapter[]","43","1","Windows Server 2019 Standard","windowsguest","10.0.17763","Running","Microsoft.OffAzure/HyperVSites/machines","2025-02-19T13:50:21.2692478Z","C:\ClusterStorage\Volume6\NP02-WB01-SLDI\Virtual Machines\85CDAE69-4372-4843-93FC-77FEB05E0F5D.VMCX","NP02-WB01-SLDI.olcc.lan","9.0"
"4096",,,,,,,,,,"521AEC0E-0651-48D1-9482-804D057E270B","7647-7155-6239-5720-9320-7194-92","HICP1320_CLU.olcc.lan","/subscriptions/bc602065-8f71-487b-9fa1-e872b4ce9a79/resourceGroups/rg-dcstratmig-prd-004/providers/Microsoft.OffAzure/HyperVSites/HYPV-DAL-AZ-VA1534site/clusters/hicp1320-clu-olcc-lan-31e1b8b3-0964-4bf3-b3c6-23cd3b478dfd","2025-02-14T18:19:49.9169725Z","Microsoft.Azure.PowerShell.Cmdlets.Migrate.Models.Api202001.IHyperVDisk[]","HICN2268A","Microsoft.Azure.PowerShell.Cmdlets.Migrate.Models.Api202001.IHealthErrorDetails[]","UEFI","2","2/19/2025 1:49:52 PM","Microsoft Windows Server 2022 Standard","Windows","10.0.20348","Yes","HICP1320H",,"/subscriptions/bc602065-8f71-487b-9fa1-e872b4ce9a79/resourceGroups/rg-dcstratmig-prd-004/providers/Microsoft.OffAzure/HyperVSites/HYPV-DAL-AZ-VA1534site/machines/d1067512-e3e2-49e7-b074-9113a240bfc3","d1067512-e3e2-49e7-b074-9113a240bfc3","False","False","False","Cluster","1048576","d1067512-e3e2-49e7-b074-9113a240bfc3","Microsoft.Azure.PowerShell.Cmdlets.Migrate.Models.Api202001.IHyperVNetworkAdapter[]","13","2","Windows Server 2022 Standard","windowsguest","10.0.20348","Running","Microsoft.OffAzure/HyperVSites/machines","2025-02-19T13:50:13.2535922Z","C:\ClusterStorage\Volume1\HICN2268A\Virtual Machines\D1067512-E3E2-49E7-B074-9113A240BFC3.VMCX","HICN2268A.olcc.lan","9.0"
"8192",,,,,,,,,,"B1120BA1-3510-4D8F-A5C6-D03176617EA5","4784-1343-3373-0043-6458-1972-65","HICP1320_CLU.olcc.lan","/subscriptions/bc602065-8f71-487b-9fa1-e872b4ce9a79/resourceGroups/rg-dcstratmig-prd-004/providers/Microsoft.OffAzure/HyperVSites/HYPV-DAL-AZ-VA1534site/clusters/hicp1320-clu-olcc-lan-31e1b8b3-0964-4bf3-b3c6-23cd3b478dfd","2025-02-14T18:19:50.1669899Z","Microsoft.Azure.PowerShell.Cmdlets.Migrate.Models.Api202001.IHyperVDisk[]","HICD2290B","Microsoft.Azure.PowerShell.Cmdlets.Migrate.Models.Api202001.IHealthErrorDetails[]","UEFI","2",,,,,"Yes","HICP1320A",,"/subscriptions/bc602065-8f71-487b-9fa1-e872b4ce9a79/resourceGroups/rg-dcstratmig-prd-004/providers/Microsoft.OffAzure/HyperVSites/HYPV-DAL-AZ-VA1534site/machines/9200d6aa-0b26-43f0-90fd-33a0b58786b6","9200d6aa-0b26-43f0-90fd-33a0b58786b6","False","False","True","Cluster","1048576","9200d6aa-0b26-43f0-90fd-33a0b58786b6","Microsoft.Azure.PowerShell.Cmdlets.Migrate.Models.Api202001.IHyperVNetworkAdapter[]","-1","2","Windows Server 2022 Standard","windowsguest","10.0.20348","Running","Microsoft.OffAzure/HyperVSites/machines","2025-02-18T13:52:12.0575412Z","C:\ClusterStorage\Volume6\HICD2290B\Virtual Machines\9200D6AA-0B26-43F0-90FD-33A0B58786B6.VMCX","HICD2290B.hicvdev.olcc.lan","9.0"
"8192",,,,,,,,,,"828C4F86-BA98-415D-B634-66F96964C635","8165-7803-3934-9507-6644-8536-54","HICP1320_CLU.olcc.lan","/subscriptions/bc602065-8f71-487b-9fa1-e872b4ce9a79/resourceGroups/rg-dcstratmig-prd-004/providers/Microsoft.OffAzure/HyperVSites/HYPV-DAL-AZ-VA1534site/clusters/hicp1320-clu-olcc-lan-31e1b8b3-0964-4bf3-b3c6-23cd3b478dfd","2025-02-14T18:19:50.4169982Z","Microsoft.Azure.PowerShell.Cmdlets.Migrate.Models.Api202001.IHyperVDisk[]","HICDR7041","Microsoft.Azure.PowerShell.Cmdlets.Migrate.Models.Api202001.IHealthErrorDetails[]","UEFI","2","2/18/2025 1:51:23 PM","Microsoft Windows Server 2022 Standard","Windows","10.0.20348","Yes","HICP1320G",,"/subscriptions/bc602065-8f71-487b-9fa1-e872b4ce9a79/resourceGroups/rg-dcstratmig-prd-004/providers/Microsoft.OffAzure/HyperVSites/HYPV-DAL-AZ-VA1534site/machines/f5076e3d-8e4b-4263-a175-123de334c2ec","f5076e3d-8e4b-4263-a175-123de334c2ec","False","False","False","Cluster","1048576","f5076e3d-8e4b-4263-a175-123de334c2ec","Microsoft.Azure.PowerShell.Cmdlets.Migrate.Models.Api202001.IHyperVNetworkAdapter[]","22","4","Windows Server 2022 Standard","windowsguest","10.0.20348","Running","Microsoft.OffAzure/HyperVSites/machines","2025-02-19T13:50:17.7692044Z","C:\ClusterStorage\Volume5\HICDR7041\Virtual Machines\F5076E3D-8E4B-4263-A175-123DE334C2EC.VMCX","HICDR7041.olcc.lan","9.0"
"8192",,,,,,,,,,"24EF4600-B829-499F-BDBD-3D225914B476","0444-3898-7231-7895-2025-7453-28","HICP1320_CLU.olcc.lan","/subscriptions/bc602065-8f71-487b-9fa1-e872b4ce9a79/resourceGroups/rg-dcstratmig-prd-004/providers/Microsoft.OffAzure/HyperVSites/HYPV-DAL-AZ-VA1534site/clusters/hicp1320-clu-olcc-lan-31e1b8b3-0964-4bf3-b3c6-23cd3b478dfd","2025-02-14T18:19:50.6669925Z","Microsoft.Azure.PowerShell.Cmdlets.Migrate.Models.Api202001.IHyperVDisk[]","NP02-APP02-RMQ","Microsoft.Azure.PowerShell.Cmdlets.Migrate.Models.Api202001.IHealthErrorDetails[]","BIOS","1","2/19/2025 1:50:05 PM","Microsoft Windows Server 2016 Standard","Windows","10.0.14393","Yes","HICP1320A",,"/subscriptions/bc602065-8f71-487b-9fa1-e872b4ce9a79/resourceGroups/rg-dcstratmig-prd-004/providers/Microsoft.OffAzure/HyperVSites/HYPV-DAL-AZ-VA1534site/machines/f03a451b-7ccd-479c-b6df-b5c47d65c05d","f03a451b-7ccd-479c-b6df-b5c47d65c05d","False","False","False","Cluster","65536","f03a451b-7ccd-479c-b6df-b5c47d65c05d","Microsoft.Azure.PowerShell.Cmdlets.Migrate.Models.Api202001.IHyperVNetworkAdapter[]","46","2","Windows Server 2016 Standard","windowsguest","10.0.14393","Running","Microsoft.OffAzure/HyperVSites/machines","2025-02-19T13:50:05.4522340Z","C:\ClusterStorage\Volume6\NP02-APP02-RMQ\Virtual Machines\F03A451B-7CCD-479C-B6DF-B5C47D65C05D.VMCX","NP02-APP02-RMQ.olcc.lan","9.0"
"4096",,,,,,,,,,"4E87C341-86BD-42B8-A901-44B06ADEEB9A","8721-5127-4639-6494-5915-2810-33","HICP1320_CLU.olcc.lan","/subscriptions/bc602065-8f71-487b-9fa1-e872b4ce9a79/resourceGroups/rg-dcstratmig-prd-004/providers/Microsoft.OffAzure/HyperVSites/HYPV-DAL-AZ-VA1534site/clusters/hicp1320-clu-olcc-lan-31e1b8b3-0964-4bf3-b3c6-23cd3b478dfd","2025-02-14T18:19:50.9169490Z","Microsoft.Azure.PowerShell.Cmdlets.Migrate.Models.Api202001.IHyperVDisk[]","HICD2224B","Microsoft.Azure.PowerShell.Cmdlets.Migrate.Models.Api202001.IHealthErrorDetails[]","UEFI","2","2/19/2025 1:49:58 PM","Microsoft Windows Server 2019 Standard","Windows","10.0.17763","Yes","HICP1320J",,"/subscriptions/bc602065-8f71-487b-9fa1-e872b4ce9a79/resourceGroups/rg-dcstratmig-prd-004/providers/Microsoft.OffAzure/HyperVSites/HYPV-DAL-AZ-VA1534site/machines/ecfb8b7b-1a94-412d-94e5-ca168cab541f","ecfb8b7b-1a94-412d-94e5-ca168cab541f","False","False","False","Cluster","1048576","ecfb8b7b-1a94-412d-94e5-ca168cab541f","Microsoft.Azure.PowerShell.Cmdlets.Migrate.Models.Api202001.IHyperVNetworkAdapter[]","61","2","Windows Server 2019 Standard","windowsguest","10.0.17763","Running","Microsoft.OffAzure/HyperVSites/machines","2025-02-19T13:50:16.0348258Z","C:\ClusterStorage\Volume8\HICD2224B\Virtual Machines\ECFB8B7B-1A94-412D-94E5-CA168CAB541F.VMCX","HICD2224B.olcc.lan","9.0"
"4096",,,,,,,,,,"0FF43238-5860-4B61-9B22-F88E0842E22C","4170-6048-8435-4340-7962-5011-32","HICP1320_CLU.olcc.lan","/subscriptions/bc602065-8f71-487b-9fa1-e872b4ce9a79/resourceGroups/rg-dcstratmig-prd-004/providers/Microsoft.OffAzure/HyperVSites/HYPV-DAL-AZ-VA1534site/clusters/hicp1320-clu-olcc-lan-31e1b8b3-0964-4bf3-b3c6-23cd3b478dfd","2025-02-14T18:19:51.1669683Z","Microsoft.Azure.PowerShell.Cmdlets.Migrate.Models.Api202001.IHyperVDisk[]","HICQ2342","Microsoft.Azure.PowerShell.Cmdlets.Migrate.Models.Api202001.IHealthErrorDetails[]","UEFI","2","2/18/2025 1:51:22 PM","Microsoft Windows Server 2022 Standard","Windows","10.0.20348","Yes","HICP1320J",,"/subscriptions/bc602065-8f71-487b-9fa1-e872b4ce9a79/resourceGroups/rg-dcstratmig-prd-004/providers/Microsoft.OffAzure/HyperVSites/HYPV-DAL-AZ-VA1534site/machines/53f0f2b3-18e6-4abe-b6a7-06ad7af84161","53f0f2b3-18e6-4abe-b6a7-06ad7af84161","False","False","False","Cluster","1048576","53f0f2b3-18e6-4abe-b6a7-06ad7af84161","Microsoft.Azure.PowerShell.Cmdlets.Migrate.Models.Api202001.IHyperVNetworkAdapter[]","7","2","Windows Server 2022 Standard","windowsguest","10.0.20348","Running","Microsoft.OffAzure/HyperVSites/machines","2025-02-18T13:52:40.4951796Z","C:\ClusterStorage\Volume10\HICQ2342\Virtual Machines\53F0F2B3-18E6-4ABE-B6A7-06AD7AF84161.VMCX","HICQ2342.olcc.lan","9.0"
"24576",,,,,,,,,,"0AED6A12-A10E-4F19-8080-173B34737A03","7464-1706-5112-2857-1740-6645-22","HICP1320_CLU.olcc.lan","/subscriptions/bc602065-8f71-487b-9fa1-e872b4ce9a79/resourceGroups/rg-dcstratmig-prd-004/providers/Microsoft.OffAzure/HyperVSites/HYPV-DAL-AZ-VA1534site/clusters/hicp1320-clu-olcc-lan-31e1b8b3-0964-4bf3-b3c6-23cd3b478dfd","2025-02-14T18:19:51.4170318Z","Microsoft.Azure.PowerShell.Cmdlets.Migrate.Models.Api202001.IHyperVDisk[]","HICQ2303B","Microsoft.Azure.PowerShell.Cmdlets.Migrate.Models.Api202001.IHealthErrorDetails[]","UEFI","2","2/18/2025 1:51:19 PM","Microsoft Windows Server 2022 Standard","Windows","10.0.20348","Yes","HICP1320F",,"/subscriptions/bc602065-8f71-487b-9fa1-e872b4ce9a79/resourceGroups/rg-dcstratmig-prd-004/providers/Microsoft.OffAzure/HyperVSites/HYPV-DAL-AZ-VA1534site/machines/393624fc-fdc7-4d5e-884c-042a4a1ffd04","393624fc-fdc7-4d5e-884c-042a4a1ffd04","False","False","False","Cluster","1048576","393624fc-fdc7-4d5e-884c-042a4a1ffd04","Microsoft.Azure.PowerShell.Cmdlets.Migrate.Models.Api202001.IHyperVNetworkAdapter[]","43","12","Windows Server 2022 Standard","windowsguest","10.0.20348","Running","Microsoft.OffAzure/HyperVSites/machines","2025-02-18T13:52:39.2450995Z","C:\ClusterStorage\Volume8\HICQ2303B\Virtual Machines\393624FC-FDC7-4D5E-884C-042A4A1FFD04.VMCX","HICQ2303B.olcc.lan","9.0"
"4096",,,,,,,,,,"912CCA94-8126-4B92-82EB-D9000998A981","7594-0987-4528-4240-2183-5179-43","HICP1320_CLU.olcc.lan","/subscriptions/bc602065-8f71-487b-9fa1-e872b4ce9a79/resourceGroups/rg-dcstratmig-prd-004/providers/Microsoft.OffAzure/HyperVSites/HYPV-DAL-AZ-VA1534site/clusters/hicp1320-clu-olcc-lan-31e1b8b3-0964-4bf3-b3c6-23cd3b478dfd","2025-02-14T18:19:51.6669837Z","Microsoft.Azure.PowerShell.Cmdlets.Migrate.Models.Api202001.IHyperVDisk[]","HICD2000","Microsoft.Azure.PowerShell.Cmdlets.Migrate.Models.Api202001.IHealthErrorDetails[]","BIOS","1","2/18/2025 1:51:20 PM","Microsoft Windows Server 2019 Standard","Windows","10.0.17763","Yes","HICP1320B",,"/subscriptions/bc602065-8f71-487b-9fa1-e872b4ce9a79/resourceGroups/rg-dcstratmig-prd-004/providers/Microsoft.OffAzure/HyperVSites/HYPV-DAL-AZ-VA1534site/machines/2b50d5da-6ddc-4523-a560-a3f74889032f","2b50d5da-6ddc-4523-a560-a3f74889032f","False","False","False","Cluster","65536","2b50d5da-6ddc-4523-a560-a3f74889032f","Microsoft.Azure.PowerShell.Cmdlets.Migrate.Models.Api202001.IHyperVNetworkAdapter[]","29","2","Windows Server 2019 Standard","windowsguest","10.0.17763","Running","Microsoft.OffAzure/HyperVSites/machines","2025-02-18T13:52:39.7451031Z","C:\ClusterStorage\Volume5\HICD2000\Virtual Machines\2B50D5DA-6DDC-4523-A560-A3F74889032F.VMCX","HICD2000.olcc.lan","9.0"
"8192",,,,,,,,,,"C6C55F07-BC28-4291-B9E2-EC6CCF06811F","9331-5672-1003-1289-6141-0325-45","HICP1320_CLU.olcc.lan","/subscriptions/bc602065-8f71-487b-9fa1-e872b4ce9a79/resourceGroups/rg-dcstratmig-prd-004/providers/Microsoft.OffAzure/HyperVSites/HYPV-DAL-AZ-VA1534site/clusters/hicp1320-clu-olcc-lan-31e1b8b3-0964-4bf3-b3c6-23cd3b478dfd","2025-02-14T18:19:51.9169903Z","Microsoft.Azure.PowerShell.Cmdlets.Migrate.Models.Api202001.IHyperVDisk[]","HICP2385","Microsoft.Azure.PowerShell.Cmdlets.Migrate.Models.Api202001.IHealthErrorDetails[]","UEFI","2",,,,,"Yes","HICP1320E",,"/subscriptions/bc602065-8f71-487b-9fa1-e872b4ce9a79/resourceGroups/rg-dcstratmig-prd-004/providers/Microsoft.OffAzure/HyperVSites/HYPV-DAL-AZ-VA1534site/machines/9829c361-a08b-4e9c-bd9e-00d8576e5ff9","9829c361-a08b-4e9c-bd9e-00d8576e5ff9","False","False","True","Cluster","1048576","9829c361-a08b-4e9c-bd9e-00d8576e5ff9","Microsoft.Azure.PowerShell.Cmdlets.Migrate.Models.Api202001.IHyperVNetworkAdapter[]","-1","4",,"otherguestfamily",,"PowerOff","Microsoft.OffAzure/HyperVSites/machines","2025-02-18T13:51:30.6355951Z","C:\ClusterStorage\volume9\atlanta_replication\Hyper-V Replica\Virtual Machines\9829C361-A08B-4E9C-BD9E-00D8576E5FF9.VMCX","","9.0"
"8192",,,,,,,,,,"1DF1C6EA-BC89-4602-BCEB-BD571A6AF7ED","9276-2771-5543-0933-3015-8599-99","HICP1320_CLU.olcc.lan","/subscriptions/bc602065-8f71-487b-9fa1-e872b4ce9a79/resourceGroups/rg-dcstratmig-prd-004/providers/Microsoft.OffAzure/HyperVSites/HYPV-DAL-AZ-VA1534site/clusters/hicp1320-clu-olcc-lan-31e1b8b3-0964-4bf3-b3c6-23cd3b478dfd","2025-02-14T18:19:52.1826095Z","Microsoft.Azure.PowerShell.Cmdlets.Migrate.Models.Api202001.IHyperVDisk[]","HICDR7040","Microsoft.Azure.PowerShell.Cmdlets.Migrate.Models.Api202001.IHealthErrorDetails[]","UEFI","2","2/19/2025 1:49:50 PM","Microsoft Windows Server 2022 Standard","Windows","10.0.20348","Yes","HICP1320K",,"/subscriptions/bc602065-8f71-487b-9fa1-e872b4ce9a79/resourceGroups/rg-dcstratmig-prd-004/providers/Microsoft.OffAzure/HyperVSites/HYPV-DAL-AZ-VA1534site/machines/3803c125-6328-4e75-ae82-5cf7a76c8906","3803c125-6328-4e75-ae82-5cf7a76c8906","False","False","False","Cluster","1048576","3803c125-6328-4e75-ae82-5cf7a76c8906","Microsoft.Azure.PowerShell.Cmdlets.Migrate.Models.Api202001.IHyperVNetworkAdapter[]","22","4","Windows Server 2022 Standard","windowsguest","10.0.20348","Running","Microsoft.OffAzure/HyperVSites/machines","2025-02-19T13:50:12.0035921Z","C:\ClusterStorage\Volume5\HICDR7040\Virtual Machines\3803C125-6328-4E75-AE82-5CF7A76C8906.VMCX","HICDR7040.olcc.lan","9.0"
"4096",,,,,,,,,,"0FA14067-4456-4C44-AA0C-100D04B8E32B","9306-2892-9844-7099-3895-0866-79","HICP1320_CLU.olcc.lan","/subscriptions/bc602065-8f71-487b-9fa1-e872b4ce9a79/resourceGroups/rg-dcstratmig-prd-004/providers/Microsoft.OffAzure/HyperVSites/HYPV-DAL-AZ-VA1534site/clusters/hicp1320-clu-olcc-lan-31e1b8b3-0964-4bf3-b3c6-23cd3b478dfd","2025-02-14T18:19:52.4169810Z","Microsoft.Azure.PowerShell.Cmdlets.Migrate.Models.Api202001.IHyperVDisk[]","NP02-CTX01-ACQ","Microsoft.Azure.PowerShell.Cmdlets.Migrate.Models.Api202001.IHealthErrorDetails[]","BIOS","1",,,,,"Yes","HICP1320J",,"/subscriptions/bc602065-8f71-487b-9fa1-e872b4ce9a79/resourceGroups/rg-dcstratmig-prd-004/providers/Microsoft.OffAzure/HyperVSites/HYPV-DAL-AZ-VA1534site/machines/d9c640a9-d37b-422f-96c4-d981221d654a","d9c640a9-d37b-422f-96c4-d981221d654a","False","False","True","Cluster","65536","d9c640a9-d37b-422f-96c4-d981221d654a","Microsoft.Azure.PowerShell.Cmdlets.Migrate.Models.Api202001.IHyperVNetworkAdapter[]","-1","4","Windows Server 2008 R2 Standard","windowsguest","6.1.7601","Running","Microsoft.OffAzure/HyperVSites/machines","2025-02-18T13:52:11.5419505Z","C:\ClusterStorage\Volume5\NP02-CTX01-ACQ\Virtual Machines\D9C640A9-D37B-422F-96C4-D981221D654A.VMCX","NP02-CTX01-ACQ.olcc.lan","9.0"
"4096",,,,,,,,,,"2C2E5B9A-2F8C-40E4-BED6-B45E1CE33AC9","5884-2201-2115-2740-2672-2381-21","HICP1320_CLU.olcc.lan","/subscriptions/bc602065-8f71-487b-9fa1-e872b4ce9a79/resourceGroups/rg-dcstratmig-prd-004/providers/Microsoft.OffAzure/HyperVSites/HYPV-DAL-AZ-VA1534site/clusters/hicp1320-clu-olcc-lan-31e1b8b3-0964-4bf3-b3c6-23cd3b478dfd","2025-02-14T18:19:52.6669622Z","Microsoft.Azure.PowerShell.Cmdlets.Migrate.Models.Api202001.IHyperVDisk[]","HICQ2385","Microsoft.Azure.PowerShell.Cmdlets.Migrate.Models.Api202001.IHealthErrorDetails[]","UEFI","2","2/16/2025 6:12:03 PM","Microsoft Windows Server 2019 Standard","Windows","10.0.17763","Yes","HICP1320D",,"/subscriptions/bc602065-8f71-487b-9fa1-e872b4ce9a79/resourceGroups/rg-dcstratmig-prd-004/providers/Microsoft.OffAzure/HyperVSites/HYPV-DAL-AZ-VA1534site/machines/0e18d00d-8320-404f-b1ac-1d62ff425ea5","0e18d00d-8320-404f-b1ac-1d62ff425ea5","False","False","False","Cluster","1048576","0e18d00d-8320-404f-b1ac-1d62ff425ea5","Microsoft.Azure.PowerShell.Cmdlets.Migrate.Models.Api202001.IHyperVNetworkAdapter[]","567","2","Windows Server 2019 Standard","windowsguest","10.0.17763","Running","Microsoft.OffAzure/HyperVSites/machines","2025-02-18T13:51:50.0262788Z","C:\ClusterStorage\Volume8\HICQ2385\Virtual Machines\0E18D00D-8320-404F-B1AC-1D62FF425EA5.VMCX","HICQ2385.olcc.lan","9.0"
"4096",,,,,,,,,,"E84D30D4-5E3A-441B-A660-8FD52E4B8E0B","0175-0886-7600-7416-8753-4086-17","HICP1320_CLU.olcc.lan","/subscriptions/bc602065-8f71-487b-9fa1-e872b4ce9a79/resourceGroups/rg-dcstratmig-prd-004/providers/Microsoft.OffAzure/HyperVSites/HYPV-DAL-AZ-VA1534site/clusters/hicp1320-clu-olcc-lan-31e1b8b3-0964-4bf3-b3c6-23cd3b478dfd","2025-02-14T18:19:52.9169900Z","Microsoft.Azure.PowerShell.Cmdlets.Migrate.Models.Api202001.IHyperVDisk[]","HICD2805A","Microsoft.Azure.PowerShell.Cmdlets.Migrate.Models.Api202001.IHealthErrorDetails[]","UEFI","2",,,,,"Yes","HICP1320B",,"/subscriptions/bc602065-8f71-487b-9fa1-e872b4ce9a79/resourceGroups/rg-dcstratmig-prd-004/providers/Microsoft.OffAzure/HyperVSites/HYPV-DAL-AZ-VA1534site/machines/b9327be8-5ba5-480b-b053-3e540d892ffd","b9327be8-5ba5-480b-b053-3e540d892ffd","False","False","True","Cluster","1048576","b9327be8-5ba5-480b-b053-3e540d892ffd","Microsoft.Azure.PowerShell.Cmdlets.Migrate.Models.Api202001.IHyperVNetworkAdapter[]","-1","2","Windows Server 2019 Standard","windowsguest","10.0.17763","Running","Microsoft.OffAzure/HyperVSites/machines","2025-02-18T13:51:58.4013109Z","C:\ClusterStorage\Volume10\HICD2805A\Virtual Machines\B9327BE8-5BA5-480B-B053-3E540D892FFD.VMCX","HICD2805A","9.0"
"2048",,,,,,,,,,"D7CE8651-1F3C-492D-8838-2C9C4888BB44","0172-1932-8809-0198-5177-0930-65","HICP1320_CLU.olcc.lan","/subscriptions/bc602065-8f71-487b-9fa1-e872b4ce9a79/resourceGroups/rg-dcstratmig-prd-004/providers/Microsoft.OffAzure/HyperVSites/HYPV-DAL-AZ-VA1534site/clusters/hicp1320-clu-olcc-lan-31e1b8b3-0964-4bf3-b3c6-23cd3b478dfd","2025-02-14T18:19:53.1669843Z","Microsoft.Azure.PowerShell.Cmdlets.Migrate.Models.Api202001.IHyperVDisk[]","OLWEBTST2","Microsoft.Azure.PowerShell.Cmdlets.Migrate.Models.Api202001.IHealthErrorDetails[]","BIOS","1",,,,,"Yes","HICP1320E",,"/subscriptions/bc602065-8f71-487b-9fa1-e872b4ce9a79/resourceGroups/rg-dcstratmig-prd-004/providers/Microsoft.OffAzure/HyperVSites/HYPV-DAL-AZ-VA1534site/machines/28c13a11-2413-4910-9d79-bcaddd46ba12","28c13a11-2413-4910-9d79-bcaddd46ba12","False","False","True","Cluster","65536","28c13a11-2413-4910-9d79-bcaddd46ba12","Microsoft.Azure.PowerShell.Cmdlets.Migrate.Models.Api202001.IHyperVNetworkAdapter[]","-1","1",,"otherguestfamily",,"PowerOff","Microsoft.OffAzure/HyperVSites/machines","2025-02-18T13:51:38.9637774Z","C:\ClusterStorage\Volume6\OLWEBTST2\Virtual Machines\28C13A11-2413-4910-9D79-BCADDD46BA12.VMCX","","9.0"
"8192",,,,,,,,,,"D469685D-AA72-432E-B038-DFCD8EB5ED71","4465-7567-5945-6618-8877-1043-60","HICP1320_CLU.olcc.lan","/subscriptions/bc602065-8f71-487b-9fa1-e872b4ce9a79/resourceGroups/rg-dcstratmig-prd-004/providers/Microsoft.OffAzure/HyperVSites/HYPV-DAL-AZ-VA1534site/clusters/hicp1320-clu-olcc-lan-31e1b8b3-0964-4bf3-b3c6-23cd3b478dfd","2025-02-14T18:19:53.4169904Z","Microsoft.Azure.PowerShell.Cmdlets.Migrate.Models.Api202001.IHyperVDisk[]","HICN2380B","Microsoft.Azure.PowerShell.Cmdlets.Migrate.Models.Api202001.IHealthErrorDetails[]","UEFI","2","2/19/2025 1:49:59 PM","Microsoft Windows Server 2019 Standard","Windows","10.0.17763","Yes","HICP1320A",,"/subscriptions/bc602065-8f71-487b-9fa1-e872b4ce9a79/resourceGroups/rg-dcstratmig-prd-004/providers/Microsoft.OffAzure/HyperVSites/HYPV-DAL-AZ-VA1534site/machines/a8159ea2-1a13-4d6d-bc92-5a61605346f1","a8159ea2-1a13-4d6d-bc92-5a61605346f1","False","False","False","Cluster","1048576","a8159ea2-1a13-4d6d-bc92-5a61605346f1","Microsoft.Azure.PowerShell.Cmdlets.Migrate.Models.Api202001.IHyperVNetworkAdapter[]","28","2","Windows Server 2019 Standard","windowsguest","10.0.17763","Running","Microsoft.OffAzure/HyperVSites/machines","2025-02-19T13:50:16.2692427Z","C:\ClusterStorage\Volume6\HICN2380B\Virtual Machines\A8159EA2-1A13-4D6D-BC92-5A61605346F1.VMCX","HICN2380B.olcc.lan","9.0"
"4096",,,,,,,,,,"560594B6-EEC3-4F3F-A2DA-B0F2EE448734","8913-0938-0014-2361-7310-0448-96","HICP1320_CLU.olcc.lan","/subscriptions/bc602065-8f71-487b-9fa1-e872b4ce9a79/resourceGroups/rg-dcstratmig-prd-004/providers/Microsoft.OffAzure/HyperVSites/HYPV-DAL-AZ-VA1534site/clusters/hicp1320-clu-olcc-lan-31e1b8b3-0964-4bf3-b3c6-23cd3b478dfd","2025-02-14T18:19:53.6669630Z","Microsoft.Azure.PowerShell.Cmdlets.Migrate.Models.Api202001.IHyperVDisk[]","HICQ2153A","Microsoft.Azure.PowerShell.Cmdlets.Migrate.Models.Api202001.IHealthErrorDetails[]","UEFI","2",,,,,"Yes","HICP1320B",,"/subscriptions/bc602065-8f71-487b-9fa1-e872b4ce9a79/resourceGroups/rg-dcstratmig-prd-004/providers/Microsoft.OffAzure/HyperVSites/HYPV-DAL-AZ-VA1534site/machines/5f1a38a0-a1f3-4e24-9f50-afd9ae0b7182","5f1a38a0-a1f3-4e24-9f50-afd9ae0b7182","False","False","True","Cluster","1048576","5f1a38a0-a1f3-4e24-9f50-afd9ae0b7182","Microsoft.Azure.PowerShell.Cmdlets.Migrate.Models.Api202001.IHyperVNetworkAdapter[]","-1","2","Windows Server 2019 Standard","windowsguest","10.0.17763","Running","Microsoft.OffAzure/HyperVSites/machines","2025-02-18T13:51:36.6825113Z","C:\ClusterStorage\Volume10\HICQ2153A\Virtual Machines\5F1A38A0-A1F3-4E24-9F50-AFD9AE0B7182.VMCX","HICQ2153A","9.0"
"16384",,,,,,,,,,"EC233993-7BCB-4BD4-933F-B4BC2E03E6A6","1183-3725-7591-1593-0232-9986-72","HICP1320_CLU.olcc.lan","/subscriptions/bc602065-8f71-487b-9fa1-e872b4ce9a79/resourceGroups/rg-dcstratmig-prd-004/providers/Microsoft.OffAzure/HyperVSites/HYPV-DAL-AZ-VA1534site/clusters/hicp1320-clu-olcc-lan-31e1b8b3-0964-4bf3-b3c6-23cd3b478dfd","2025-02-14T18:19:53.9326214Z","Microsoft.Azure.PowerShell.Cmdlets.Migrate.Models.Api202001.IHyperVDisk[]","HICD6510","Microsoft.Azure.PowerShell.Cmdlets.Migrate.Models.Api202001.IHealthErrorDetails[]","UEFI","2","2/18/2025 1:51:16 PM","Microsoft Windows Server 2022 Standard","Windows","10.0.20348","Yes","HICP1320G",,"/subscriptions/bc602065-8f71-487b-9fa1-e872b4ce9a79/resourceGroups/rg-dcstratmig-prd-004/providers/Microsoft.OffAzure/HyperVSites/HYPV-DAL-AZ-VA1534site/machines/1406d731-cb8d-4d78-9e23-655ba0bcbb47","1406d731-cb8d-4d78-9e23-655ba0bcbb47","False","False","False","Cluster","1048576","1406d731-cb8d-4d78-9e23-655ba0bcbb47","Microsoft.Azure.PowerShell.Cmdlets.Migrate.Models.Api202001.IHyperVNetworkAdapter[]","35","8","Windows Server 2022 Standard","windowsguest","10.0.20348","Running","Microsoft.OffAzure/HyperVSites/machines","2025-02-18T13:52:12.3075281Z","C:\ClusterStorage\Volume5\HICD6510\Virtual Machines\1406D731-CB8D-4D78-9E23-655BA0BCBB47.VMCX","HICD6510.olcc.lan","9.0"
"16384",,,,,,,,,,"7C3E7777-E056-4083-9F97-83B644B91169","5205-8532-0447-1875-7945-8688-57","HICP1320_CLU.olcc.lan","/subscriptions/bc602065-8f71-487b-9fa1-e872b4ce9a79/resourceGroups/rg-dcstratmig-prd-004/providers/Microsoft.OffAzure/HyperVSites/HYPV-DAL-AZ-VA1534site/clusters/hicp1320-clu-olcc-lan-31e1b8b3-0964-4bf3-b3c6-23cd3b478dfd","2025-02-14T18:19:54.1826017Z","Microsoft.Azure.PowerShell.Cmdlets.Migrate.Models.Api202001.IHyperVDisk[]","HICQ2181A","Microsoft.Azure.PowerShell.Cmdlets.Migrate.Models.Api202001.IHealthErrorDetails[]","UEFI","2","2/18/2025 1:50:49 PM","Microsoft Windows Server 2016 Standard","Windows","10.0.14393","Yes","HICP1320C",,"/subscriptions/bc602065-8f71-487b-9fa1-e872b4ce9a79/resourceGroups/rg-dcstratmig-prd-004/providers/Microsoft.OffAzure/HyperVSites/HYPV-DAL-AZ-VA1534site/machines/38c73482-a7f1-4045-b7bc-c44d582a7d6d","38c73482-a7f1-4045-b7bc-c44d582a7d6d","False","False","False","Cluster","1048576","38c73482-a7f1-4045-b7bc-c44d582a7d6d","Microsoft.Azure.PowerShell.Cmdlets.Migrate.Models.Api202001.IHyperVNetworkAdapter[]","24","4","Windows Server 2016 Standard","windowsguest","10.0.14393","Running","Microsoft.OffAzure/HyperVSites/machines","2025-02-18T13:52:34.4325454Z","C:\ClusterStorage\Volume6\HICQ2181A\Virtual Machines\38C73482-A7F1-4045-B7BC-C44D582A7D6D.VMCX","HICQ2181A.olcc.lan","9.0"
"8192",,,,,,,,,,"6364B241-2A1A-41C7-8D60-77B01B4D5EA4","4652-5590-5862-4263-5893-0769-13","HICP1320_CLU.olcc.lan","/subscriptions/bc602065-8f71-487b-9fa1-e872b4ce9a79/resourceGroups/rg-dcstratmig-prd-004/providers/Microsoft.OffAzure/HyperVSites/HYPV-DAL-AZ-VA1534site/clusters/hicp1320-clu-olcc-lan-31e1b8b3-0964-4bf3-b3c6-23cd3b478dfd","2025-02-14T18:19:54.4325896Z","Microsoft.Azure.PowerShell.Cmdlets.Migrate.Models.Api202001.IHyperVDisk[]","DC01-EDOCS-01","Microsoft.Azure.PowerShell.Cmdlets.Migrate.Models.Api202001.IHealthErrorDetails[]","BIOS","1",,,,,"Yes","HICP1320H",,"/subscriptions/bc602065-8f71-487b-9fa1-e872b4ce9a79/resourceGroups/rg-dcstratmig-prd-004/providers/Microsoft.OffAzure/HyperVSites/HYPV-DAL-AZ-VA1534site/machines/2db3d868-deba-42a0-86dd-d6e8c14d6e95","2db3d868-deba-42a0-86dd-d6e8c14d6e95","False","False","True","Cluster","65536","2db3d868-deba-42a0-86dd-d6e8c14d6e95","Microsoft.Azure.PowerShell.Cmdlets.Migrate.Models.Api202001.IHyperVNetworkAdapter[]","-1","4",,"otherguestfamily",,"PowerOff","Microsoft.OffAzure/HyperVSites/machines","2025-02-18T13:52:04.4794285Z","C:\ClusterStorage\volume9\atlanta_replication\Hyper-V Replica\Virtual Machines\2DB3D868-DEBA-42A0-86DD-D6E8C14D6E95.VMCX","","9.0"
"4096",,,,,,,,,,"0EB09236-ACE8-4DEA-9BC4-80A8078EE0A7","4255-6920-0609-4128-7184-8160-24","HICP1320_CLU.olcc.lan","/subscriptions/bc602065-8f71-487b-9fa1-e872b4ce9a79/resourceGroups/rg-dcstratmig-prd-004/providers/Microsoft.OffAzure/HyperVSites/HYPV-DAL-AZ-VA1534site/clusters/hicp1320-clu-olcc-lan-31e1b8b3-0964-4bf3-b3c6-23cd3b478dfd","2025-02-14T18:19:54.6826186Z","Microsoft.Azure.PowerShell.Cmdlets.Migrate.Models.Api202001.IHyperVDisk[]","HICD2342","Microsoft.Azure.PowerShell.Cmdlets.Migrate.Models.Api202001.IHealthErrorDetails[]","UEFI","2","2/18/2025 1:50:23 PM","Microsoft Windows Server 2022 Standard","Windows","10.0.20348","Yes","HICP1320B",,"/subscriptions/bc602065-8f71-487b-9fa1-e872b4ce9a79/resourceGroups/rg-dcstratmig-prd-004/providers/Microsoft.OffAzure/HyperVSites/HYPV-DAL-AZ-VA1534site/machines/cbc435b8-deb0-40d0-9b69-4112cdcf0c91","cbc435b8-deb0-40d0-9b69-4112cdcf0c91","False","False","False","Cluster","1048576","cbc435b8-deb0-40d0-9b69-4112cdcf0c91","Microsoft.Azure.PowerShell.Cmdlets.Migrate.Models.Api202001.IHyperVNetworkAdapter[]","7","2","Windows Server 2022 Standard","windowsguest","10.0.20348","Running","Microsoft.OffAzure/HyperVSites/machines","2025-02-18T13:51:34.3855966Z","C:\ClusterStorage\Volume8\HICD2342\Virtual Machines\CBC435B8-DEB0-40D0-9B69-4112CDCF0C91.VMCX","HICD2342.olcc.lan","9.0"
"8192",,,,,,,,,,"315BDBA3-8132-43B0-B4B2-8CAE83F66F77","1082-7874-1828-3128-6691-0462-35","HICP1320_CLU.olcc.lan","/subscriptions/bc602065-8f71-487b-9fa1-e872b4ce9a79/resourceGroups/rg-dcstratmig-prd-004/providers/Microsoft.OffAzure/HyperVSites/HYPV-DAL-AZ-VA1534site/clusters/hicp1320-clu-olcc-lan-31e1b8b3-0964-4bf3-b3c6-23cd3b478dfd","2025-02-14T18:19:54.9326236Z","Microsoft.Azure.PowerShell.Cmdlets.Migrate.Models.Api202001.IHyperVDisk[]","DC01-APP01-AZSQL","Microsoft.Azure.PowerShell.Cmdlets.Migrate.Models.Api202001.IHealthErrorDetails[]","BIOS","1",,,,,"Yes","HICP1320J",,"/subscriptions/bc602065-8f71-487b-9fa1-e872b4ce9a79/resourceGroups/rg-dcstratmig-prd-004/providers/Microsoft.OffAzure/HyperVSites/HYPV-DAL-AZ-VA1534site/machines/de9cd76d-8346-40e9-a913-afeed94b4c69","de9cd76d-8346-40e9-a913-afeed94b4c69","False","False","True","Cluster","65536","de9cd76d-8346-40e9-a913-afeed94b4c69","Microsoft.Azure.PowerShell.Cmdlets.Migrate.Models.Api202001.IHyperVNetworkAdapter[]","-1","2",,"otherguestfamily",,"PowerOff","Microsoft.OffAzure/HyperVSites/machines","2025-02-18T13:51:47.4793739Z","C:\ClusterStorage\volume9\atlanta_replication\Hyper-V Replica\Virtual Machines\DE9CD76D-8346-40E9-A913-AFEED94B4C69.VMCX","","9.0"
"8192",,,,,,,,,,"EBFAABC8-9AA7-477A-9C90-4597EBBC2AA7","1186-8927-0556-6515-0641-3066-91","HICP1320_CLU.olcc.lan","/subscriptions/bc602065-8f71-487b-9fa1-e872b4ce9a79/resourceGroups/rg-dcstratmig-prd-004/providers/Microsoft.OffAzure/HyperVSites/HYPV-DAL-AZ-VA1534site/clusters/hicp1320-clu-olcc-lan-31e1b8b3-0964-4bf3-b3c6-23cd3b478dfd","2025-02-14T18:19:55.1825993Z","Microsoft.Azure.PowerShell.Cmdlets.Migrate.Models.Api202001.IHyperVDisk[]","NP02-PS01-ADM","Microsoft.Azure.PowerShell.Cmdlets.Migrate.Models.Api202001.IHealthErrorDetails[]","BIOS","1","2/18/2025 1:51:04 PM","Microsoft Windows Server 2019 Standard","Windows","10.0.17763","Yes","HICP1320A",,"/subscriptions/bc602065-8f71-487b-9fa1-e872b4ce9a79/resourceGroups/rg-dcstratmig-prd-004/providers/Microsoft.OffAzure/HyperVSites/HYPV-DAL-AZ-VA1534site/machines/b25b35d7-1d29-4476-82a3-afbb29f2a8cd","b25b35d7-1d29-4476-82a3-afbb29f2a8cd","False","False","False","Cluster","65536","b25b35d7-1d29-4476-82a3-afbb29f2a8cd","Microsoft.Azure.PowerShell.Cmdlets.Migrate.Models.Api202001.IHyperVNetworkAdapter[]","53","2","Windows Server 2019 Standard","windowsguest","10.0.17763","Running","Microsoft.OffAzure/HyperVSites/machines","2025-02-18T13:52:01.7293917Z","C:\ClusterStorage\Volume8\NP02-PS01-ADM\Virtual Machines\B25B35D7-1D29-4476-82A3-AFBB29F2A8CD.VMCX","NP02-PS01-ADM.olcc.lan","9.0"
"4096",,,,,,,,,,"CF488035-58DE-4B5E-8F1E-5C3981D34A96","0539-5462-3748-5991-6718-7886-31","HICP1320_CLU.olcc.lan","/subscriptions/bc602065-8f71-487b-9fa1-e872b4ce9a79/resourceGroups/rg-dcstratmig-prd-004/providers/Microsoft.OffAzure/HyperVSites/HYPV-DAL-AZ-VA1534site/clusters/hicp1320-clu-olcc-lan-31e1b8b3-0964-4bf3-b3c6-23cd3b478dfd","2025-02-14T18:19:55.4325897Z","Microsoft.Azure.PowerShell.Cmdlets.Migrate.Models.Api202001.IHyperVDisk[]","DC01-WEB02-PCI","Microsoft.Azure.PowerShell.Cmdlets.Migrate.Models.Api202001.IHealthErrorDetails[]","BIOS","1",,,,,"Yes","HICP1320K",,"/subscriptions/bc602065-8f71-487b-9fa1-e872b4ce9a79/resourceGroups/rg-dcstratmig-prd-004/providers/Microsoft.OffAzure/HyperVSites/HYPV-DAL-AZ-VA1534site/machines/8bf5aded-77cb-4915-bee6-92ac56b871f9","8bf5aded-77cb-4915-bee6-92ac56b871f9","False","False","True","Cluster","65536","8bf5aded-77cb-4915-bee6-92ac56b871f9","Microsoft.Azure.PowerShell.Cmdlets.Migrate.Models.Api202001.IHyperVNetworkAdapter[]","-1","2",,"otherguestfamily",,"PowerOff","Microsoft.OffAzure/HyperVSites/machines","2025-02-18T13:51:27.3699931Z","C:\ClusterStorage\volume9\atlanta_replication\Hyper-V Replica\Virtual Machines\8BF5ADED-77CB-4915-BEE6-92AC56B871F9.VMCX","","9.0"
"8192",,,,,,,,,,"AF6D224C-C243-403F-8437-661E640B3940","0021-7370-0233-3258-3970-2610-21","HICP1320_CLU.olcc.lan","/subscriptions/bc602065-8f71-487b-9fa1-e872b4ce9a79/resourceGroups/rg-dcstratmig-prd-004/providers/Microsoft.OffAzure/HyperVSites/HYPV-DAL-AZ-VA1534site/clusters/hicp1320-clu-olcc-lan-31e1b8b3-0964-4bf3-b3c6-23cd3b478dfd","2025-02-14T18:19:55.6826412Z","Microsoft.Azure.PowerShell.Cmdlets.Migrate.Models.Api202001.IHyperVDisk[]","HICP2153A","Microsoft.Azure.PowerShell.Cmdlets.Migrate.Models.Api202001.IHealthErrorDetails[]","UEFI","2",,,,,"Yes","HICP1320G",,"/subscriptions/bc602065-8f71-487b-9fa1-e872b4ce9a79/resourceGroups/rg-dcstratmig-prd-004/providers/Microsoft.OffAzure/HyperVSites/HYPV-DAL-AZ-VA1534site/machines/1195df99-1568-4b6f-b30e-83f3c879fbce","1195df99-1568-4b6f-b30e-83f3c879fbce","False","False","True","Cluster","1048576","1195df99-1568-4b6f-b30e-83f3c879fbce","Microsoft.Azure.PowerShell.Cmdlets.Migrate.Models.Api202001.IHyperVNetworkAdapter[]","-1","2",,"otherguestfamily",,"PowerOff","Microsoft.OffAzure/HyperVSites/machines","2025-02-18T13:51:33.8856265Z","C:\ClusterStorage\volume9\atlanta_replication\Hyper-V Replica\Virtual Machines\1195DF99-1568-4B6F-B30E-83F3C879FBCE.VMCX","","9.0"
"8192",,,,,,,,,,"9B0177A3-8FB6-428F-85AC-A3F5BC49B6BC","8838-0438-1773-4659-6648-2813-77","HICP1320_CLU.olcc.lan","/subscriptions/bc602065-8f71-487b-9fa1-e872b4ce9a79/resourceGroups/rg-dcstratmig-prd-004/providers/Microsoft.OffAzure/HyperVSites/HYPV-DAL-AZ-VA1534site/clusters/hicp1320-clu-olcc-lan-31e1b8b3-0964-4bf3-b3c6-23cd3b478dfd","2025-02-14T18:19:55.9326126Z","Microsoft.Azure.PowerShell.Cmdlets.Migrate.Models.Api202001.IHyperVDisk[]","HICP2387","Microsoft.Azure.PowerShell.Cmdlets.Migrate.Models.Api202001.IHealthErrorDetails[]","UEFI","2",,,,,"Yes","HICP1320G",,"/subscriptions/bc602065-8f71-487b-9fa1-e872b4ce9a79/resourceGroups/rg-dcstratmig-prd-004/providers/Microsoft.OffAzure/HyperVSites/HYPV-DAL-AZ-VA1534site/machines/05b37ba3-dd96-4b0c-8949-a607ae51fe00","05b37ba3-dd96-4b0c-8949-a607ae51fe00","False","False","True","Cluster","1048576","05b37ba3-dd96-4b0c-8949-a607ae51fe00","Microsoft.Azure.PowerShell.Cmdlets.Migrate.Models.Api202001.IHyperVNetworkAdapter[]","-1","4",,"otherguestfamily",,"PowerOff","Microsoft.OffAzure/HyperVSites/machines","2025-02-18T13:51:55.8387794Z","C:\ClusterStorage\volume9\atlanta_replication\Hyper-V Replica\Virtual Machines\05B37BA3-DD96-4B0C-8949-A607AE51FE00.VMCX","","9.0"
"16384",,,,,,,,,,"F78A62B8-2A7F-4D43-8C02-A1AD881B40C4","7138-4514-7256-4354-3199-4181-80","HICP1320_CLU.olcc.lan","/subscriptions/bc602065-8f71-487b-9fa1-e872b4ce9a79/resourceGroups/rg-dcstratmig-prd-004/providers/Microsoft.OffAzure/HyperVSites/HYPV-DAL-AZ-VA1534site/clusters/hicp1320-clu-olcc-lan-31e1b8b3-0964-4bf3-b3c6-23cd3b478dfd","2025-02-14T18:19:56.1826292Z","Microsoft.Azure.PowerShell.Cmdlets.Migrate.Models.Api202001.IHyperVDisk[]","HICQ2181D","Microsoft.Azure.PowerShell.Cmdlets.Migrate.Models.Api202001.IHealthErrorDetails[]","UEFI","2","2/18/2025 1:51:02 PM","Microsoft Windows Server 2016 Standard","Windows","10.0.14393","Yes","HICP1320H",,"/subscriptions/bc602065-8f71-487b-9fa1-e872b4ce9a79/resourceGroups/rg-dcstratmig-prd-004/providers/Microsoft.OffAzure/HyperVSites/HYPV-DAL-AZ-VA1534site/machines/3112909b-db1b-4baa-8ab4-4a3665205492","3112909b-db1b-4baa-8ab4-4a3665205492","False","False","False","Cluster","1048576","3112909b-db1b-4baa-8ab4-4a3665205492","Microsoft.Azure.PowerShell.Cmdlets.Migrate.Models.Api202001.IHyperVNetworkAdapter[]","22","4","Windows Server 2016 Standard","windowsguest","10.0.14393","Running","Microsoft.OffAzure/HyperVSites/machines","2025-02-18T13:52:00.9793679Z","C:\ClusterStorage\Volume8\HICQ2181D\Virtual Machines\3112909B-DB1B-4BAA-8AB4-4A3665205492.VMCX","HICQ2181D.olcc.lan","9.0"
"4096",,,,,,,,,,"15497884-9763-4BC6-8311-BBBE7D2420E7","5045-4348-9373-0385-5413-7029-52","HICP1320_CLU.olcc.lan","/subscriptions/bc602065-8f71-487b-9fa1-e872b4ce9a79/resourceGroups/rg-dcstratmig-prd-004/providers/Microsoft.OffAzure/HyperVSites/HYPV-DAL-AZ-VA1534site/clusters/hicp1320-clu-olcc-lan-31e1b8b3-0964-4bf3-b3c6-23cd3b478dfd","2025-02-14T18:19:56.4326265Z","Microsoft.Azure.PowerShell.Cmdlets.Migrate.Models.Api202001.IHyperVDisk[]","HICN2268C","Microsoft.Azure.PowerShell.Cmdlets.Migrate.Models.Api202001.IHealthErrorDetails[]","UEFI","2","2/18/2025 1:50:56 PM","Microsoft Windows Server 2022 Standard","Windows","10.0.20348","Yes","HICP1320D",,"/subscriptions/bc602065-8f71-487b-9fa1-e872b4ce9a79/resourceGroups/rg-dcstratmig-prd-004/providers/Microsoft.OffAzure/HyperVSites/HYPV-DAL-AZ-VA1534site/machines/d3bb8ae2-2430-481a-9e46-85d2f3ad843b","d3bb8ae2-2430-481a-9e46-85d2f3ad843b","False","False","False","Cluster","1048576","d3bb8ae2-2430-481a-9e46-85d2f3ad843b","Microsoft.Azure.PowerShell.Cmdlets.Migrate.Models.Api202001.IHyperVNetworkAdapter[]","13","2","Windows Server 2022 Standard","windowsguest","10.0.20348","Running","Microsoft.OffAzure/HyperVSites/machines","2025-02-18T13:52:36.4325824Z","C:\ClusterStorage\Volume1\HICN2268C\Virtual Machines\D3BB8AE2-2430-481A-9E46-85D2F3AD843B.VMCX","HICN2268C.olcc.lan","9.0"
"4096",,,,,,,,,,"4E87C341-86BD-42B8-A901-44B06ADEEB9A","8721-5127-4639-6494-5915-2810-33","HICP1320_CLU.olcc.lan","/subscriptions/bc602065-8f71-487b-9fa1-e872b4ce9a79/resourceGroups/rg-dcstratmig-prd-004/providers/Microsoft.OffAzure/HyperVSites/HYPV-DAL-AZ-VA1534site/clusters/hicp1320-clu-olcc-lan-31e1b8b3-0964-4bf3-b3c6-23cd3b478dfd","2025-02-14T18:19:56.6826361Z","Microsoft.Azure.PowerShell.Cmdlets.Migrate.Models.Api202001.IHyperVDisk[]","HICD2226B","Microsoft.Azure.PowerShell.Cmdlets.Migrate.Models.Api202001.IHealthErrorDetails[]","UEFI","2","2/19/2025 1:49:56 PM","Microsoft Windows Server 2019 Standard","Windows","10.0.17763","Yes","HICP1320J",,"/subscriptions/bc602065-8f71-487b-9fa1-e872b4ce9a79/resourceGroups/rg-dcstratmig-prd-004/providers/Microsoft.OffAzure/HyperVSites/HYPV-DAL-AZ-VA1534site/machines/d2fbba92-58c4-408a-86ee-84a72848746f","d2fbba92-58c4-408a-86ee-84a72848746f","False","False","False","Cluster","1048576","d2fbba92-58c4-408a-86ee-84a72848746f","Microsoft.Azure.PowerShell.Cmdlets.Migrate.Models.Api202001.IHyperVNetworkAdapter[]","21","2","Windows Server 2019 Standard","windowsguest","10.0.17763","Running","Microsoft.OffAzure/HyperVSites/machines","2025-02-19T13:49:56.1710001Z","C:\ClusterStorage\Volume8\HICD2226B\Virtual Machines\D2FBBA92-58C4-408A-86EE-84A72848746F.VMCX","HICD2226B.olcc.lan","9.0"
"8192",,,,,,,,,,"4CB9D916-1387-4199-99D9-D9956446A37A","3199-9836-0774-8396-8502-4910-64","HICP1320_CLU.olcc.lan","/subscriptions/bc602065-8f71-487b-9fa1-e872b4ce9a79/resourceGroups/rg-dcstratmig-prd-004/providers/Microsoft.OffAzure/HyperVSites/HYPV-DAL-AZ-VA1534site/clusters/hicp1320-clu-olcc-lan-31e1b8b3-0964-4bf3-b3c6-23cd3b478dfd","2025-02-14T18:19:56.9325987Z","Microsoft.Azure.PowerShell.Cmdlets.Migrate.Models.Api202001.IHyperVDisk[]","HICP2341A","Microsoft.Azure.PowerShell.Cmdlets.Migrate.Models.Api202001.IHealthErrorDetails[]","UEFI","2",,,,,"Yes","HICP1320A",,"/subscriptions/bc602065-8f71-487b-9fa1-e872b4ce9a79/resourceGroups/rg-dcstratmig-prd-004/providers/Microsoft.OffAzure/HyperVSites/HYPV-DAL-AZ-VA1534site/machines/6dd70d60-edf6-49e6-a33a-18b579b3523d","6dd70d60-edf6-49e6-a33a-18b579b3523d","False","False","True","Cluster","1048576","6dd70d60-edf6-49e6-a33a-18b579b3523d","Microsoft.Azure.PowerShell.Cmdlets.Migrate.Models.Api202001.IHyperVNetworkAdapter[]","-1","2",,"otherguestfamily",,"PowerOff","Microsoft.OffAzure/HyperVSites/machines","2025-02-18T13:51:57.6356426Z","C:\ClusterStorage\volume9\atlanta_replication\Hyper-V Replica\Virtual Machines\6DD70D60-EDF6-49E6-A33A-18B579B3523D.VMCX","","9.0"
"16384",,,,,,,,,,"D548A03B-BC6E-4EDE-AD80-788809ED2329","5344-0819-9934-2514-8978-8098-51","HICP1320_CLU.olcc.lan","/subscriptions/bc602065-8f71-487b-9fa1-e872b4ce9a79/resourceGroups/rg-dcstratmig-prd-004/providers/Microsoft.OffAzure/HyperVSites/HYPV-DAL-AZ-VA1534site/clusters/hicp1320-clu-olcc-lan-31e1b8b3-0964-4bf3-b3c6-23cd3b478dfd","2025-02-14T18:19:57.1826315Z","Microsoft.Azure.PowerShell.Cmdlets.Migrate.Models.Api202001.IHyperVDisk[]","TSW_DAL_CLONE","Microsoft.Azure.PowerShell.Cmdlets.Migrate.Models.Api202001.IHealthErrorDetails[]","BIOS","1",,,,,"Yes","HICP1320H",,"/subscriptions/bc602065-8f71-487b-9fa1-e872b4ce9a79/resourceGroups/rg-dcstratmig-prd-004/providers/Microsoft.OffAzure/HyperVSites/HYPV-DAL-AZ-VA1534site/machines/68b80202-db26-461f-ade8-2c2ac39734e5","68b80202-db26-461f-ade8-2c2ac39734e5","False","True","True","Cluster","65536","68b80202-db26-461f-ade8-2c2ac39734e5","Microsoft.Azure.PowerShell.Cmdlets.Migrate.Models.Api202001.IHyperVNetworkAdapter[]","-1","8","Windows Server 2008 R2 Standard","windowsguest","6.1.7601","Running","Microsoft.OffAzure/HyperVSites/machines","2025-02-18T13:52:04.9793849Z","C:\ClusterStorage\Volume6\TSW_DAL_CLONE\Virtual Machines\68B80202-DB26-461F-ADE8-2C2AC39734E5.VMCX","DC01-TSW-021","9.0"
"4096",,,,,,,,,,"4A4B4AF2-57C1-4A67-9E21-55AE43CDB36A","9418-7736-6551-7219-1166-8359-62","HICP1320_CLU.olcc.lan","/subscriptions/bc602065-8f71-487b-9fa1-e872b4ce9a79/resourceGroups/rg-dcstratmig-prd-004/providers/Microsoft.OffAzure/HyperVSites/HYPV-DAL-AZ-VA1534site/clusters/hicp1320-clu-olcc-lan-31e1b8b3-0964-4bf3-b3c6-23cd3b478dfd","2025-02-14T18:19:57.4327660Z","Microsoft.Azure.PowerShell.Cmdlets.Migrate.Models.Api202001.IHyperVDisk[]","HICP2241","Microsoft.Azure.PowerShell.Cmdlets.Migrate.Models.Api202001.IHealthErrorDetails[]","UEFI","2",,,,,"Yes","HICP1320J",,"/subscriptions/bc602065-8f71-487b-9fa1-e872b4ce9a79/resourceGroups/rg-dcstratmig-prd-004/providers/Microsoft.OffAzure/HyperVSites/HYPV-DAL-AZ-VA1534site/machines/3d6266ec-5d79-43e9-a052-ad17644dc3b2","3d6266ec-5d79-43e9-a052-ad17644dc3b2","False","False","True","Cluster","1048576","3d6266ec-5d79-43e9-a052-ad17644dc3b2","Microsoft.Azure.PowerShell.Cmdlets.Migrate.Models.Api202001.IHyperVNetworkAdapter[]","-1","2",,"otherguestfamily",,"PowerOff","Microsoft.OffAzure/HyperVSites/machines","2025-02-18T13:51:25.8231345Z","C:\ClusterStorage\volume9\atlanta_replication\Hyper-V Replica\Virtual Machines\3D6266EC-5D79-43E9-A052-AD17644DC3B2.VMCX","","9.0"
"4096",,,,,,,,,,"98213424-22A3-45DD-8365-29A8752F2F57","9993-2626-1088-9373-2962-7853-34","HICP1320_CLU.olcc.lan","/subscriptions/bc602065-8f71-487b-9fa1-e872b4ce9a79/resourceGroups/rg-dcstratmig-prd-004/providers/Microsoft.OffAzure/HyperVSites/HYPV-DAL-AZ-VA1534site/clusters/hicp1320-clu-olcc-lan-31e1b8b3-0964-4bf3-b3c6-23cd3b478dfd","2025-02-14T18:19:57.6827305Z","Microsoft.Azure.PowerShell.Cmdlets.Migrate.Models.Api202001.IHyperVDisk[]","HICQ2153B","Microsoft.Azure.PowerShell.Cmdlets.Migrate.Models.Api202001.IHealthErrorDetails[]","UEFI","2",,,,,"Yes","HICP1320K",,"/subscriptions/bc602065-8f71-487b-9fa1-e872b4ce9a79/resourceGroups/rg-dcstratmig-prd-004/providers/Microsoft.OffAzure/HyperVSites/HYPV-DAL-AZ-VA1534site/machines/af91a70c-645c-4f97-a7ac-7010684b18fd","af91a70c-645c-4f97-a7ac-7010684b18fd","False","False","True","Cluster","1048576","af91a70c-645c-4f97-a7ac-7010684b18fd","Microsoft.Azure.PowerShell.Cmdlets.Migrate.Models.Api202001.IHyperVNetworkAdapter[]","-1","2","Windows Server 2019 Standard","windowsguest","10.0.17763","Running","Microsoft.OffAzure/HyperVSites/machines","2025-02-18T13:51:43.7137824Z","C:\ClusterStorage\Volume8\HICQ2153B\Virtual Machines\AF91A70C-645C-4F97-A7AC-7010684B18FD.VMCX","HICQ2153B","9.0"
"2048",,,,,,,,,,"A043C2FD-4CDA-41F4-957B-6CCC7C13DBF9","5794-7878-5111-5678-1501-5726-72","HICP1320_CLU.olcc.lan","/subscriptions/bc602065-8f71-487b-9fa1-e872b4ce9a79/resourceGroups/rg-dcstratmig-prd-004/providers/Microsoft.OffAzure/HyperVSites/HYPV-DAL-AZ-VA1534site/clusters/hicp1320-clu-olcc-lan-31e1b8b3-0964-4bf3-b3c6-23cd3b478dfd","2025-02-14T18:19:57.9327345Z","Microsoft.Azure.PowerShell.Cmdlets.Migrate.Models.Api202001.IHyperVDisk[]","OLSOLRSTG","Microsoft.Azure.PowerShell.Cmdlets.Migrate.Models.Api202001.IHealthErrorDetails[]","BIOS","1",,,,,"Yes","HICP1320J",,"/subscriptions/bc602065-8f71-487b-9fa1-e872b4ce9a79/resourceGroups/rg-dcstratmig-prd-004/providers/Microsoft.OffAzure/HyperVSites/HYPV-DAL-AZ-VA1534site/machines/0e0fa38f-9d68-416f-9a9e-221cdc408f7d","0e0fa38f-9d68-416f-9a9e-221cdc408f7d","False","False","True","Cluster","65536","0e0fa38f-9d68-416f-9a9e-221cdc408f7d","Microsoft.Azure.PowerShell.Cmdlets.Migrate.Models.Api202001.IHyperVNetworkAdapter[]","-1","1",,"otherguestfamily",,"Running","Microsoft.OffAzure/HyperVSites/machines","2025-02-18T13:52:00.4325528Z","C:\ClusterStorage\Volume6\OLSOLRSTG\Virtual Machines\0E0FA38F-9D68-416F-9A9E-221CDC408F7D.VMCX","","9.0"
"4096",,,,,,,,,,"732BF8FF-9A5C-4108-A5CA-4D941D9B9247","2627-6568-2689-5923-0328-6527-86","HICP1320_CLU.olcc.lan","/subscriptions/bc602065-8f71-487b-9fa1-e872b4ce9a79/resourceGroups/rg-dcstratmig-prd-004/providers/Microsoft.OffAzure/HyperVSites/HYPV-DAL-AZ-VA1534site/clusters/hicp1320-clu-olcc-lan-31e1b8b3-0964-4bf3-b3c6-23cd3b478dfd","2025-02-14T18:19:58.1828035Z","Microsoft.Azure.PowerShell.Cmdlets.Migrate.Models.Api202001.IHyperVDisk[]","HICP3501","Microsoft.Azure.PowerShell.Cmdlets.Migrate.Models.Api202001.IHealthErrorDetails[]","BIOS","1",,,,,"Yes","HICP1320D",,"/subscriptions/bc602065-8f71-487b-9fa1-e872b4ce9a79/resourceGroups/rg-dcstratmig-prd-004/providers/Microsoft.OffAzure/HyperVSites/HYPV-DAL-AZ-VA1534site/machines/98d92b59-b5ab-4114-a6e7-c63982cbf58b","98d92b59-b5ab-4114-a6e7-c63982cbf58b","False","False","True","Cluster","1048576","98d92b59-b5ab-4114-a6e7-c63982cbf58b","Microsoft.Azure.PowerShell.Cmdlets.Migrate.Models.Api202001.IHyperVNetworkAdapter[]","-1","2","Rocky Linux","linuxguest","5.14.0","Running","Microsoft.OffAzure/HyperVSites/machines","2025-02-18T13:51:52.5575417Z","C:\ClusterStorage\Volume6\HICN3501\Virtual Machines\98D92B59-B5AB-4114-A6E7-C63982CBF58B.VMCX","hicp3501.olcc.lan","9.0"
"4096",,,,,,,,,,"3B5238F4-CAE4-4252-9192-BBC62C43E8C8","2834-5807-2808-3428-1531-6024-96","HICP1320_CLU.olcc.lan","/subscriptions/bc602065-8f71-487b-9fa1-e872b4ce9a79/resourceGroups/rg-dcstratmig-prd-004/providers/Microsoft.OffAzure/HyperVSites/HYPV-DAL-AZ-VA1534site/clusters/hicp1320-clu-olcc-lan-31e1b8b3-0964-4bf3-b3c6-23cd3b478dfd","2025-02-14T18:19:58.4327704Z","Microsoft.Azure.PowerShell.Cmdlets.Migrate.Models.Api202001.IHyperVDisk[]","HICD2130","Microsoft.Azure.PowerShell.Cmdlets.Migrate.Models.Api202001.IHealthErrorDetails[]","UEFI","2","2/19/2025 1:50:07 PM","Microsoft Windows Server 2019 Standard","Windows","10.0.17763","Yes","HICP1320B",,"/subscriptions/bc602065-8f71-487b-9fa1-e872b4ce9a79/resourceGroups/rg-dcstratmig-prd-004/providers/Microsoft.OffAzure/HyperVSites/HYPV-DAL-AZ-VA1534site/machines/eee638ed-22d4-4e4e-9bd5-5332533deac1","eee638ed-22d4-4e4e-9bd5-5332533deac1","False","False","False","Cluster","1048576","eee638ed-22d4-4e4e-9bd5-5332533deac1","Microsoft.Azure.PowerShell.Cmdlets.Migrate.Models.Api202001.IHyperVNetworkAdapter[]","107","2","Windows Server 2019 Standard","windowsguest","10.0.17763","Running","Microsoft.OffAzure/HyperVSites/machines","2025-02-19T13:50:07.9991418Z","C:\ClusterStorage\Volume5\HICD2130\Virtual Machines\EEE638ED-22D4-4E4E-9BD5-5332533DEAC1.VMCX","HICD2130.olcc.lan","9.0"
"4096",,,,,,,,,,"7C3E7777-E056-4083-9F97-83B644B91169","5205-8532-0447-1875-7945-8688-57","HICP1320_CLU.olcc.lan","/subscriptions/bc602065-8f71-487b-9fa1-e872b4ce9a79/resourceGroups/rg-dcstratmig-prd-004/providers/Microsoft.OffAzure/HyperVSites/HYPV-DAL-AZ-VA1534site/clusters/hicp1320-clu-olcc-lan-31e1b8b3-0964-4bf3-b3c6-23cd3b478dfd","2025-02-14T18:19:58.6827703Z","Microsoft.Azure.PowerShell.Cmdlets.Migrate.Models.Api202001.IHyperVDisk[]","HICD2500","Microsoft.Azure.PowerShell.Cmdlets.Migrate.Models.Api202001.IHealthErrorDetails[]","UEFI","2","2/19/2025 1:49:48 PM","Microsoft Windows Server 2016 Standard","Windows","10.0.14393","Yes","HICP1320F",,"/subscriptions/bc602065-8f71-487b-9fa1-e872b4ce9a79/resourceGroups/rg-dcstratmig-prd-004/providers/Microsoft.OffAzure/HyperVSites/HYPV-DAL-AZ-VA1534site/machines/ff15e2ac-1593-4f58-a08c-8db16cd64d25","ff15e2ac-1593-4f58-a08c-8db16cd64d25","False","False","False","Cluster","1048576","ff15e2ac-1593-4f58-a08c-8db16cd64d25","Microsoft.Azure.PowerShell.Cmdlets.Migrate.Models.Api202001.IHyperVNetworkAdapter[]","23","2","Windows Server 2016 Standard","windowsguest","10.0.14393","Running","Microsoft.OffAzure/HyperVSites/machines","2025-02-19T13:50:10.5035903Z","C:\ClusterStorage\Volume8\HICD2500\Virtual Machines\FF15E2AC-1593-4F58-A08C-8DB16CD64D25.VMCX","HICD2500.olcc.lan","9.0"
"4096",,,,,,,,,,"748BDB87-10AC-44C5-9EBA-CCA6F42E8060","6476-3158-8736-3878-7360-2709-90","HICP1320_CLU.olcc.lan","/subscriptions/bc602065-8f71-487b-9fa1-e872b4ce9a79/resourceGroups/rg-dcstratmig-prd-004/providers/Microsoft.OffAzure/HyperVSites/HYPV-DAL-AZ-VA1534site/clusters/hicp1320-clu-olcc-lan-31e1b8b3-0964-4bf3-b3c6-23cd3b478dfd","2025-02-14T18:19:58.9327369Z","Microsoft.Azure.PowerShell.Cmdlets.Migrate.Models.Api202001.IHyperVDisk[]","HICQ2387","Microsoft.Azure.PowerShell.Cmdlets.Migrate.Models.Api202001.IHealthErrorDetails[]","UEFI","2","2/19/2025 1:49:49 PM","Microsoft Windows Server 2019 Standard","Windows","10.0.17763","Yes","HICP1320J",,"/subscriptions/bc602065-8f71-487b-9fa1-e872b4ce9a79/resourceGroups/rg-dcstratmig-prd-004/providers/Microsoft.OffAzure/HyperVSites/HYPV-DAL-AZ-VA1534site/machines/2d1de954-551b-412f-86ae-ade7023d79da","2d1de954-551b-412f-86ae-ade7023d79da","False","False","False","Cluster","1048576","2d1de954-551b-412f-86ae-ade7023d79da","Microsoft.Azure.PowerShell.Cmdlets.Migrate.Models.Api202001.IHyperVNetworkAdapter[]","515","2","Windows Server 2019 Standard","windowsguest","10.0.17763","Running","Microsoft.OffAzure/HyperVSites/machines","2025-02-19T13:49:49.5772007Z","C:\ClusterStorage\Volume10\HICQ2387\Virtual Machines\2D1DE954-551B-412F-86AE-ADE7023D79DA.VMCX","HICQ2387.olcc.lan","9.0"
"4096",,,,,,,,,,"958A6E69-CC2F-465A-93DC-339F24D8D272","5181-4238-0667-6497-8914-1239-90","HICP1320_CLU.olcc.lan","/subscriptions/bc602065-8f71-487b-9fa1-e872b4ce9a79/resourceGroups/rg-dcstratmig-prd-004/providers/Microsoft.OffAzure/HyperVSites/HYPV-DAL-AZ-VA1534site/clusters/hicp1320-clu-olcc-lan-31e1b8b3-0964-4bf3-b3c6-23cd3b478dfd","2025-02-14T18:19:59.1827399Z","Microsoft.Azure.PowerShell.Cmdlets.Migrate.Models.Api202001.IHyperVDisk[]","HICN8530","Microsoft.Azure.PowerShell.Cmdlets.Migrate.Models.Api202001.IHealthErrorDetails[]","UEFI","2","2/19/2025 1:49:59 PM","Microsoft Windows Server 2022 Standard","Windows","10.0.20348","Yes","HICP1320F",,"/subscriptions/bc602065-8f71-487b-9fa1-e872b4ce9a79/resourceGroups/rg-dcstratmig-prd-004/providers/Microsoft.OffAzure/HyperVSites/HYPV-DAL-AZ-VA1534site/machines/b92bffd8-806b-447c-88b5-09c766d8508b","b92bffd8-806b-447c-88b5-09c766d8508b","False","False","False","Cluster","1048576","b92bffd8-806b-447c-88b5-09c766d8508b","Microsoft.Azure.PowerShell.Cmdlets.Migrate.Models.Api202001.IHyperVNetworkAdapter[]","13","2","Windows Server 2022 Standard","windowsguest","10.0.20348","Running","Microsoft.OffAzure/HyperVSites/machines","2025-02-19T13:50:16.7692324Z","C:\ClusterStorage\Volume2\HICN8530\Virtual Machines\B92BFFD8-806B-447C-88B5-09C766D8508B.VMCX","HICN8530.olcc.lan","9.0"
"20480",,,,,,,,,,"7C3E7777-E056-4083-9F97-83B644B91169","5205-8532-0447-1875-7945-8688-57","HICP1320_CLU.olcc.lan","/subscriptions/bc602065-8f71-487b-9fa1-e872b4ce9a79/resourceGroups/rg-dcstratmig-prd-004/providers/Microsoft.OffAzure/HyperVSites/HYPV-DAL-AZ-VA1534site/clusters/hicp1320-clu-olcc-lan-31e1b8b3-0964-4bf3-b3c6-23cd3b478dfd","2025-02-14T18:19:59.4327453Z","Microsoft.Azure.PowerShell.Cmdlets.Migrate.Models.Api202001.IHyperVDisk[]","HICQ2180B","Microsoft.Azure.PowerShell.Cmdlets.Migrate.Models.Api202001.IHealthErrorDetails[]","UEFI","2","2/18/2025 1:50:36 PM","Microsoft Windows Server 2016 Standard","Windows","10.0.14393","Yes","HICP1320E",,"/subscriptions/bc602065-8f71-487b-9fa1-e872b4ce9a79/resourceGroups/rg-dcstratmig-prd-004/providers/Microsoft.OffAzure/HyperVSites/HYPV-DAL-AZ-VA1534site/machines/c415e231-5574-47b9-999e-764573e459b6","c415e231-5574-47b9-999e-764573e459b6","False","False","False","Cluster","1048576","c415e231-5574-47b9-999e-764573e459b6","Microsoft.Azure.PowerShell.Cmdlets.Migrate.Models.Api202001.IHyperVNetworkAdapter[]","24","8","Windows Server 2016 Standard","windowsguest","10.0.14393","Running","Microsoft.OffAzure/HyperVSites/machines","2025-02-18T13:51:42.7137660Z","C:\ClusterStorage\Volume6\HICQ2180B\Virtual Machines\C415E231-5574-47B9-999E-764573E459B6.VMCX","HICQ2180B.olcc.lan","9.0"
"4096",,,,,,,,,,"4E87C341-86BD-42B8-A901-44B06ADEEB9A","8721-5127-4639-6494-5915-2810-33","HICP1320_CLU.olcc.lan","/subscriptions/bc602065-8f71-487b-9fa1-e872b4ce9a79/resourceGroups/rg-dcstratmig-prd-004/providers/Microsoft.OffAzure/HyperVSites/HYPV-DAL-AZ-VA1534site/clusters/hicp1320-clu-olcc-lan-31e1b8b3-0964-4bf3-b3c6-23cd3b478dfd","2025-02-14T18:19:59.6827443Z","Microsoft.Azure.PowerShell.Cmdlets.Migrate.Models.Api202001.IHyperVDisk[]","HICD2222A","Microsoft.Azure.PowerShell.Cmdlets.Migrate.Models.Api202001.IHealthErrorDetails[]","UEFI","2","2/18/2025 1:51:09 PM","Microsoft Windows Server 2019 Standard","Windows","10.0.17763","Yes","HICP1320K",,"/subscriptions/bc602065-8f71-487b-9fa1-e872b4ce9a79/resourceGroups/rg-dcstratmig-prd-004/providers/Microsoft.OffAzure/HyperVSites/HYPV-DAL-AZ-VA1534site/machines/58cb1073-8e7b-4fb9-8650-3b10c871be06","58cb1073-8e7b-4fb9-8650-3b10c871be06","False","False","False","Cluster","1048576","58cb1073-8e7b-4fb9-8650-3b10c871be06","Microsoft.Azure.PowerShell.Cmdlets.Migrate.Models.Api202001.IHyperVNetworkAdapter[]","21","2","Windows Server 2019 Standard","windowsguest","10.0.17763","Running","Microsoft.OffAzure/HyperVSites/machines","2025-02-19T13:50:19.2692420Z","C:\ClusterStorage\Volume10\HICD2222A\Virtual Machines\58CB1073-8E7B-4FB9-8650-3B10C871BE06.VMCX","HICD2222A.olcc.lan","9.0"
"12288",,,,,,,,,,"4143B517-C6B3-47D3-96B5-83D75B7CFDAB","4908-6171-6692-5760-2321-2461-15","HICP1320_CLU.olcc.lan","/subscriptions/bc602065-8f71-487b-9fa1-e872b4ce9a79/resourceGroups/rg-dcstratmig-prd-004/providers/Microsoft.OffAzure/HyperVSites/HYPV-DAL-AZ-VA1534site/clusters/hicp1320-clu-olcc-lan-31e1b8b3-0964-4bf3-b3c6-23cd3b478dfd","2025-02-14T18:19:59.9327492Z","Microsoft.Azure.PowerShell.Cmdlets.Migrate.Models.Api202001.IHyperVDisk[]","DC01-ESB01-SMART","Microsoft.Azure.PowerShell.Cmdlets.Migrate.Models.Api202001.IHealthErrorDetails[]","BIOS","1",,,,,"Yes","HICP1320E",,"/subscriptions/bc602065-8f71-487b-9fa1-e872b4ce9a79/resourceGroups/rg-dcstratmig-prd-004/providers/Microsoft.OffAzure/HyperVSites/HYPV-DAL-AZ-VA1534site/machines/da09b00a-4913-4391-b32f-f1a85beba6c7","da09b00a-4913-4391-b32f-f1a85beba6c7","False","False","True","Cluster","65536","da09b00a-4913-4391-b32f-f1a85beba6c7","Microsoft.Azure.PowerShell.Cmdlets.Migrate.Models.Api202001.IHyperVNetworkAdapter[]","-1","4",,"otherguestfamily",,"PowerOff","Microsoft.OffAzure/HyperVSites/machines","2025-02-18T13:51:54.0731199Z","C:\ClusterStorage\volume9\atlanta_replication\Hyper-V Replica\Virtual Machines\DA09B00A-4913-4391-B32F-F1A85BEBA6C7.VMCX","","9.0"
"4096",,,,,,,,,,"6349ED31-7789-411C-97E7-1548C1F55C7E","1612-5077-4359-4194-4526-3307-97","HICP1320_CLU.olcc.lan","/subscriptions/bc602065-8f71-487b-9fa1-e872b4ce9a79/resourceGroups/rg-dcstratmig-prd-004/providers/Microsoft.OffAzure/HyperVSites/HYPV-DAL-AZ-VA1534site/clusters/hicp1320-clu-olcc-lan-31e1b8b3-0964-4bf3-b3c6-23cd3b478dfd","2025-02-14T18:20:00.1827451Z","Microsoft.Azure.PowerShell.Cmdlets.Migrate.Models.Api202001.IHyperVDisk[]","NP02-APP01-VING","Microsoft.Azure.PowerShell.Cmdlets.Migrate.Models.Api202001.IHealthErrorDetails[]","BIOS","1","2/19/2025 1:49:51 PM","Microsoft Windows Server 2019 Standard","Windows","10.0.17763","Yes","HICP1320B",,"/subscriptions/bc602065-8f71-487b-9fa1-e872b4ce9a79/resourceGroups/rg-dcstratmig-prd-004/providers/Microsoft.OffAzure/HyperVSites/HYPV-DAL-AZ-VA1534site/machines/3e83bc5d-41bf-41d1-9d2a-48b4b744934d","3e83bc5d-41bf-41d1-9d2a-48b4b744934d","False","False","False","Cluster","65536","3e83bc5d-41bf-41d1-9d2a-48b4b744934d","Microsoft.Azure.PowerShell.Cmdlets.Migrate.Models.Api202001.IHyperVNetworkAdapter[]","41","2","Windows Server 2019 Standard","windowsguest","10.0.17763","Running","Microsoft.OffAzure/HyperVSites/machines","2025-02-19T13:50:12.5036078Z","C:\ClusterStorage\Volume5\NP02-APP01-VING\Virtual Machines\3E83BC5D-41BF-41D1-9D2A-48B4B744934D.VMCX","NP02-APP01-VING.olcc.lan","9.0"
"8192",,,,,,,,,,"04084670-3241-4AB2-89B6-6B4450701D1B","8051-8759-6895-6254-9365-5473-94","HICP1320_CLU.olcc.lan","/subscriptions/bc602065-8f71-487b-9fa1-e872b4ce9a79/resourceGroups/rg-dcstratmig-prd-004/providers/Microsoft.OffAzure/HyperVSites/HYPV-DAL-AZ-VA1534site/clusters/hicp1320-clu-olcc-lan-31e1b8b3-0964-4bf3-b3c6-23cd3b478dfd","2025-02-14T18:20:00.4327124Z","Microsoft.Azure.PowerShell.Cmdlets.Migrate.Models.Api202001.IHyperVDisk[]","HICP8550","Microsoft.Azure.PowerShell.Cmdlets.Migrate.Models.Api202001.IHealthErrorDetails[]","UEFI","2",,,,,"Yes","HICP1320D",,"/subscriptions/bc602065-8f71-487b-9fa1-e872b4ce9a79/resourceGroups/rg-dcstratmig-prd-004/providers/Microsoft.OffAzure/HyperVSites/HYPV-DAL-AZ-VA1534site/machines/d3b0c08b-61da-4840-a432-b94d85dbe413","d3b0c08b-61da-4840-a432-b94d85dbe413","False","False","True","Cluster","1048576","d3b0c08b-61da-4840-a432-b94d85dbe413","Microsoft.Azure.PowerShell.Cmdlets.Migrate.Models.Api202001.IHyperVNetworkAdapter[]","-1","2",,"otherguestfamily",,"PowerOff","Microsoft.OffAzure/HyperVSites/machines","2025-02-18T13:51:49.2606527Z","C:\ClusterStorage\volume9\atlanta_replication\Hyper-V Replica\Virtual Machines\D3B0C08B-61DA-4840-A432-B94D85DBE413.VMCX","","9.0"
"4096",,,,,,,,,,"992BEFA7-1D77-45EC-87CF-D9B227AA702B","8723-3137-7162-0175-3144-9266-57","HICP1320_CLU.olcc.lan","/subscriptions/bc602065-8f71-487b-9fa1-e872b4ce9a79/resourceGroups/rg-dcstratmig-prd-004/providers/Microsoft.OffAzure/HyperVSites/HYPV-DAL-AZ-VA1534site/clusters/hicp1320-clu-olcc-lan-31e1b8b3-0964-4bf3-b3c6-23cd3b478dfd","2025-02-14T18:20:00.6983401Z","Microsoft.Azure.PowerShell.Cmdlets.Migrate.Models.Api202001.IHyperVDisk[]","HICD2341","Microsoft.Azure.PowerShell.Cmdlets.Migrate.Models.Api202001.IHealthErrorDetails[]","UEFI","2","2/18/2025 1:50:33 PM","Microsoft Windows Server 2022 Standard","Windows","10.0.20348","Yes","HICP1320K",,"/subscriptions/bc602065-8f71-487b-9fa1-e872b4ce9a79/resourceGroups/rg-dcstratmig-prd-004/providers/Microsoft.OffAzure/HyperVSites/HYPV-DAL-AZ-VA1534site/machines/04159f9c-068b-4420-a274-3415cbfbfea9","04159f9c-068b-4420-a274-3415cbfbfea9","False","False","False","Cluster","1048576","04159f9c-068b-4420-a274-3415cbfbfea9","Microsoft.Azure.PowerShell.Cmdlets.Migrate.Models.Api202001.IHyperVNetworkAdapter[]","12","2","Windows Server 2022 Standard","windowsguest","10.0.20348","Running","Microsoft.OffAzure/HyperVSites/machines","2025-02-19T13:50:12.7535921Z","C:\ClusterStorage\Volume10\HICD2341\Virtual Machines\04159F9C-068B-4420-A274-3415CBFBFEA9.VMCX","HICD2341.olcc.lan","9.0"
"8192",,,,,,,,,,"EF19A0B3-6382-47F6-AE01-E5A4CF8C50EA","1111-7680-9553-4714-0109-3576-77","HICP1320_CLU.olcc.lan","/subscriptions/bc602065-8f71-487b-9fa1-e872b4ce9a79/resourceGroups/rg-dcstratmig-prd-004/providers/Microsoft.OffAzure/HyperVSites/HYPV-DAL-AZ-VA1534site/clusters/hicp1320-clu-olcc-lan-31e1b8b3-0964-4bf3-b3c6-23cd3b478dfd","2025-02-14T18:20:00.9483841Z","Microsoft.Azure.PowerShell.Cmdlets.Migrate.Models.Api202001.IHyperVDisk[]","HICDR7011","Microsoft.Azure.PowerShell.Cmdlets.Migrate.Models.Api202001.IHealthErrorDetails[]","UEFI","2","2/19/2025 1:50:06 PM","Microsoft Windows Server 2022 Standard","Windows","10.0.20348","Yes","HICP1320B",,"/subscriptions/bc602065-8f71-487b-9fa1-e872b4ce9a79/resourceGroups/rg-dcstratmig-prd-004/providers/Microsoft.OffAzure/HyperVSites/HYPV-DAL-AZ-VA1534site/machines/7f8603cb-b858-4a6e-b78a-a70d7eec5eb9","7f8603cb-b858-4a6e-b78a-a70d7eec5eb9","False","False","False","Cluster","1048576","7f8603cb-b858-4a6e-b78a-a70d7eec5eb9","Microsoft.Azure.PowerShell.Cmdlets.Migrate.Models.Api202001.IHyperVNetworkAdapter[]","22","4","Windows Server 2022 Standard","windowsguest","10.0.20348","Running","Microsoft.OffAzure/HyperVSites/machines","2025-02-19T13:50:19.5192483Z","C:\ClusterStorage\Volume10\HICDR7011\Virtual Machines\7F8603CB-B858-4A6E-B78A-A70D7EEC5EB9.VMCX","HICDR7011.olcc.lan","9.0"
"4096",,,,,,,,,,"6937A2FF-92BF-4962-AFFE-CBCFB8013279","3256-8796-7121-6810-7888-7628-54","HICP1320_CLU.olcc.lan","/subscriptions/bc602065-8f71-487b-9fa1-e872b4ce9a79/resourceGroups/rg-dcstratmig-prd-004/providers/Microsoft.OffAzure/HyperVSites/HYPV-DAL-AZ-VA1534site/clusters/hicp1320-clu-olcc-lan-31e1b8b3-0964-4bf3-b3c6-23cd3b478dfd","2025-02-14T18:20:01.1983932Z","Microsoft.Azure.PowerShell.Cmdlets.Migrate.Models.Api202001.IHyperVDisk[]","HICT6500B","Microsoft.Azure.PowerShell.Cmdlets.Migrate.Models.Api202001.IHealthErrorDetails[]","UEFI","2","2/18/2025 1:51:13 PM","Microsoft Windows Server 2019 Standard","Windows","10.0.17763","Yes","HICP1320J",,"/subscriptions/bc602065-8f71-487b-9fa1-e872b4ce9a79/resourceGroups/rg-dcstratmig-prd-004/providers/Microsoft.OffAzure/HyperVSites/HYPV-DAL-AZ-VA1534site/machines/dc76310a-617f-4fb3-89d9-d42213549556","dc76310a-617f-4fb3-89d9-d42213549556","False","False","False","Cluster","1048576","dc76310a-617f-4fb3-89d9-d42213549556","Microsoft.Azure.PowerShell.Cmdlets.Migrate.Models.Api202001.IHyperVNetworkAdapter[]","21","2","Windows Server 2019 Standard","windowsguest","10.0.17763","Running","Microsoft.OffAzure/HyperVSites/machines","2025-02-18T13:52:10.0262600Z","C:\ClusterStorage\Volume8\HICT6500B\Virtual Machines\DC76310A-617F-4FB3-89D9-D42213549556.VMCX","HICT6500B.olcc.lan","9.0"
"4096",,,,,,,,,,"6121031B-FF60-474D-8FDA-B03127B67B3F","3791-7302-3076-7393-9749-1604-08","HICP1320_CLU.olcc.lan","/subscriptions/bc602065-8f71-487b-9fa1-e872b4ce9a79/resourceGroups/rg-dcstratmig-prd-004/providers/Microsoft.OffAzure/HyperVSites/HYPV-DAL-AZ-VA1534site/clusters/hicp1320-clu-olcc-lan-31e1b8b3-0964-4bf3-b3c6-23cd3b478dfd","2025-02-14T18:20:01.4640054Z","Microsoft.Azure.PowerShell.Cmdlets.Migrate.Models.Api202001.IHyperVDisk[]","HICD2110","Microsoft.Azure.PowerShell.Cmdlets.Migrate.Models.Api202001.IHealthErrorDetails[]","UEFI","2","2/18/2025 1:51:01 PM","Microsoft Windows Server 2016 Standard","Windows","10.0.14393","Yes","HICP1320D",,"/subscriptions/bc602065-8f71-487b-9fa1-e872b4ce9a79/resourceGroups/rg-dcstratmig-prd-004/providers/Microsoft.OffAzure/HyperVSites/HYPV-DAL-AZ-VA1534site/machines/0e36cfb2-a276-41a1-8a2d-ec081ea53ffe","0e36cfb2-a276-41a1-8a2d-ec081ea53ffe","False","False","False","Cluster","1048576","0e36cfb2-a276-41a1-8a2d-ec081ea53ffe","Microsoft.Azure.PowerShell.Cmdlets.Migrate.Models.Api202001.IHyperVNetworkAdapter[]","21","2","Windows Server 2016 Standard","windowsguest","10.0.14393","Running","Microsoft.OffAzure/HyperVSites/machines","2025-02-18T13:51:59.9168943Z","C:\ClusterStorage\Volume8\HICD2110\Virtual Machines\0E36CFB2-A276-41A1-8A2D-EC081EA53FFE.VMCX","HICD2110.olcc.lan","9.0"
"8192",,,,,,,,,,"81DF8636-BFDA-4C02-A899-C0E017E4967D","5907-6902-0380-4342-2291-9524-18","HICP1320_CLU.olcc.lan","/subscriptions/bc602065-8f71-487b-9fa1-e872b4ce9a79/resourceGroups/rg-dcstratmig-prd-004/providers/Microsoft.OffAzure/HyperVSites/HYPV-DAL-AZ-VA1534site/clusters/hicp1320-clu-olcc-lan-31e1b8b3-0964-4bf3-b3c6-23cd3b478dfd","2025-02-14T18:20:01.7140210Z","Microsoft.Azure.PowerShell.Cmdlets.Migrate.Models.Api202001.IHyperVDisk[]","HICD2360","Microsoft.Azure.PowerShell.Cmdlets.Migrate.Models.Api202001.IHealthErrorDetails[]","UEFI","2","2/18/2025 1:51:10 PM","Microsoft Windows Server 2019 Standard","Windows","10.0.17763","Yes","HICP1320A",,"/subscriptions/bc602065-8f71-487b-9fa1-e872b4ce9a79/resourceGroups/rg-dcstratmig-prd-004/providers/Microsoft.OffAzure/HyperVSites/HYPV-DAL-AZ-VA1534site/machines/ffa89e09-795a-4352-a353-babd5a45f4db","ffa89e09-795a-4352-a353-babd5a45f4db","False","False","False","Cluster","1048576","ffa89e09-795a-4352-a353-babd5a45f4db","Microsoft.Azure.PowerShell.Cmdlets.Migrate.Models.Api202001.IHyperVNetworkAdapter[]","26","8","Windows Server 2019 Standard","windowsguest","10.0.17763","Running","Microsoft.OffAzure/HyperVSites/machines","2025-02-18T13:51:10.4050006Z","C:\ClusterStorage\Volume5\HICD2360\Virtual Machines\FFA89E09-795A-4352-A353-BABD5A45F4DB.VMCX","HICD2360.olcc.lan","9.0"
"4096",,,,,,,,,,"AA2052BC-909A-4270-807D-97058697C9C8","5455-5673-8656-5513-1219-3400-85","HICP1320_CLU.olcc.lan","/subscriptions/bc602065-8f71-487b-9fa1-e872b4ce9a79/resourceGroups/rg-dcstratmig-prd-004/providers/Microsoft.OffAzure/HyperVSites/HYPV-DAL-AZ-VA1534site/clusters/hicp1320-clu-olcc-lan-31e1b8b3-0964-4bf3-b3c6-23cd3b478dfd","2025-02-14T18:20:01.9640255Z","Microsoft.Azure.PowerShell.Cmdlets.Migrate.Models.Api202001.IHyperVDisk[]","NP02-WEB01-SHR","Microsoft.Azure.PowerShell.Cmdlets.Migrate.Models.Api202001.IHealthErrorDetails[]","BIOS","1","2/18/2025 1:51:12 PM","Microsoft Windows Server 2019 Standard","Windows","10.0.17763","Yes","HICP1320D",,"/subscriptions/bc602065-8f71-487b-9fa1-e872b4ce9a79/resourceGroups/rg-dcstratmig-prd-004/providers/Microsoft.OffAzure/HyperVSites/HYPV-DAL-AZ-VA1534site/machines/95fec80c-8107-4e05-82d4-6c398e562cd5","95fec80c-8107-4e05-82d4-6c398e562cd5","False","False","False","Cluster","65536","95fec80c-8107-4e05-82d4-6c398e562cd5","Microsoft.Azure.PowerShell.Cmdlets.Migrate.Models.Api202001.IHyperVNetworkAdapter[]","32","1","Windows Server 2019 Standard","windowsguest","10.0.17763","Running","Microsoft.OffAzure/HyperVSites/machines","2025-02-18T13:52:08.4951533Z","C:\ClusterStorage\Volume8\NP02-WEB01-SHR\Virtual Machines\95FEC80C-8107-4E05-82D4-6C398E562CD5.VMCX","NP02-WEB01-SHR.olcc.lan","9.0"
"4096",,,,,,,,,,"07E5E51A-4127-432E-97B2-412B716B474B","3790-5811-6054-3014-7551-3614-12","HICP1320_CLU.olcc.lan","/subscriptions/bc602065-8f71-487b-9fa1-e872b4ce9a79/resourceGroups/rg-dcstratmig-prd-004/providers/Microsoft.OffAzure/HyperVSites/HYPV-DAL-AZ-VA1534site/clusters/hicp1320-clu-olcc-lan-31e1b8b3-0964-4bf3-b3c6-23cd3b478dfd","2025-02-14T18:20:02.2140072Z","Microsoft.Azure.PowerShell.Cmdlets.Migrate.Models.Api202001.IHyperVDisk[]","HICN2266","Microsoft.Azure.PowerShell.Cmdlets.Migrate.Models.Api202001.IHealthErrorDetails[]","UEFI","2","2/18/2025 1:51:17 PM","Microsoft Windows Server 2022 Standard","Windows","10.0.20348","Yes","HICP1320J",,"/subscriptions/bc602065-8f71-487b-9fa1-e872b4ce9a79/resourceGroups/rg-dcstratmig-prd-004/providers/Microsoft.OffAzure/HyperVSites/HYPV-DAL-AZ-VA1534site/machines/58aaf58b-4bac-43b6-ac2f-fdde142bc2c7","58aaf58b-4bac-43b6-ac2f-fdde142bc2c7","False","False","False","Cluster","1048576","58aaf58b-4bac-43b6-ac2f-fdde142bc2c7","Microsoft.Azure.PowerShell.Cmdlets.Migrate.Models.Api202001.IHyperVNetworkAdapter[]","13","2","Windows Server 2022 Standard","windowsguest","10.0.20348","Running","Microsoft.OffAzure/HyperVSites/machines","2025-02-18T13:52:12.5575579Z","C:\ClusterStorage\Volume2\HICN2266\Virtual Machines\58AAF58B-4BAC-43B6-AC2F-FDDE142BC2C7.VMCX","HICN2266.olcc.lan","9.0"
"4096",,,,,,,,,,"81A573D7-3C7E-4D7C-9A5F-9811F68D2FE3","4920-9848-7151-0874-1145-7481-13","HICP1320_CLU.olcc.lan","/subscriptions/bc602065-8f71-487b-9fa1-e872b4ce9a79/resourceGroups/rg-dcstratmig-prd-004/providers/Microsoft.OffAzure/HyperVSites/HYPV-DAL-AZ-VA1534site/clusters/hicp1320-clu-olcc-lan-31e1b8b3-0964-4bf3-b3c6-23cd3b478dfd","2025-02-14T18:20:02.4640045Z","Microsoft.Azure.PowerShell.Cmdlets.Migrate.Models.Api202001.IHyperVDisk[]","HICT2110","Microsoft.Azure.PowerShell.Cmdlets.Migrate.Models.Api202001.IHealthErrorDetails[]","UEFI","2","2/18/2025 1:50:50 PM","Microsoft Windows Server 2016 Standard","Windows","10.0.14393","Yes","HICP1320B",,"/subscriptions/bc602065-8f71-487b-9fa1-e872b4ce9a79/resourceGroups/rg-dcstratmig-prd-004/providers/Microsoft.OffAzure/HyperVSites/HYPV-DAL-AZ-VA1534site/machines/ce11038c-7034-4bc0-877f-029f2cf86189","ce11038c-7034-4bc0-877f-029f2cf86189","False","False","False","Cluster","1048576","ce11038c-7034-4bc0-877f-029f2cf86189","Microsoft.Azure.PowerShell.Cmdlets.Migrate.Models.Api202001.IHyperVNetworkAdapter[]","23","2","Windows Server 2016 Standard","windowsguest","10.0.14393","Running","Microsoft.OffAzure/HyperVSites/machines","2025-02-18T13:50:50.7007629Z","C:\ClusterStorage\Volume10\HICT2110\Virtual Machines\CE11038C-7034-4BC0-877F-029F2CF86189.VMCX","HICT2110.olcc.lan","9.0"
"2048",,,,,,,,,,"6C410CEC-D2D2-4D53-AE4B-AC00ED9E0D54","5419-3437-0698-8171-6151-5874-38","HICP1320_CLU.olcc.lan","/subscriptions/bc602065-8f71-487b-9fa1-e872b4ce9a79/resourceGroups/rg-dcstratmig-prd-004/providers/Microsoft.OffAzure/HyperVSites/HYPV-DAL-AZ-VA1534site/clusters/hicp1320-clu-olcc-lan-31e1b8b3-0964-4bf3-b3c6-23cd3b478dfd","2025-02-14T18:20:02.7140141Z","Microsoft.Azure.PowerShell.Cmdlets.Migrate.Models.Api202001.IHyperVDisk[]","OLJAVASOAPRD","Microsoft.Azure.PowerShell.Cmdlets.Migrate.Models.Api202001.IHealthErrorDetails[]","BIOS","1",,,,,"Yes","HICP1320J",,"/subscriptions/bc602065-8f71-487b-9fa1-e872b4ce9a79/resourceGroups/rg-dcstratmig-prd-004/providers/Microsoft.OffAzure/HyperVSites/HYPV-DAL-AZ-VA1534site/machines/03b22d3e-1dc2-45be-a415-efba19553d43","03b22d3e-1dc2-45be-a415-efba19553d43","False","False","True","Cluster","65536","03b22d3e-1dc2-45be-a415-efba19553d43","Microsoft.Azure.PowerShell.Cmdlets.Migrate.Models.Api202001.IHyperVNetworkAdapter[]","-1","1",,"otherguestfamily",,"PowerOff","Microsoft.OffAzure/HyperVSites/machines","2025-02-18T13:51:56.3387905Z","C:\ClusterStorage\volume9\atlanta_replication\Hyper-V Replica\Virtual Machines\03B22D3E-1DC2-45BE-A415-EFBA19553D43.VMCX","","9.0"
"4096",,,,,,,,,,"1F4D9584-299F-44BF-9FC0-805752C1A8D2","6828-1803-0675-6753-9880-1191-11","HICP1320_CLU.olcc.lan","/subscriptions/bc602065-8f71-487b-9fa1-e872b4ce9a79/resourceGroups/rg-dcstratmig-prd-004/providers/Microsoft.OffAzure/HyperVSites/HYPV-DAL-AZ-VA1534site/clusters/hicp1320-clu-olcc-lan-31e1b8b3-0964-4bf3-b3c6-23cd3b478dfd","2025-02-14T18:20:02.9640209Z","Microsoft.Azure.PowerShell.Cmdlets.Migrate.Models.Api202001.IHyperVDisk[]","HICQ2016","Microsoft.Azure.PowerShell.Cmdlets.Migrate.Models.Api202001.IHealthErrorDetails[]","UEFI","2","2/18/2025 1:51:21 PM","Microsoft Windows Server 2019 Standard","Windows","10.0.17763","Yes","HICP1320J",,"/subscriptions/bc602065-8f71-487b-9fa1-e872b4ce9a79/resourceGroups/rg-dcstratmig-prd-004/providers/Microsoft.OffAzure/HyperVSites/HYPV-DAL-AZ-VA1534site/machines/b4763f6d-da0e-4f13-84f3-04729ed43e84","b4763f6d-da0e-4f13-84f3-04729ed43e84","False","False","False","Cluster","1048576","b4763f6d-da0e-4f13-84f3-04729ed43e84","Microsoft.Azure.PowerShell.Cmdlets.Migrate.Models.Api202001.IHyperVNetworkAdapter[]","23","2","Windows Server 2019 Standard","windowsguest","10.0.17763","Running","Microsoft.OffAzure/HyperVSites/machines","2025-02-18T13:51:21.5418727Z","C:\ClusterStorage\Volume8\HICQ2016\Virtual Machines\B4763F6D-DA0E-4F13-84F3-04729ED43E84.VMCX","HICQ2016.olcc.lan","9.0"
"4096",,,,,,,,,,"C75743CC-2691-4382-961E-932346C7ED3A","6000-1027-7925-0766-8028-6733-74","HICP1320_CLU.olcc.lan","/subscriptions/bc602065-8f71-487b-9fa1-e872b4ce9a79/resourceGroups/rg-dcstratmig-prd-004/providers/Microsoft.OffAzure/HyperVSites/HYPV-DAL-AZ-VA1534site/clusters/hicp1320-clu-olcc-lan-31e1b8b3-0964-4bf3-b3c6-23cd3b478dfd","2025-02-14T18:20:03.2144263Z","Microsoft.Azure.PowerShell.Cmdlets.Migrate.Models.Api202001.IHyperVDisk[]","NP01-APP01-SVC","Microsoft.Azure.PowerShell.Cmdlets.Migrate.Models.Api202001.IHealthErrorDetails[]","BIOS","1","2/19/2025 1:49:46 PM","Microsoft Windows Server 2019 Standard","Windows","10.0.17763","Yes","HICP1320K",,"/subscriptions/bc602065-8f71-487b-9fa1-e872b4ce9a79/resourceGroups/rg-dcstratmig-prd-004/providers/Microsoft.OffAzure/HyperVSites/HYPV-DAL-AZ-VA1534site/machines/d6e4dd07-c0b6-4c18-b1bc-b84b78fa6535","d6e4dd07-c0b6-4c18-b1bc-b84b78fa6535","False","False","False","Cluster","65536","d6e4dd07-c0b6-4c18-b1bc-b84b78fa6535","Microsoft.Azure.PowerShell.Cmdlets.Migrate.Models.Api202001.IHyperVNetworkAdapter[]","57","2","Windows Server 2019 Standard","windowsguest","10.0.17763","Running","Microsoft.OffAzure/HyperVSites/machines","2025-02-19T13:50:22.2726445Z","C:\ClusterStorage\Volume6\NP01-APP01-SVC\Virtual Machines\D6E4DD07-C0B6-4C18-B1BC-B84B78FA6535.VMCX","NP01-APP01-SVC.olcc.lan","9.0"
"4096",,,,,,,,,,"DED4E667-1D6C-4914-B34C-5B7A30323148","0072-3753-4813-5869-5512-6498-06","HICP1320_CLU.olcc.lan","/subscriptions/bc602065-8f71-487b-9fa1-e872b4ce9a79/resourceGroups/rg-dcstratmig-prd-004/providers/Microsoft.OffAzure/HyperVSites/HYPV-DAL-AZ-VA1534site/clusters/hicp1320-clu-olcc-lan-31e1b8b3-0964-4bf3-b3c6-23cd3b478dfd","2025-02-14T18:20:03.4640212Z","Microsoft.Azure.PowerShell.Cmdlets.Migrate.Models.Api202001.IHyperVDisk[]","HICD8517","Microsoft.Azure.PowerShell.Cmdlets.Migrate.Models.Api202001.IHealthErrorDetails[]","UEFI","2","2/18/2025 1:50:48 PM","Microsoft Windows Server 2019 Standard","Windows","10.0.17763","Yes","HICP1320B",,"/subscriptions/bc602065-8f71-487b-9fa1-e872b4ce9a79/resourceGroups/rg-dcstratmig-prd-004/providers/Microsoft.OffAzure/HyperVSites/HYPV-DAL-AZ-VA1534site/machines/c1d9e284-200b-40fa-be3f-817360b6092b","c1d9e284-200b-40fa-be3f-817360b6092b","False","False","False","Cluster","1048576","c1d9e284-200b-40fa-be3f-817360b6092b","Microsoft.Azure.PowerShell.Cmdlets.Migrate.Models.Api202001.IHyperVNetworkAdapter[]","21","2","Windows Server 2019 Standard","windowsguest","10.0.17763","Running","Microsoft.OffAzure/HyperVSites/machines","2025-02-18T13:51:51.0418947Z","C:\ClusterStorage\Volume5\HICD8517\Virtual Machines\C1D9E284-200B-40FA-BE3F-817360B6092B.VMCX","HICD8517.olcc.lan","9.0"
"6144",,,,,,,,,,"99E8A65B-DAFB-4D5C-9269-8B180071A77B","2102-4724-1941-3988-3673-3440-97","HICP1320_CLU.olcc.lan","/subscriptions/bc602065-8f71-487b-9fa1-e872b4ce9a79/resourceGroups/rg-dcstratmig-prd-004/providers/Microsoft.OffAzure/HyperVSites/HYPV-DAL-AZ-VA1534site/clusters/hicp1320-clu-olcc-lan-31e1b8b3-0964-4bf3-b3c6-23cd3b478dfd","2025-02-14T18:20:03.7296454Z","Microsoft.Azure.PowerShell.Cmdlets.Migrate.Models.Api202001.IHyperVDisk[]","HICD7152","Microsoft.Azure.PowerShell.Cmdlets.Migrate.Models.Api202001.IHealthErrorDetails[]","UEFI","2","2/18/2025 1:51:01 PM","Microsoft Windows Server 2019 Standard","Windows","10.0.17763","Yes","HICP1320K",,"/subscriptions/bc602065-8f71-487b-9fa1-e872b4ce9a79/resourceGroups/rg-dcstratmig-prd-004/providers/Microsoft.OffAzure/HyperVSites/HYPV-DAL-AZ-VA1534site/machines/93950de1-d898-445e-acde-a3303cdd0b87","93950de1-d898-445e-acde-a3303cdd0b87","False","False","False","Cluster","1048576","93950de1-d898-445e-acde-a3303cdd0b87","Microsoft.Azure.PowerShell.Cmdlets.Migrate.Models.Api202001.IHyperVNetworkAdapter[]","21","2","Windows Server 2019 Standard","windowsguest","10.0.17763","Running","Microsoft.OffAzure/HyperVSites/machines","2025-02-18T13:51:01.7956301Z","C:\ClusterStorage\Volume10\HICD7152\Virtual Machines\93950DE1-D898-445E-ACDE-A3303CDD0B87.VMCX","HICD7152.olcc.lan","9.0"
"8192",,,,,,,,,,"D08C2976-79EE-42F8-A74A-754069CB181D","6341-8764-4698-1468-4011-1918-66","HICP1320_CLU.olcc.lan","/subscriptions/bc602065-8f71-487b-9fa1-e872b4ce9a79/resourceGroups/rg-dcstratmig-prd-004/providers/Microsoft.OffAzure/HyperVSites/HYPV-DAL-AZ-VA1534site/clusters/hicp1320-clu-olcc-lan-31e1b8b3-0964-4bf3-b3c6-23cd3b478dfd","2025-02-14T18:20:03.9796387Z","Microsoft.Azure.PowerShell.Cmdlets.Migrate.Models.Api202001.IHyperVDisk[]","FLOLVINTWEB2","Microsoft.Azure.PowerShell.Cmdlets.Migrate.Models.Api202001.IHealthErrorDetails[]","BIOS","1",,,,,"Yes","HICP1320G",,"/subscriptions/bc602065-8f71-487b-9fa1-e872b4ce9a79/resourceGroups/rg-dcstratmig-prd-004/providers/Microsoft.OffAzure/HyperVSites/HYPV-DAL-AZ-VA1534site/machines/5e085d6c-8e03-4378-af31-a58075b138d3","5e085d6c-8e03-4378-af31-a58075b138d3","False","False","True","Cluster","65536","5e085d6c-8e03-4378-af31-a58075b138d3","Microsoft.Azure.PowerShell.Cmdlets.Migrate.Models.Api202001.IHyperVNetworkAdapter[]","-1","2",,"otherguestfamily",,"PowerOff","Microsoft.OffAzure/HyperVSites/machines","2025-02-18T13:51:38.4637593Z","C:\ClusterStorage\volume9\atlanta_replication\Hyper-V Replica\Virtual Machines\5E085D6C-8E03-4378-AF31-A58075B138D3.VMCX","","9.0"
"4096",,,,,,,,,,"C4C4A02D-36D8-4AB9-8A9E-8A0456921B27","7794-0985-2546-1796-5135-8547-91","HICP1320_CLU.olcc.lan","/subscriptions/bc602065-8f71-487b-9fa1-e872b4ce9a79/resourceGroups/rg-dcstratmig-prd-004/providers/Microsoft.OffAzure/HyperVSites/HYPV-DAL-AZ-VA1534site/clusters/hicp1320-clu-olcc-lan-31e1b8b3-0964-4bf3-b3c6-23cd3b478dfd","2025-02-14T18:20:04.2296776Z","Microsoft.Azure.PowerShell.Cmdlets.Migrate.Models.Api202001.IHyperVDisk[]","NP01-APP01-MVP","Microsoft.Azure.PowerShell.Cmdlets.Migrate.Models.Api202001.IHealthErrorDetails[]","BIOS","1","2/19/2025 1:49:49 PM","Microsoft Windows Server 2019 Standard","Windows","10.0.17763","Yes","HICP1320B",,"/subscriptions/bc602065-8f71-487b-9fa1-e872b4ce9a79/resourceGroups/rg-dcstratmig-prd-004/providers/Microsoft.OffAzure/HyperVSites/HYPV-DAL-AZ-VA1534site/machines/f39395d2-981a-48a1-9b34-b2daa68feca9","f39395d2-981a-48a1-9b34-b2daa68feca9","False","False","False","Cluster","65536","f39395d2-981a-48a1-9b34-b2daa68feca9","Microsoft.Azure.PowerShell.Cmdlets.Migrate.Models.Api202001.IHyperVNetworkAdapter[]","69","2","Windows Server 2019 Standard","windowsguest","10.0.17763","Running","Microsoft.OffAzure/HyperVSites/machines","2025-02-19T13:49:49.0771825Z","C:\ClusterStorage\Volume5\NP01-APP01-MVP\Virtual Machines\F39395D2-981A-48A1-9B34-B2DAA68FECA9.VMCX","NP01-APP01-MVP.olcc.lan","9.0"
"4096",,,,,,,,,,"14032E70-27F7-409C-8898-4CDB47170CA4","5920-9931-5960-0650-0401-8388-68","HICP1320_CLU.olcc.lan","/subscriptions/bc602065-8f71-487b-9fa1-e872b4ce9a79/resourceGroups/rg-dcstratmig-prd-004/providers/Microsoft.OffAzure/HyperVSites/HYPV-DAL-AZ-VA1534site/clusters/hicp1320-clu-olcc-lan-31e1b8b3-0964-4bf3-b3c6-23cd3b478dfd","2025-02-14T18:20:04.4952307Z","Microsoft.Azure.PowerShell.Cmdlets.Migrate.Models.Api202001.IHyperVDisk[]","HICD2902","Microsoft.Azure.PowerShell.Cmdlets.Migrate.Models.Api202001.IHealthErrorDetails[]","BIOS","1","2/18/2025 1:50:35 PM","Microsoft Windows Server 2019 Standard","Windows","10.0.17763","Yes","HICP1320J",,"/subscriptions/bc602065-8f71-487b-9fa1-e872b4ce9a79/resourceGroups/rg-dcstratmig-prd-004/providers/Microsoft.OffAzure/HyperVSites/HYPV-DAL-AZ-VA1534site/machines/2ef5580e-4016-4669-af71-79890f2f04e3","2ef5580e-4016-4669-af71-79890f2f04e3","False","False","False","Cluster","65536","2ef5580e-4016-4669-af71-79890f2f04e3","Microsoft.Azure.PowerShell.Cmdlets.Migrate.Models.Api202001.IHyperVNetworkAdapter[]","27","1",,"otherguestfamily",,"PowerOff","Microsoft.OffAzure/HyperVSites/machines","2025-02-19T15:19:07.9637730Z","C:\ClusterStorage\Volume8\HICD2902\Virtual Machines\2EF5580E-4016-4669-AF71-79890F2F04E3.VMCX","","9.0"
"8192",,,,,,,,,,"2FAD4A53-E0E0-492E-88E3-E0F9E1C02F6E","2840-6144-3383-3081-5617-9828-61","HICP1320_CLU.olcc.lan","/subscriptions/bc602065-8f71-487b-9fa1-e872b4ce9a79/resourceGroups/rg-dcstratmig-prd-004/providers/Microsoft.OffAzure/HyperVSites/HYPV-DAL-AZ-VA1534site/clusters/hicp1320-clu-olcc-lan-31e1b8b3-0964-4bf3-b3c6-23cd3b478dfd","2025-02-14T18:20:04.7296474Z","Microsoft.Azure.PowerShell.Cmdlets.Migrate.Models.Api202001.IHyperVDisk[]","DC01-IIS01-UTIL","Microsoft.Azure.PowerShell.Cmdlets.Migrate.Models.Api202001.IHealthErrorDetails[]","BIOS","1",,,,,"Yes","HICP1320K",,"/subscriptions/bc602065-8f71-487b-9fa1-e872b4ce9a79/resourceGroups/rg-dcstratmig-prd-004/providers/Microsoft.OffAzure/HyperVSites/HYPV-DAL-AZ-VA1534site/machines/383d3e84-096b-45bd-852a-058cfdee66fb","383d3e84-096b-45bd-852a-058cfdee66fb","False","False","True","Cluster","65536","383d3e84-096b-45bd-852a-058cfdee66fb","Microsoft.Azure.PowerShell.Cmdlets.Migrate.Models.Api202001.IHyperVNetworkAdapter[]","-1","4",,"otherguestfamily",,"PowerOff","Microsoft.OffAzure/HyperVSites/machines","2025-02-18T13:51:51.2919153Z","C:\ClusterStorage\volume9\atlanta_replication\Hyper-V Replica\Virtual Machines\383D3E84-096B-45BD-852A-058CFDEE66FB.VMCX","","9.0"
"16384",,,,,,,,,,"64161FC5-4B5C-4058-A277-3BC140B3E602","3740-3623-1353-3369-9283-5019-16","HICP1320_CLU.olcc.lan","/subscriptions/bc602065-8f71-487b-9fa1-e872b4ce9a79/resourceGroups/rg-dcstratmig-prd-004/providers/Microsoft.OffAzure/HyperVSites/HYPV-DAL-AZ-VA1534site/clusters/hicp1320-clu-olcc-lan-31e1b8b3-0964-4bf3-b3c6-23cd3b478dfd","2025-02-14T18:20:04.9796433Z","Microsoft.Azure.PowerShell.Cmdlets.Migrate.Models.Api202001.IHyperVDisk[]","DAL-HYPV-AZMIGVA","Microsoft.Azure.PowerShell.Cmdlets.Migrate.Models.Api202001.IHealthErrorDetails[]","BIOS","1",,,,,"Yes","HICP1320B",,"/subscriptions/bc602065-8f71-487b-9fa1-e872b4ce9a79/resourceGroups/rg-dcstratmig-prd-004/providers/Microsoft.OffAzure/HyperVSites/HYPV-DAL-AZ-VA1534site/machines/85f032c0-7348-42e0-a246-3343a60914a5","85f032c0-7348-42e0-a246-3343a60914a5","False","True","True","Cluster","16384","85f032c0-7348-42e0-a246-3343a60914a5","Microsoft.Azure.PowerShell.Cmdlets.Migrate.Models.Api202001.IHyperVNetworkAdapter[]","-1","8",,"otherguestfamily",,"PowerOff","Microsoft.OffAzure/HyperVSites/machines","2025-02-18T13:51:31.8856331Z","C:\ClusterStorage\Volume5\HypVAzureMigVA\Virtual Machines\85F032C0-7348-42E0-A246-3343A60914A5.xml","","5.0"
"4096",,,,,,,,,,"60359FA1-DC53-4B2D-8C69-9377EB932751","7750-8861-3053-0760-8041-4178-67","HICP1320_CLU.olcc.lan","/subscriptions/bc602065-8f71-487b-9fa1-e872b4ce9a79/resourceGroups/rg-dcstratmig-prd-004/providers/Microsoft.OffAzure/HyperVSites/HYPV-DAL-AZ-VA1534site/clusters/hicp1320-clu-olcc-lan-31e1b8b3-0964-4bf3-b3c6-23cd3b478dfd","2025-02-14T18:20:05.2459020Z","Microsoft.Azure.PowerShell.Cmdlets.Migrate.Models.Api202001.IHyperVDisk[]","HICQ8526A","Microsoft.Azure.PowerShell.Cmdlets.Migrate.Models.Api202001.IHealthErrorDetails[]","UEFI","2","2/15/2025 6:11:53 PM","Microsoft Windows Server 2019 Standard","Windows","10.0.17763","Yes","HICP1320J",,"/subscriptions/bc602065-8f71-487b-9fa1-e872b4ce9a79/resourceGroups/rg-dcstratmig-prd-004/providers/Microsoft.OffAzure/HyperVSites/HYPV-DAL-AZ-VA1534site/machines/4f8926d8-f490-4d53-b583-ad5ac2c37cd2","4f8926d8-f490-4d53-b583-ad5ac2c37cd2","False","False","False","Cluster","1048576","4f8926d8-f490-4d53-b583-ad5ac2c37cd2","Microsoft.Azure.PowerShell.Cmdlets.Migrate.Models.Api202001.IHyperVNetworkAdapter[]","108","2","Windows Server 2019 Standard","windowsguest","10.0.17763","Running","Microsoft.OffAzure/HyperVSites/machines","2025-02-18T13:51:58.6512807Z","C:\ClusterStorage\Volume8\HICQ8526A\Virtual Machines\4F8926D8-F490-4D53-B583-AD5AC2C37CD2.VMCX","HICQ8526A.olcc.lan","9.0"
"1024",,,,,,,,,,"FA362195-187C-45A5-88AB-5019DA2A49CC","7512-5616-6936-9686-3359-9485-98","HICP1320_CLU.olcc.lan","/subscriptions/bc602065-8f71-487b-9fa1-e872b4ce9a79/resourceGroups/rg-dcstratmig-prd-004/providers/Microsoft.OffAzure/HyperVSites/HYPV-DAL-AZ-VA1534site/clusters/hicp1320-clu-olcc-lan-31e1b8b3-0964-4bf3-b3c6-23cd3b478dfd","2025-02-18T21:51:07.0015402Z","Microsoft.Azure.PowerShell.Cmdlets.Migrate.Models.Api202001.IHyperVDisk[]","Dev Test Deploy","Microsoft.Azure.PowerShell.Cmdlets.Migrate.Models.Api202001.IHealthErrorDetails[]","UEFI","2",,,,,"Yes","HICP1320A",,"/subscriptions/bc602065-8f71-487b-9fa1-e872b4ce9a79/resourceGroups/rg-dcstratmig-prd-004/providers/Microsoft.OffAzure/HyperVSites/HYPV-DAL-AZ-VA1534site/machines/c31ac51b-51e0-4d15-89ca-8f4279bb5e1c","c31ac51b-51e0-4d15-89ca-8f4279bb5e1c","False","False","True","Cluster","1048576","c31ac51b-51e0-4d15-89ca-8f4279bb5e1c","Microsoft.Azure.PowerShell.Cmdlets.Migrate.Models.Api202001.IHyperVNetworkAdapter[]","-1","1",,"otherguestfamily",,"PowerOff","Microsoft.OffAzure/HyperVSites/machines","2025-02-19T13:50:10.7536088Z","C:\ClusterStorage\Volume9\Dev Test Deploy\Virtual Machines\C31AC51B-51E0-4D15-89CA-8F4279BB5E1C.VMCX","","9.0"
"1024",,,,,,,,,,"0A626B62-FF91-42A0-9E2E-757B0347E7C4","2313-9248-2917-7078-3232-4594-12","HICP1320_CLU.olcc.lan","/subscriptions/bc602065-8f71-487b-9fa1-e872b4ce9a79/resourceGroups/rg-dcstratmig-prd-004/providers/Microsoft.OffAzure/HyperVSites/HYPV-DAL-AZ-VA1534site/clusters/hicp1320-clu-olcc-lan-31e1b8b3-0964-4bf3-b3c6-23cd3b478dfd","2025-02-18T21:51:08.0015330Z","Microsoft.Azure.PowerShell.Cmdlets.Migrate.Models.Api202001.IHyperVDisk[]","test","Microsoft.Azure.PowerShell.Cmdlets.Migrate.Models.Api202001.IHealthErrorDetails[]","UEFI","2",,,,,"Yes","HICP1320G",,"/subscriptions/bc602065-8f71-487b-9fa1-e872b4ce9a79/resourceGroups/rg-dcstratmig-prd-004/providers/Microsoft.OffAzure/HyperVSites/HYPV-DAL-AZ-VA1534site/machines/541ebaba-9329-4664-aa42-d64cba47dffa","541ebaba-9329-4664-aa42-d64cba47dffa","False","False","True","Cluster","1048576","541ebaba-9329-4664-aa42-d64cba47dffa","Microsoft.Azure.PowerShell.Cmdlets.Migrate.Models.Api202001.IHyperVNetworkAdapter[]","-1","1",,"otherguestfamily",,"PowerOff","Microsoft.OffAzure/HyperVSites/machines","2025-02-19T13:50:18.2692542Z","C:\ClusterStorage\Volume8\test\Virtual Machines\541EBABA-9329-4664-AA42-D64CBA47DFFA.VMCX","","9.0"
"4096",,,,,,,,,,"E2244C99-131D-4B6D-A435-2655E39D8584","7515-8741-7468-1686-4720-7385-08","HICP1320_CLU.olcc.lan","/subscriptions/bc602065-8f71-487b-9fa1-e872b4ce9a79/resourceGroups/rg-dcstratmig-prd-004/providers/Microsoft.OffAzure/HyperVSites/HYPV-DAL-AZ-VA1534site/clusters/hicp1320-clu-olcc-lan-31e1b8b3-0964-4bf3-b3c6-23cd3b478dfd","2025-02-19T17:20:41.9872162Z","Microsoft.Azure.PowerShell.Cmdlets.Migrate.Models.Api202001.IHyperVDisk[]","HICD2224C","Microsoft.Azure.PowerShell.Cmdlets.Migrate.Models.Api202001.IHealthErrorDetails[]","UEFI","2",,,,,"Yes","HICP1320K",,"/subscriptions/bc602065-8f71-487b-9fa1-e872b4ce9a79/resourceGroups/rg-dcstratmig-prd-004/providers/Microsoft.OffAzure/HyperVSites/HYPV-DAL-AZ-VA1534site/machines/d2621d73-25fb-4312-ade5-941f6155caf8","d2621d73-25fb-4312-ade5-941f6155caf8","False","False","True","Cluster","1048576","d2621d73-25fb-4312-ade5-941f6155caf8","Microsoft.Azure.PowerShell.Cmdlets.Migrate.Models.Api202001.IHyperVNetworkAdapter[]","-1","2","Windows Server 2022 Standard","windowsguest","10.0.20348","Running","Microsoft.OffAzure/HyperVSites/machines","2025-02-19T18:49:50.8199759Z","C:\ClusterStorage\Volume8\HICD2224C\Virtual Machines\D2621D73-25FB-4312-ADE5-941F6155CAF8.VMCX","HICD2224C.olcc.lan","9.0"
"4096",,,,,,,,,,"1876EFBE-66A9-4143-A6CA-7865D0A2501B","5637-0649-2895-1072-4592-0305-71","HICP1320_CLU.olcc.lan","/subscriptions/bc602065-8f71-487b-9fa1-e872b4ce9a79/resourceGroups/rg-dcstratmig-prd-004/providers/Microsoft.OffAzure/HyperVSites/HYPV-DAL-AZ-VA1534site/clusters/hicp1320-clu-olcc-lan-31e1b8b3-0964-4bf3-b3c6-23cd3b478dfd","2025-02-19T18:19:22.5918318Z","Microsoft.Azure.PowerShell.Cmdlets.Migrate.Models.Api202001.IHyperVDisk[]","HICQ2224C","Microsoft.Azure.PowerShell.Cmdlets.Migrate.Models.Api202001.IHealthErrorDetails[]","UEFI","2",,,,,"Yes","HICP1320A",,"/subscriptions/bc602065-8f71-487b-9fa1-e872b4ce9a79/resourceGroups/rg-dcstratmig-prd-004/providers/Microsoft.OffAzure/HyperVSites/HYPV-DAL-AZ-VA1534site/machines/495b6d23-d8c6-4442-b8a0-46a24f16ccec","495b6d23-d8c6-4442-b8a0-46a24f16ccec","False","False","True","Cluster","1048576","495b6d23-d8c6-4442-b8a0-46a24f16ccec","Microsoft.Azure.PowerShell.Cmdlets.Migrate.Models.Api202001.IHyperVNetworkAdapter[]","-1","2","Windows Server 2022 Standard","windowsguest","10.0.20348","Running","Microsoft.OffAzure/HyperVSites/machines","2025-02-19T19:49:15.8519835Z","C:\ClusterStorage\Volume5\HICQ2224C\HICQ2224C\Virtual Machines\495B6D23-D8C6-4442-B8A0-46A24F16CCEC.VMCX","HICQ2224C.olcc.lan","9.0"
"4096",,,,,,,,,,"EE78A969-4434-4916-BC9F-FB5AEF7FEAAA","8365-3593-4459-0408-8556-1922-37","HICP1320_CLU.olcc.lan","/subscriptions/bc602065-8f71-487b-9fa1-e872b4ce9a79/resourceGroups/rg-dcstratmig-prd-004/providers/Microsoft.OffAzure/HyperVSites/HYPV-DAL-AZ-VA1534site/clusters/hicp1320-clu-olcc-lan-31e1b8b3-0964-4bf3-b3c6-23cd3b478dfd","2025-02-19T21:19:44.5897904Z","Microsoft.Azure.PowerShell.Cmdlets.Migrate.Models.Api202001.IHyperVDisk[]","DAL_WSSRV2022_Template","Microsoft.Azure.PowerShell.Cmdlets.Migrate.Models.Api202001.IHealthErrorDetails[]","UEFI","2",,,,,"Yes","HICP1320B",,"/subscriptions/bc602065-8f71-487b-9fa1-e872b4ce9a79/resourceGroups/rg-dcstratmig-prd-004/providers/Microsoft.OffAzure/HyperVSites/HYPV-DAL-AZ-VA1534site/machines/eaf0b773-fb6b-41b9-b5a4-a9fbc42f2449","eaf0b773-fb6b-41b9-b5a4-a9fbc42f2449","False","False","True","Cluster","1048576","eaf0b773-fb6b-41b9-b5a4-a9fbc42f2449","Microsoft.Azure.PowerShell.Cmdlets.Migrate.Models.Api202001.IHyperVNetworkAdapter[]","-1","2",,"otherguestfamily",,"PowerOff","Microsoft.OffAzure/HyperVSites/machines","2025-02-19T21:49:55.9400691Z","C:\ClusterStorage\Volume8\DAL_WSSRV2022_Template\DAL_WSSRV2022_Template\Virtual Machines\EAF0B773-FB6B-41B9-B5A4-A9FBC42F2449.VMCX","","9.0"
